店铺id,评分,评论数量,人均消费,归属商圈,菜系类型,county,距离描述
133533015,1.0,21,274,亚运村/奥体中心地区,江浙菜,朝阳区,距市中心11.9km
130380412,1.0,4,126,,烧烤,朝阳区,距市中心13.4km
13030556,1.0,4,52,平谷城区,快餐简餐,平谷区,
78813743,1.0,3,104,公主坟/五棵松/石景山游乐园地区,咖啡店,石景山区,距市中心14.5km
122741708,1.0,3,120,永定门/南站/大红门/南苑地区,鲁菜,丰台区,距市中心6.9km
130854172,1.0,2,0,公主坟/五棵松/石景山游乐园地区,小吃,海淀区,距市中心11.1km
79422665,1.0,2,79,前门/天坛公园/崇文门,川菜,东城区,距市中心1.3km
24562246,1.0,2,123,,火锅,东城区,距市中心1.3km
132791104,1.0,2,37,大兴北京新机场地区,面包甜点,大兴区,距市中心15km
8638406,1.0,2,41,上地产业园/西三旗,咖啡店,海淀区,距市中心18.8km
120801370,1.0,2,0,香山/八大处风景区,,海淀区,距市中心20km
25045503,1.0,2,0,永定门/南站/大红门/南苑地区,,丰台区,距市中心3.7km
143365359,1.0,2,0,三里屯/工体/东直门地区,小吃,东城区,距市中心4.2km
127749186,1.0,2,113,西直门/北京展览馆地区,火锅,西城区,距市中心6.7km
130015856,1.0,2,101,北京西站/丽泽商务区,粤菜,丰台区,距市中心7.5km
120330860,1.0,2,126,平谷城区,北京菜,平谷区,
12495011,1.0,2,67,,北京菜,延庆区,
17515263,1.0,2,56,,快餐简餐,密云区,
7022239,1.0,1,16,中关村/五道口,快餐简餐,海淀区,距市中心11.5km
22519980,1.0,1,48,,小吃,大兴区,距市中心12.9km
78690396,1.0,1,103,总部基地/丰台体育中心/南宫地区,,丰台区,距市中心13.6km
22521968,1.0,1,0,,,东城区,距市中心1.3km
130983886,1.0,1,57,前门/天坛公园/崇文门,快餐简餐,西城区,距市中心1.3km
21403543,1.0,1,46,大兴北京新机场地区,东北菜,大兴区,距市中心14.9km
8592791,1.0,1,122,大兴北京新机场地区,烧烤,大兴区,距市中心14km
4967298,1.0,1,41,大兴北京新机场地区,湘菜,丰台区,距市中心16.1km
129603605,1.0,1,47,亦庄地区,小吃,通州区,距市中心17.6km
134207797,1.0,1,82,公主坟/五棵松/石景山游乐园地区,川菜,石景山区,距市中心18.1km
21538745,1.0,1,70,,火锅,通州区,距市中心18.3km
120829482,1.0,1,136,回龙观/天通苑地区,火锅,昌平区,距市中心18.5km
4982872,1.0,1,66,回龙观/天通苑地区,烧烤,昌平区,距市中心18.6km
8595466,1.0,1,39,大兴北京新机场地区,小吃,大兴区,距市中心18.6km
15460236,1.0,1,70,亦庄地区,火锅,通州区,距市中心18.8km
17590179,1.0,1,55,前门/天坛公园/崇文门,快餐简餐,西城区,距市中心1.8km
8589558,1.0,1,97,大兴北京新机场地区,,大兴区,距市中心19.1km
16542414,1.0,1,82,公主坟/五棵松/石景山游乐园地区,火锅,石景山区,距市中心19.3km
120807552,1.0,1,86,环球影城度假区及周边,川菜,通州区,距市中心20.1km
118678648,1.0,1,142,大兴北京新机场地区,日本料理,大兴区,距市中心20km
15669031,1.0,1,12,香山/八大处风景区,小吃,石景山区,距市中心21.1km
136347283,1.0,1,0,通州运河商务区,,通州区,距市中心21.3km
129612953,1.0,1,40,,小吃,房山区,距市中心22.6km
7026294,1.0,1,34,天安门/王府井地区,小吃,东城区,距市中心2.2km
120819059,1.0,1,138,首都机场/新国展地区,粤菜,顺义区,距市中心23.1km
8623112,1.0,1,106,首都机场/新国展地区,火锅,顺义区,距市中心24.3km
20348034,1.0,1,90,,川菜,门头沟区,距市中心25.3km
21563782,1.0,1,101,门头沟/潭柘寺/妙峰山风景区,湘菜,门头沟区,距市中心27.1km
20370069,1.0,1,72,通州运河商务区,面包甜点,通州区,距市中心27.3km
15459149,1.0,1,15,通州运河商务区,快餐简餐,通州区,距市中心28km
21569422,1.0,1,98,,东北菜,昌平区,距市中心30.3km
22519930,1.0,1,110,,台湾菜,顺义区,距市中心32.5km
17610010,1.0,1,63,顺义温泉休闲区,其他,顺义区,距市中心36km
15986635,1.0,1,87,,烧烤,昌平区,距市中心36km
7037118,1.0,1,64,顺义温泉休闲区,北京菜,顺义区,距市中心37.3km
17609797,1.0,1,0,,,顺义区,距市中心37.7km
129607544,1.0,1,36,三里屯/工体/东直门地区,快餐简餐,东城区,距市中心3.7km
7028018,1.0,1,42,顺义温泉休闲区,小吃,顺义区,距市中心42.8km
122772770,1.0,1,89,后海/南锣鼓巷地区,川菜,西城区,距市中心4.4km
129607230,1.0,1,3,后海/南锣鼓巷地区,小吃,西城区,距市中心4.7km
120806582,1.0,1,23,永定门/南站/大红门/南苑地区,快餐简餐,丰台区,距市中心5.2km
4938304,1.0,1,91,北京西站/丽泽商务区,火锅,海淀区,距市中心6.7km
4937582,1.0,1,65,北京西站/丽泽商务区,湘菜,海淀区,距市中心7.2km
130232666,1.0,1,39,天安门/王府井地区,咖啡店,东城区,距市中心813m
17514992,1.0,1,0,延庆休闲度假区,北京菜,延庆区,
16571414,1.0,1,68,,快餐简餐,房山区,
16094578,1.0,1,14,,小吃,怀柔区,
15956836,1.0,1,33,平谷城区,小吃,平谷区,
311333,1.0,1,0,,北京菜,怀柔区,
7043165,1.0,1,0,,农家菜,延庆区,
129622778,1.0,1,91,怀柔风景区,北京菜,怀柔区,
18488183,1.0,1,148,怀柔风景区,北京菜,怀柔区,
24927265,1.0,1,0,,融合菜,怀柔区,
23521246,1.0,1,33,延庆休闲度假区,小吃,延庆区,
4971378,1.0,1,0,延庆休闲度假区,,延庆区,
120826724,1.0,1,74,延庆休闲度假区,火锅,延庆区,
78862813,1.0,1,96,延庆休闲度假区,川菜,延庆区,
132399634,1.0,1,107,延庆休闲度假区,农家菜,延庆区,
12503988,1.0,1,83,,农家菜,延庆区,
23537644,1.0,1,18,古北水镇,快餐简餐,密云区,
4956320,1.0,1,160,房山风景区,,房山区,
15923402,1.3,3,72,,北京菜,西城区,距市中心1.3km
16100022,1.5,2,101,亦庄地区,烧烤,大兴区,距市中心14.8km
4978576,1.9,9,76,永定门/南站/大红门/南苑地区,快餐简餐,丰台区,距市中心7.7km
131261182,2.0,18,172,三里屯/工体/东直门地区,酒吧/酒馆,朝阳区,距市中心5km
11128506,2.0,7,178,古北水镇,西餐,密云区,
120837073,2.0,4,116,亚运村/奥体中心地区,火锅,朝阳区,距市中心13.9km
6983919,2.0,3,118,天安门/王府井地区,北京菜,东城区,距市中心1.1km
120826379,2.0,3,16,前门/天坛公园/崇文门,面包甜点,东城区,距市中心1.1km
134005049,2.0,3,106,前门/天坛公园/崇文门,新疆菜,东城区,距市中心1.3km
120820135,2.0,3,102,北京站,徽菜,东城区,距市中心1.5km
134058681,2.0,3,96,天安门/王府井地区,粤菜,东城区,距市中心1.6km
8595657,2.0,3,59,,烧烤,房山区,
16565434,2.0,2,31,,小吃,大兴区,距市中心13km
134200241,2.0,2,100,回龙观/天通苑地区,韩国料理,昌平区,距市中心18.5km
79443934,2.0,2,114,首都机场/新国展地区,台湾菜,顺义区,距市中心23.8km
12212603,2.0,2,97,环球影城度假区及周边,北京菜,通州区,距市中心24.8km
16552269,2.0,2,50,大兴北京新机场地区,快餐简餐,大兴区,距市中心33.3km
7025210,2.0,2,0,环球影城度假区及周边,快餐简餐,通州区,距市中心33.3km
12213966,2.0,2,97,,快餐简餐,海淀区,距市中心8.6km
4952239,2.0,1,59,公主坟/五棵松/石景山游乐园地区,小吃,海淀区,距市中心10.1km
79440265,2.0,1,24,,韩国料理,海淀区,距市中心11.9km
15940796,2.0,1,109,公主坟/五棵松/石景山游乐园地区,西餐,海淀区,距市中心11km
18612502,2.0,1,19,总部基地/丰台体育中心/南宫地区,快餐简餐,丰台区,距市中心12.4km
130048988,2.0,1,138,亦庄地区,韩国料理,大兴区,距市中心13.6km
21584181,2.0,1,32,亦庄地区,小吃,大兴区,距市中心13km
93668251,2.0,1,119,亦庄地区,自助餐,大兴区,距市中心13km
4957226,2.0,1,85,,火锅,西城区,距市中心1.6km
15469300,2.0,1,51,,烧烤,大兴区,距市中心17.1km
133923353,2.0,1,28,公主坟/五棵松/石景山游乐园地区,快餐简餐,石景山区,距市中心18.5km
4968239,2.0,1,23,亦庄地区,快餐简餐,通州区,距市中心18.6km
129999819,2.0,1,18,通州运河商务区,小吃,通州区,距市中心21.3km
120833323,2.0,1,85,通州运河商务区,烧烤,通州区,距市中心21.3km
122755484,2.0,1,99,环球影城度假区及周边,火锅,通州区,距市中心23.5km
5559702,2.0,1,28,回龙观/天通苑地区,快餐简餐,昌平区,距市中心23.5km
130249964,2.0,1,60,环球影城度假区及周边,烧烤,通州区,距市中心24.5km
8300167,2.0,1,51,,火锅,房山区,距市中心30.8km
16578525,2.0,1,82,顺义温泉休闲区,火锅,顺义区,距市中心31.6km
15468670,2.0,1,71,房山风景区,,房山区,距市中心34.7km
8549335,2.0,1,35,门头沟/潭柘寺/妙峰山风景区,,门头沟区,距市中心35.7km
130980256,2.0,1,18,昌平城区/十三陵度假区,面包甜点,昌平区,距市中心37.1km
15473135,2.0,1,37,,,西城区,距市中心4.7km
4945600,2.0,1,42,,快餐简餐,西城区,距市中心4km
143361190,2.0,1,0,永定门/南站/大红门/南苑地区,火锅,丰台区,距市中心5.4km
120822384,2.0,1,82,永定门/南站/大红门/南苑地区,,丰台区,距市中心6.5km
120819101,2.0,1,25,劲松/潘家园地区,小吃,丰台区,距市中心7.2km
15889364,2.0,1,13,西直门/北京展览馆地区,快餐简餐,海淀区,距市中心7.4km
129618227,2.0,1,29,西直门/北京展览馆地区,快餐简餐,海淀区,距市中心7.7km
11600908,2.0,1,16,西直门/北京展览馆地区,快餐简餐,海淀区,距市中心7.9km
8631819,2.0,1,56,天安门/王府井地区,小吃,东城区,距市中心985m
4949738,2.0,1,95,,火锅,海淀区,距市中心9.9km
242927,2.0,1,69,怀柔风景区,北京菜,怀柔区,
5559790,2.0,1,53,,火锅,平谷区,
16549354,2.0,1,59,,北京菜,平谷区,
13122080,2.0,1,0,延庆休闲度假区,北京菜,延庆区,
7025358,2.0,1,20,延庆休闲度假区,小吃,延庆区,
11157881,2.0,1,39,,,延庆区,
311777,2.0,1,106,,北京菜,怀柔区,
13366626,2.3,3,25,,快餐简餐,房山区,距市中心43km
16998035,2.3,3,61,,北京菜,昌平区,
13331199,2.3,3,107,,,延庆区,
12466753,2.3,3,91,密云水库,,密云区,
330422,2.5,15,45,小汤山温泉度假区,粤菜,昌平区,距市中心24.1km
7036460,2.5,13,17,香山/八大处风景区,快餐简餐,海淀区,距市中心20.1km
79423048,2.5,13,109,西单/金融街地区,粤菜,西城区,距市中心3.2km
130968112,2.5,9,221,环球影城度假区及周边,西餐,通州区,距市中心23.6km
16563930,2.5,6,81,,川菜,丰台区,距市中心4.5km
16993636,2.5,5,39,,快餐简餐,昌平区,距市中心23.6km
133967038,2.5,4,0,劲松/潘家园地区,江西菜,丰台区,距市中心5.7km
136354664,2.5,3,0,天安门/王府井地区,北京菜,东城区,距市中心1.6km
21586885,2.5,3,76,昌平城区/十三陵度假区,北京菜,昌平区,距市中心36.1km
15541226,2.5,2,45,,小吃,大兴区,距市中心13.5km
22515834,2.5,2,93,大兴北京新机场地区,江浙菜,大兴区,距市中心16km
15880245,2.5,2,0,香山/八大处风景区,,石景山区,距市中心18.1km
22515159,2.5,2,182,回龙观/天通苑地区,,昌平区,距市中心23.5km
16100102,2.5,2,0,首都机场/新国展地区,面包甜点,顺义区,距市中心24.1km
17590349,2.5,2,34,前门/天坛公园/崇文门,小吃,西城区,距市中心2.7km
16574115,2.5,2,100,房山风景区,,房山区,距市中心29.1km
17001067,2.5,2,22,顺义温泉休闲区,面包甜点,顺义区,距市中心32.5km
22518242,2.5,2,13,顺义温泉休闲区,快餐简餐,顺义区,距市中心37km
22296251,2.5,2,113,西直门/北京展览馆地区,粤菜,西城区,距市中心5.2km
12876472,2.5,2,42,西直门/北京展览馆地区,小吃,西城区,距市中心5.4km
15643675,2.5,2,32,永定门/南站/大红门/南苑地区,快餐简餐,丰台区,距市中心5km
17512361,2.5,2,0,延庆休闲度假区,,延庆区,
12498274,2.5,2,58,延庆休闲度假区,湘菜,延庆区,
130979675,2.5,2,158,延庆休闲度假区,自助餐,延庆区,
7047576,2.6,5,80,房山风景区,,房山区,距市中心31.6km
15491744,2.7,33,46,,快餐简餐,西城区,距市中心6.9km
15475856,2.7,28,54,前门/天坛公园/崇文门,小吃,东城区,距市中心1km
18541202,2.7,6,131,后海/南锣鼓巷地区,火锅,西城区,距市中心3.8km
13423240,2.7,3,48,房山风景区,小吃,房山区,距市中心22.8km
12214038,2.7,3,74,通州运河商务区,川菜,通州区,距市中心23km
79422733,2.8,11,30,中关村/五道口,快餐简餐,海淀区,距市中心11.8km
15655595,2.8,6,19,大兴北京新机场地区,快餐简餐,大兴区,距市中心21.6km
6942853,2.8,6,28,昌平城区/十三陵度假区,川菜,昌平区,距市中心38.7km
11330217,2.9,17,59,回龙观/天通苑地区,东北菜,昌平区,距市中心19.3km
293944,2.9,16,182,,海鲜,丰台区,距市中心6.7km
334811,2.9,10,102,前门/天坛公园/崇文门,北京菜,东城区,距市中心1.8km
4977936,2.9,10,172,,烧烤,朝阳区,距市中心7.5km
22511047,3.0,20,217,三里屯/工体/东直门地区,火锅,朝阳区,距市中心5.2km
122791813,3.0,20,139,燕莎/朝阳公园商业区,粤菜,朝阳区,距市中心6.7km
110397037,3.0,10,244,通州运河商务区,自助餐,通州区,距市中心21.5km
120813207,3.0,10,92,首都机场/新国展地区,自助餐,顺义区,距市中心24.3km
22518991,3.0,10,43,西单/金融街地区,小吃,西城区,距市中心4km
319754,3.0,9,121,公主坟/五棵松/石景山游乐园地区,川菜,石景山区,距市中心17km
122730484,3.0,9,122,永定门/南站/大红门/南苑地区,火锅,丰台区,距市中心7.5km
7021885,3.0,9,41,中关村/五道口,小吃,海淀区,距市中心9.5km
120829418,3.0,8,133,望京/酒仙桥/798地区,火锅,朝阳区,距市中心10.4km
120830465,3.0,8,50,国贸地区,川菜,朝阳区,距市中心5km
127645900,3.0,7,145,望京/酒仙桥/798地区,日本料理,朝阳区,距市中心12.5km
8493211,3.0,7,60,,,昌平区,
79422951,3.0,6,170,前门/天坛公园/崇文门,川菜,东城区,距市中心1.1km
130807130,3.0,6,35,大兴北京新机场地区,面包甜点,大兴区,距市中心13.8km
130974900,3.0,6,94,中关村/五道口,火锅,海淀区,距市中心14.3km
265279,3.0,6,80,上地产业园/西三旗,烧烤,海淀区,距市中心16.5km
15927062,3.0,6,120,沙河大学城/上庄地区,烧烤,海淀区,距市中心27.6km
31663032,3.0,6,117,后海/南锣鼓巷地区,酒吧/酒馆,西城区,距市中心3.8km
22510961,3.0,6,60,国贸地区,海鲜,朝阳区,距市中心4.5km
133977499,3.0,6,125,公主坟/五棵松/石景山游乐园地区,火锅,海淀区,距市中心8.9km
130732866,3.0,5,112,大兴北京新机场地区,北京菜,大兴区,距市中心11.4km
25033525,3.0,5,226,望京/酒仙桥/798地区,北京菜,朝阳区,距市中心12.1km
4978287,3.0,5,35,公主坟/五棵松/石景山游乐园地区,西北菜,石景山区,距市中心18.3km
122734760,3.0,5,40,香山/八大处风景区,小吃,海淀区,距市中心19.3km
15591760,3.0,5,20,房山风景区,快餐简餐,房山区,距市中心29.1km
4983658,3.0,5,102,西单/金融街地区,北京菜,西城区,距市中心3.6km
73427639,3.0,5,77,后海/南锣鼓巷地区,火锅,东城区,距市中心3.8km
120832585,3.0,5,62,西单/金融街地区,日本料理,西城区,距市中心3km
314289,3.0,5,16,三里屯/工体/东直门地区,小吃,东城区,距市中心4.4km
130005105,3.0,5,161,劲松/潘家园地区,,丰台区,距市中心6.5km
78531225,3.0,5,48,马甸/安贞地区,面包甜点,西城区,距市中心6.5km
56405753,3.0,5,3689,燕莎/朝阳公园商业区,日本料理,朝阳区,距市中心7km
15921110,3.0,5,113,,烧烤,海淀区,距市中心8.3km
16564798,3.0,5,328,燕莎/朝阳公园商业区,日本料理,朝阳区,距市中心8km
4960690,3.0,4,109,,川菜,海淀区,距市中心11km
120806967,3.0,4,267,亦庄地区,江浙菜,大兴区,距市中心16.3km
17588393,3.0,4,140,回龙观/天通苑地区,云南菜,昌平区,距市中心17.3km
120835451,3.0,4,98,天安门/王府井地区,烧烤,东城区,距市中心2.2km
8593931,3.0,4,79,大兴北京新机场地区,北京菜,大兴区,距市中心25.3km
78025608,3.0,4,0,,快餐简餐,门头沟区,距市中心33.3km
25052258,3.0,4,158,西直门/北京展览馆地区,日本料理,西城区,距市中心4.5km
7046237,3.0,4,62,永定门/南站/大红门/南苑地区,小吃,丰台区,距市中心7.2km
15465985,3.0,4,68,北京西站/丽泽商务区,东北菜,海淀区,距市中心8.6km
120829219,3.0,3,106,北京西站/丽泽商务区,火锅,丰台区,距市中心10km
331746,3.0,3,202,西直门/北京展览馆地区,,海淀区,距市中心10km
122675235,3.0,3,29,总部基地/丰台体育中心/南宫地区,小吃,丰台区,距市中心12.9km
120831204,3.0,3,84,亦庄地区,烧烤,大兴区,距市中心13.3km
4989514,3.0,3,23,大兴北京新机场地区,小吃,大兴区,距市中心13.5km
12416916,3.0,3,38,亦庄地区,小吃,大兴区,距市中心16.5km
90680716,3.0,3,64,天安门/王府井地区,北京菜,东城区,距市中心1.6km
4957292,3.0,3,85,公主坟/五棵松/石景山游乐园地区,火锅,石景山区,距市中心18.1km
4984172,3.0,3,54,香山/八大处风景区,小吃,石景山区,距市中心19.1km
4956061,3.0,3,35,回龙观/天通苑地区,西北菜,昌平区,距市中心22km
133775259,3.0,3,88,环球影城度假区及周边,快餐简餐,通州区,距市中心24.3km
7031590,3.0,3,14,房山风景区,快餐简餐,房山区,距市中心26.6km
130768041,3.0,3,48,后海/南锣鼓巷地区,咖啡店,西城区,距市中心3.7km
22516745,3.0,3,132,西单/金融街地区,韩国料理,西城区,距市中心3km
90680662,3.0,3,54,三里屯/工体/东直门地区,小吃,东城区,距市中心4.4km
15651846,3.0,3,228,,北京菜,怀柔区,距市中心49.2km
22514987,3.0,3,51,,,丰台区,距市中心6.2km
20613113,3.0,3,79,,北京菜,丰台区,距市中心6.5km
136368053,3.0,3,0,西直门/北京展览馆地区,本帮菜,海淀区,距市中心6.7km
7024627,3.0,3,34,公主坟/五棵松/石景山游乐园地区,快餐简餐,海淀区,距市中心8.8km
4955691,3.0,3,22,,快餐简餐,丰台区,距市中心9km
15479085,3.0,3,131,怀柔风景区,北京菜,怀柔区,
5559426,3.0,3,43,,快餐简餐,平谷区,
4992158,3.0,3,60,延庆休闲度假区,自助餐,延庆区,
12495070,3.0,3,64,密云城区,湘菜,密云区,
296030,3.0,2,14,,快餐简餐,海淀区,距市中心10.9km
15494614,3.0,2,96,亚运村/奥体中心地区,湘菜,朝阳区,距市中心11.4km
120815831,3.0,2,49,中关村/五道口,川菜,海淀区,距市中心11.4km
131569085,3.0,2,37,天安门/王府井地区,快餐简餐,东城区,距市中心1.1km
15942236,3.0,2,25,天安门/王府井地区,快餐简餐,东城区,距市中心1.1km
18521631,3.0,2,132,天安门/王府井地区,日本料理,东城区,距市中心1.1km
4939278,3.0,2,14,,,海淀区,距市中心11km
4953388,3.0,2,36,,咖啡店,海淀区,距市中心12.3km
4937194,3.0,2,330,西直门/北京展览馆地区,粤菜,海淀区,距市中心12km
8529396,3.0,2,96,,北京菜,大兴区,距市中心13.6km
16093082,3.0,2,105,,韩国料理,朝阳区,距市中心13.8km
8585407,3.0,2,34,前门/天坛公园/崇文门,小吃,东城区,距市中心1.3km
4971222,3.0,2,43,前门/天坛公园/崇文门,东北菜,西城区,距市中心1.3km
15956768,3.0,2,121,大兴北京新机场地区,北京菜,大兴区,距市中心13km
129615368,3.0,2,23,中关村/五道口,快餐简餐,海淀区,距市中心14.3km
16564565,3.0,2,240,亦庄地区,自助餐,大兴区,距市中心14.9km
131277193,3.0,2,297,亦庄地区,粤菜,大兴区,距市中心15.3km
21136522,3.0,2,108,上地产业园/西三旗,西餐,海淀区,距市中心16.3km
16100907,3.0,2,85,大兴北京新机场地区,湘菜,大兴区,距市中心16.8km
245775,3.0,2,15,,快餐简餐,石景山区,距市中心17.5km
22510983,3.0,2,84,,烧烤,通州区,距市中心19.8km
18572248,3.0,2,269,大兴北京新机场地区,海鲜,大兴区,距市中心19km
17601349,3.0,2,31,回龙观/天通苑地区,快餐简餐,昌平区,距市中心20.1km
122759638,3.0,2,88,大兴北京新机场地区,火锅,大兴区,距市中心20.6km
136465478,3.0,2,0,环球影城度假区及周边,西餐,通州区,距市中心21.5km
17521257,3.0,2,80,首都机场/新国展地区,火锅,顺义区,距市中心22.5km
4943560,3.0,2,0,回龙观/天通苑地区,川菜,昌平区,距市中心22.6km
70459498,3.0,2,83,北京站,快餐简餐,东城区,距市中心2.2km
15493833,3.0,2,17,总部基地/丰台体育中心/南宫地区,小吃,丰台区,距市中心25.6km
11392478,3.0,2,34,,小吃,东城区,距市中心2.5km
7030886,3.0,2,84,房山风景区,烧烤,房山区,距市中心26.1km
13881819,3.0,2,46,通州运河商务区,川菜,通州区,距市中心27.1km
4966429,3.0,2,69,环球影城度假区及周边,湘菜,通州区,距市中心27.5km
142244485,3.0,2,0,沙河大学城/上庄地区,川菜,昌平区,距市中心29km
8301195,3.0,2,40,房山风景区,火锅,房山区,距市中心30km
136312026,3.0,2,0,天安门/王府井地区,粤菜,东城区,距市中心311m
4937002,3.0,2,66,前门/天坛公园/崇文门,,东城区,距市中心3.2km
15487968,3.0,2,84,,东北菜,大兴区,距市中心33.2km
4960705,3.0,2,41,,快餐简餐,西城区,距市中心3.5km
15901983,3.0,2,73,西单/金融街地区,客家菜,西城区,距市中心3.7km
25049161,3.0,2,0,昌平城区/十三陵度假区,,昌平区,距市中心40.3km
17514607,3.0,2,24,,小吃,房山区,距市中心42.7km
7021874,3.0,2,66,三里屯/工体/东直门地区,咖啡店,东城区,距市中心4km
298174,3.0,2,60,劲松/潘家园地区,川菜,丰台区,距市中心5.2km
220528,3.0,2,77,北京西站/丽泽商务区,火锅,西城区,距市中心5.7km
17515742,3.0,2,27,永定门/南站/大红门/南苑地区,快餐简餐,丰台区,距市中心5.7km
13611841,3.0,2,0,马甸/安贞地区,东北菜,东城区,距市中心6.2km
7044091,3.0,2,60,马甸/安贞地区,烧烤,海淀区,距市中心6.2km
17005721,3.0,2,39,西直门/北京展览馆地区,咖啡店,西城区,距市中心6.4km
15930541,3.0,2,27,,快餐简餐,丰台区,距市中心6.7km
122784089,3.0,2,83,劲松/潘家园地区,烧烤,丰台区,距市中心6km
79423461,3.0,2,24,北京西站/丽泽商务区,小吃,西城区,距市中心7.2km
25040561,3.0,2,45,西直门/北京展览馆地区,,海淀区,距市中心7.7km
4973555,3.0,2,59,天安门/王府井地区,北京菜,东城区,距市中心814m
78255529,3.0,2,74,,北京菜,昌平区,
15545935,3.0,2,40,,其他,怀柔区,
15459416,3.0,2,150,怀柔风景区,北京菜,怀柔区,
17605879,3.0,2,39,古北水镇,快餐简餐,密云区,
22429247,3.0,2,109,平谷城区,北京菜,平谷区,
23521251,3.0,2,0,延庆休闲度假区,烧烤,延庆区,
4960808,3.0,2,44,延庆休闲度假区,农家菜,延庆区,
7042958,3.0,2,77,,农家菜,延庆区,
4949533,3.0,2,29,延庆休闲度假区,农家菜,延庆区,
12501277,3.0,2,32,延庆休闲度假区,快餐简餐,延庆区,
134807731,3.0,2,78,延庆休闲度假区,,延庆区,
12468877,3.0,2,190,,农家菜,密云区,
13689463,3.0,2,69,,,密云区,
4942017,3.0,1,36,公主坟/五棵松/石景山游乐园地区,西餐,海淀区,距市中心10.3km
15430212,3.0,1,0,,,丰台区,距市中心10.5km
4960134,3.0,1,44,,小吃,海淀区,距市中心10.6km
12927820,3.0,1,35,,,海淀区,距市中心10.8km
4955555,3.0,1,29,中关村/五道口,快餐简餐,海淀区,距市中心10.9km
25039202,3.0,1,96,北京西站/丽泽商务区,烧烤,丰台区,距市中心10km
62570143,3.0,1,59,,新疆菜,海淀区,距市中心11.1km
4970438,3.0,1,66,总部基地/丰台体育中心/南宫地区,,丰台区,距市中心11.4km
18482356,3.0,1,1943,公主坟/五棵松/石景山游乐园地区,,海淀区,距市中心11.4km
22516644,3.0,1,135,望京/酒仙桥/798地区,北京菜,朝阳区,距市中心11.4km
12548339,3.0,1,77,中关村/五道口,火锅,海淀区,距市中心11.9km
15474688,3.0,1,63,,火锅,丰台区,距市中心11km
122716601,3.0,1,0,总部基地/丰台体育中心/南宫地区,小吃,丰台区,距市中心11km
18618026,3.0,1,18,,快餐简餐,大兴区,距市中心12.9km
282022,3.0,1,43,,西餐,海淀区,距市中心12km
130469506,3.0,1,32,亦庄地区,快餐简餐,大兴区,距市中心13.5km
79422435,3.0,1,46,亦庄地区,面包甜点,大兴区,距市中心13.6km
120830431,3.0,1,32,大兴北京新机场地区,快餐简餐,大兴区,距市中心13.6km
18575974,3.0,1,45,,川菜,大兴区,距市中心13.6km
18515365,3.0,1,46,,川菜,大兴区,距市中心13.8km
18604519,3.0,1,0,,川菜,丰台区,距市中心13.8km
120819475,3.0,1,0,天安门/王府井地区,,东城区,距市中心1.3km
133783593,3.0,1,0,大兴北京新机场地区,面包甜点,大兴区,距市中心14.9km
22514664,3.0,1,23,亦庄地区,粤菜,大兴区,距市中心15.3km
7037639,3.0,1,90,上地产业园/西三旗,快餐简餐,海淀区,距市中心15.4km
13556287,3.0,1,18,,快餐简餐,大兴区,距市中心15.8km
136346725,3.0,1,0,前门/天坛公园/崇文门,,西城区,距市中心1.5km
77907907,3.0,1,22,前门/天坛公园/崇文门,咖啡店,东城区,距市中心1.5km
79422079,3.0,1,132,前门/天坛公园/崇文门,日本料理,西城区,距市中心1.5km
21136145,3.0,1,91,上地产业园/西三旗,川菜,海淀区,距市中心16.3km
129611831,3.0,1,0,大兴北京新机场地区,快餐简餐,大兴区,距市中心16.5km
15909053,3.0,1,33,上地产业园/西三旗,快餐简餐,海淀区,距市中心16.6km
20614548,3.0,1,19,上地产业园/西三旗,快餐简餐,海淀区,距市中心17.1km
21539848,3.0,1,82,亦庄地区,小吃,通州区,距市中心17.6km
18573791,3.0,1,17,,快餐简餐,石景山区,距市中心17.8km
4990573,3.0,1,72,亦庄地区,,通州区,距市中心17.8km
16564852,3.0,1,26,,小吃,大兴区,距市中心17km
16098660,3.0,1,28,,快餐简餐,大兴区,距市中心17km
4975986,3.0,1,0,,小吃,石景山区,距市中心18.1km
21593184,3.0,1,38,公主坟/五棵松/石景山游乐园地区,小吃,石景山区,距市中心18.1km
77914853,3.0,1,26,,快餐简餐,石景山区,距市中心18.1km
8539942,3.0,1,72,大兴北京新机场地区,火锅,大兴区,距市中心18.3km
15293733,3.0,1,17,回龙观/天通苑地区,,昌平区,距市中心18.5km
130977100,3.0,1,26,亦庄地区,小吃,通州区,距市中心18.5km
4987391,3.0,1,111,公主坟/五棵松/石景山游乐园地区,韩国料理,石景山区,距市中心18.5km
8546248,3.0,1,21,大兴北京新机场地区,烧烤,大兴区,距市中心18.6km
22521239,3.0,1,121,,北京菜,通州区,距市中心18.6km
11166008,3.0,1,39,香山/八大处风景区,小吃,石景山区,距市中心18.8km
21539149,3.0,1,0,,,东城区,距市中心1.8km
15500492,3.0,1,29,回龙观/天通苑地区,面包甜点,昌平区,距市中心19.1km
62203010,3.0,1,115,回龙观/天通苑地区,新疆菜,昌平区,距市中心19.1km
20606705,3.0,1,17,回龙观/天通苑地区,小吃,昌平区,距市中心19.1km
8538750,3.0,1,23,上地产业园/西三旗,面包甜点,昌平区,距市中心19.3km
78800334,3.0,1,104,回龙观/天通苑地区,火锅,昌平区,距市中心19.5km
16550731,3.0,1,52,通州运河商务区,西餐,通州区,距市中心19.5km
11190467,3.0,1,40,大兴北京新机场地区,快餐简餐,大兴区,距市中心19.5km
129603785,3.0,1,36,回龙观/天通苑地区,快餐简餐,昌平区,距市中心19.6km
120818454,3.0,1,122,回龙观/天通苑地区,川菜,昌平区,距市中心19.6km
15946523,3.0,1,23,公主坟/五棵松/石景山游乐园地区,快餐简餐,石景山区,距市中心19.6km
13874418,3.0,1,0,,湘菜,石景山区,距市中心19.6km
4982139,3.0,1,113,香山/八大处风景区,粤菜,海淀区,距市中心19.8km
22520533,3.0,1,69,亦庄地区,,通州区,距市中心19.8km
319443,3.0,1,36,总部基地/丰台体育中心/南宫地区,小吃,丰台区,距市中心19km
12867193,3.0,1,92,通州运河商务区,川菜,通州区,距市中心20.3km
21383004,3.0,1,11,大兴北京新机场地区,快餐简餐,大兴区,距市中心20.3km
4960818,3.0,1,60,回龙观/天通苑地区,川菜,昌平区,距市中心20.5km
129622347,3.0,1,115,通州运河商务区,火锅,通州区,距市中心20km
7030989,3.0,1,19,通州运河商务区,快餐简餐,通州区,距市中心21.3km
18509465,3.0,1,95,环球影城度假区及周边,,通州区,距市中心21.3km
236022,3.0,1,20,,,顺义区,距市中心22.8km
134791850,3.0,1,0,大兴北京新机场地区,,大兴区,距市中心22.8km
11461954,3.0,1,93,大兴北京新机场地区,烧烤,大兴区,距市中心22.8km
120797235,3.0,1,0,西单/金融街地区,,西城区,距市中心2.2km
12949856,3.0,1,0,回龙观/天通苑地区,,昌平区,距市中心23.3km
15977462,3.0,1,27,房山风景区,小吃,房山区,距市中心23.6km
134205326,3.0,1,37,回龙观/天通苑地区,小吃,昌平区,距市中心23.6km
78895156,3.0,1,21,回龙观/天通苑地区,,昌平区,距市中心23.6km
130694620,3.0,1,75,环球影城度假区及周边,川菜,通州区,距市中心23.6km
131289270,3.0,1,68,通州运河商务区,,通州区,距市中心23.6km
78543771,3.0,1,17,回龙观/天通苑地区,小吃,昌平区,距市中心23.6km
73418655,3.0,1,14,回龙观/天通苑地区,面包甜点,昌平区,距市中心23.6km
7047468,3.0,1,45,首都机场/新国展地区,西餐,顺义区,距市中心24.3km
15887806,3.0,1,58,首都机场/新国展地区,,顺义区,距市中心24.3km
4950435,3.0,1,0,首都机场/新国展地区,酒吧/酒馆,顺义区,距市中心24.3km
133775290,3.0,1,65,环球影城度假区及周边,快餐简餐,通州区,距市中心24.3km
15918265,3.0,1,15,,面包甜点,大兴区,距市中心25.3km
130044571,3.0,1,126,总部基地/丰台体育中心/南宫地区,东北菜,丰台区,距市中心25.6km
130980676,3.0,1,113,房山风景区,烧烤,房山区,距市中心25.8km
129609993,3.0,1,141,通州运河商务区,,通州区,距市中心26.8km
22520251,3.0,1,116,沙河大学城/上庄地区,江浙菜,海淀区,距市中心27.1km
134825535,3.0,1,0,通州运河商务区,快餐简餐,通州区,距市中心27.3km
270181,3.0,1,24,天安门/王府井地区,面包甜点,西城区,距市中心2.7km
15475188,3.0,1,12,,快餐简餐,西城区,距市中心2.7km
4946389,3.0,1,55,首都机场/新国展地区,徽菜,顺义区,距市中心27km
129613733,3.0,1,0,房山风景区,快餐简餐,房山区,距市中心28.5km
130972186,3.0,1,18,沙河大学城/上庄地区,面包甜点,昌平区,距市中心28.8km
4967385,3.0,1,82,房山风景区,火锅,房山区,距市中心28.8km
133743230,3.0,1,32,西单/金融街地区,面包甜点,西城区,距市中心2.8km
20603090,3.0,1,77,沙河大学城/上庄地区,西餐,昌平区,距市中心29.3km
12995462,3.0,1,0,,小吃,西城区,距市中心2km
13744321,3.0,1,15,顺义温泉休闲区,快餐简餐,顺义区,距市中心30.3km
8287620,3.0,1,72,小汤山温泉度假区,川菜,昌平区,距市中心30.6km
12228186,3.0,1,15,顺义温泉休闲区,快餐简餐,顺义区,距市中心30.8km
136366608,3.0,1,0,沙河大学城/上庄地区,日本料理,昌平区,距市中心31.3km
15485439,3.0,1,71,,东北菜,顺义区,距市中心31.6km
15481593,3.0,1,137,,火锅,顺义区,距市中心32.3km
21375291,3.0,1,0,,川菜,顺义区,距市中心32.5km
130975006,3.0,1,79,大兴北京新机场地区,,大兴区,距市中心33.1km
22514446,3.0,1,154,,西餐,西城区,距市中心3.3km
136451115,3.0,1,101,前门/天坛公园/崇文门,火锅,东城区,距市中心3.3km
4963743,3.0,1,48,,创意菜,房山区,距市中心34.2km
16549974,3.0,1,58,,东北菜,房山区,距市中心34.8km
16101199,3.0,1,101,,湘菜,顺义区,距市中心35km
4971927,3.0,1,23,顺义温泉休闲区,小吃,顺义区,距市中心36.1km
122657106,3.0,1,45,顺义温泉休闲区,小吃,顺义区,距市中心36.5km
17606720,3.0,1,110,昌平城区/十三陵度假区,日本料理,昌平区,距市中心37.1km
11474417,3.0,1,18,,快餐简餐,昌平区,距市中心38.1km
8561957,3.0,1,70,,新疆菜,昌平区,距市中心38.3km
7029753,3.0,1,101,,,西城区,距市中心3.8km
8573368,3.0,1,82,,火锅,昌平区,距市中心38km
4975077,3.0,1,76,房山风景区,,房山区,距市中心39.2km
16548084,3.0,1,23,,韩国料理,西城区,距市中心3km
8542528,3.0,1,69,房山风景区,自助餐,房山区,距市中心42.6km
122751678,3.0,1,37,三里屯/工体/东直门地区,快餐简餐,东城区,距市中心4.2km
130976976,3.0,1,23,三里屯/工体/东直门地区,面包甜点,东城区,距市中心4.2km
130973390,3.0,1,0,环球影城度假区及周边,,通州区,距市中心43.8km
15570756,3.0,1,34,,快餐简餐,顺义区,距市中心43km
327888,3.0,1,100,三里屯/工体/东直门地区,火锅,东城区,距市中心4.5km
133742907,3.0,1,21,西单/金融街地区,面包甜点,西城区,距市中心4.5km
13716495,3.0,1,27,昌平城区/十三陵度假区,快餐简餐,昌平区,距市中心45km
11374803,3.0,1,16,,粤菜,西城区,距市中心4.7km
321689,3.0,1,41,,北京菜,怀柔区,距市中心48.1km
5564252,3.0,1,24,,快餐简餐,怀柔区,距市中心48.8km
4987239,3.0,1,44,,小吃,怀柔区,距市中心48km
20588982,3.0,1,0,,快餐简餐,怀柔区,距市中心49.6km
15477359,3.0,1,113,,烧烤,丰台区,距市中心4.9km
134200172,3.0,1,52,后海/南锣鼓巷地区,,西城区,距市中心4.9km
136367765,3.0,1,0,西单/金融街地区,快餐简餐,西城区,距市中心4.9km
130652525,3.0,1,30,三里屯/工体/东直门地区,快餐简餐,东城区,距市中心4km
243785,3.0,1,115,三里屯/工体/东直门地区,火锅,朝阳区,距市中心5.2km
16554940,3.0,1,56,国展中心地区,咖啡店,东城区,距市中心5.2km
17517204,3.0,1,51,永定门/南站/大红门/南苑地区,小吃,丰台区,距市中心5.2km
15973028,3.0,1,17,劲松/潘家园地区,,丰台区,距市中心5.7km
25030536,3.0,1,0,永定门/南站/大红门/南苑地区,小吃,西城区,距市中心5km
7027977,3.0,1,12,,小吃,丰台区,距市中心6.2km
122693469,3.0,1,27,永定门/南站/大红门/南苑地区,小吃,丰台区,距市中心6.2km
18607779,3.0,1,218,,自助餐,丰台区,距市中心6.4km
78202265,3.0,1,32,永定门/南站/大红门/南苑地区,,丰台区,距市中心6.4km
120829604,3.0,1,26,永定门/南站/大红门/南苑地区,快餐简餐,丰台区,距市中心6.5km
6944104,3.0,1,26,,小吃,丰台区,距市中心6.5km
21141000,3.0,1,42,永定门/南站/大红门/南苑地区,面包甜点,丰台区,距市中心6.5km
15591366,3.0,1,19,永定门/南站/大红门/南苑地区,快餐简餐,丰台区,距市中心6.5km
20612205,3.0,1,76,,火锅,丰台区,距市中心6.5km
7034802,3.0,1,0,北京西站/丽泽商务区,小吃,丰台区,距市中心6.7km
22510747,3.0,1,178,国贸地区,日本料理,朝阳区,距市中心6km
133520515,3.0,1,106,马甸/安贞地区,新疆菜,西城区,距市中心6km
212779,3.0,1,40,,,海淀区,距市中心7.4km
120836561,3.0,1,0,永定门/南站/大红门/南苑地区,小吃,丰台区,距市中心7.7km
25031041,3.0,1,88,,烧烤,朝阳区,距市中心8.5km
78893026,3.0,1,39,西直门/北京展览馆地区,小吃,海淀区,距市中心8.5km
15952014,3.0,1,26,前门/天坛公园/崇文门,快餐简餐,东城区,距市中心890m
143361203,3.0,1,0,永定门/南站/大红门/南苑地区,小吃,丰台区,距市中心8km
17604020,3.0,1,132,,,海淀区,距市中心9.3km
4944228,3.0,1,25,中关村/五道口,快餐简餐,海淀区,距市中心9.4km
15624003,3.0,1,43,大兴北京新机场地区,北京菜,大兴区,距市中心9.6km
4947872,3.0,1,52,中关村/五道口,火锅,海淀区,距市中心9.8km
120820359,3.0,1,127,国贸地区,面包甜点,朝阳区,距市中心9.8km
15468012,3.0,1,0,,北京菜,怀柔区,
4964690,3.0,1,57,密云城区,创意菜,密云区,
17601274,3.0,1,42,延庆休闲度假区,小吃,延庆区,
7046878,3.0,1,0,,快餐简餐,延庆区,
18567341,3.0,1,74,怀柔风景区,北京菜,怀柔区,
15563896,3.0,1,0,怀柔风景区,快餐简餐,怀柔区,
79443734,3.0,1,0,延庆休闲度假区,火锅,延庆区,
129628262,3.0,1,91,房山风景区,火锅,房山区,
7025442,3.0,1,43,平谷城区,,顺义区,
11540016,3.0,1,0,怀柔风景区,,怀柔区,
78355634,3.0,1,0,平谷城区,面包甜点,平谷区,
136345698,3.0,1,0,平谷城区,川菜,平谷区,
5559624,3.0,1,0,平谷城区,农家菜,平谷区,
5559693,3.0,1,20,,快餐简餐,平谷区,
12467639,3.0,1,0,,农家菜,延庆区,
4951725,3.0,1,0,延庆休闲度假区,茶馆/茶室,延庆区,
4958901,3.0,1,82,延庆休闲度假区,农家菜,延庆区,
303364,3.0,1,89,,烧烤,延庆区,
13120757,3.0,1,13,延庆休闲度假区,小吃,延庆区,
20613595,3.0,1,67,延庆休闲度假区,火锅,延庆区,
13301252,3.0,1,26,,快餐简餐,延庆区,
21140885,3.0,1,48,延庆休闲度假区,农家菜,延庆区,
5563801,3.0,1,78,怀柔风景区,川菜,怀柔区,
78151007,3.0,1,0,,快餐简餐,密云区,
17517391,3.0,1,25,古北水镇,小吃,密云区,
21586317,3.0,1,18,白龙潭风景区,北京菜,密云区,
24746129,3.0,1,101,密云水库,,密云区,
12982315,3.0,1,99,,,密云区,
23519796,3.0,1,16,,面包甜点,密云区,
79421905,3.0,1,0,古北水镇,粤菜,密云区,
4962422,3.0,1,100,房山风景区,农家菜,房山区,
18497891,3.0,0,0,公主坟/五棵松/石景山游乐园地区,火锅,石景山区,距市中心14km
21567175,3.0,0,0,公主坟/五棵松/石景山游乐园地区,,石景山区,距市中心15.5km
21565815,3.0,0,122,,小吃,石景山区,距市中心15.5km
21564250,3.0,0,0,,快餐简餐,石景山区,距市中心17.8km
21559555,3.0,0,24,房山风景区,快餐简餐,房山区,距市中心24.6km
21538000,3.0,0,0,,北京菜,门头沟区,距市中心25km
20612418,3.0,0,46,,韩国料理,顺义区,距市中心29.8km
18602433,3.0,0,0,密云城区,,密云区,
21539183,3.0,0,0,平谷城区,,平谷区,
21570073,3.0,0,0,密云水库,小吃,密云区,
21538579,3.0,0,0,密云城区,小吃,密云区,
21139284,3.0,0,0,密云城区,快餐简餐,密云区,
21567951,3.0,0,18,密云城区,快餐简餐,密云区,
18586317,3.0,0,0,延庆休闲度假区,快餐简餐,延庆区,
12752595,3.1,627,43,,小吃,丰台区,距市中心5km
4949341,3.1,103,42,北京站,快餐简餐,东城区,距市中心1.6km
11333366,3.1,30,122,大兴北京新机场地区,东南亚菜,大兴区,距市中心14.5km
17600708,3.1,8,63,沙河大学城/上庄地区,西餐,海淀区,距市中心28.1km
4941023,3.1,8,44,西直门/北京展览馆地区,西餐,西城区,距市中心6.5km
4966328,3.1,7,55,天安门/王府井地区,,东城区,距市中心2.7km
4993976,3.1,7,50,房山风景区,川菜,房山区,距市中心43km
4951886,3.2,121,136,前门/天坛公园/崇文门,火锅,东城区,距市中心1.8km
7039060,3.2,121,37,劲松/潘家园地区,韩国料理,丰台区,距市中心6.7km
16000413,3.2,36,53,北京站,快餐简餐,东城区,距市中心1.6km
8278375,3.2,6,162,大兴北京新机场地区,火锅,大兴区,距市中心18.1km
4969145,3.2,6,39,北京西站/丽泽商务区,小吃,西城区,距市中心5.7km
22518566,3.2,5,55,,西餐,大兴区,距市中心11.8km
4948140,3.2,5,73,前门/天坛公园/崇文门,小吃,东城区,距市中心1.3km
13110917,3.2,5,17,上地产业园/西三旗,小吃,昌平区,距市中心18.6km
7033320,3.2,5,99,首都机场/新国展地区,火锅,顺义区,距市中心24.6km
22516966,3.2,5,0,昌平城区/十三陵度假区,创意菜,昌平区,距市中心39.1km
4936010,3.3,960,199,天安门/王府井地区,北京菜,东城区,距市中心975m
120835782,3.3,65,205,燕莎/朝阳公园商业区,江浙菜,朝阳区,距市中心8km
4958013,3.3,49,23,西直门/北京展览馆地区,小吃,海淀区,距市中心8.5km
130052500,3.3,20,377,国贸地区,江浙菜,朝阳区,距市中心6.4km
15554981,3.3,19,97,,火锅,朝阳区,距市中心11.3km
134818782,3.3,15,51,后海/南锣鼓巷地区,面包甜点,西城区,距市中心4.4km
15959741,3.3,11,50,,西餐,海淀区,距市中心13.4km
25059370,3.3,11,0,西单/金融街地区,西北菜,西城区,距市中心2.7km
7032572,3.3,9,0,顺义温泉休闲区,川菜,顺义区,距市中心34.2km
22448338,3.3,9,97,三里屯/工体/东直门地区,日本料理,朝阳区,距市中心5km
25040650,3.3,9,156,国展中心地区,西餐,朝阳区,距市中心7.7km
12545025,3.3,6,34,三里屯/工体/东直门地区,面包甜点,东城区,距市中心4.2km
13342373,3.3,5,112,,西北菜,西城区,距市中心3km
25043838,3.3,5,15,后海/南锣鼓巷地区,快餐简餐,东城区,距市中心4km
6943630,3.3,5,90,怀柔风景区,创意菜,怀柔区,
15456952,3.3,4,33,,快餐简餐,海淀区,距市中心10.5km
17008365,3.3,4,18,天安门/王府井地区,快餐简餐,东城区,距市中心1.1km
131000551,3.3,4,126,亦庄地区,烧烤,大兴区,距市中心13km
190927,3.3,4,90,亦庄地区,粤菜,大兴区,距市中心14.1km
4950280,3.3,3,50,大兴北京新机场地区,火锅,大兴区,距市中心10.8km
118678062,3.3,3,43,天安门/王府井地区,日本料理,东城区,距市中心1.3km
17515049,3.3,3,118,前门/天坛公园/崇文门,日本料理,东城区,距市中心1.3km
15475611,3.3,3,25,回龙观/天通苑地区,小吃,昌平区,距市中心22.1km
24989300,3.3,3,69,大兴北京新机场地区,粤菜,大兴区,距市中心40.2km
12780984,3.3,3,24,,快餐简餐,丰台区,距市中心5km
21120018,3.3,3,43,永定门/南站/大红门/南苑地区,川菜,丰台区,距市中心8.4km
21538413,3.3,3,126,燕莎/朝阳公园商业区,酒吧/酒馆,朝阳区,距市中心8km
25055316,3.3,3,32,西直门/北京展览馆地区,快餐简餐,海淀区,距市中心9.5km
15460189,3.3,3,80,怀柔风景区,北京菜,怀柔区,
13852195,3.3,3,71,,火锅,平谷区,
304682,3.4,404,45,,小吃,丰台区,距市中心4.9km
16542723,3.4,140,15,,面包甜点,东城区,距市中心3.8km
4958119,3.4,13,68,,小吃,西城区,距市中心7km
315120,3.4,12,23,西直门/北京展览馆地区,小吃,西城区,距市中心5km
4968859,3.4,11,62,上地产业园/西三旗,川菜,海淀区,距市中心18km
132105429,3.4,11,86,前门/天坛公园/崇文门,西餐,东城区,距市中心991m
4941062,3.4,10,88,,北京菜,东城区,距市中心4.2km
7024478,3.4,8,32,顺义温泉休闲区,小吃,顺义区,距市中心29.8km
20365866,3.4,5,44,上地产业园/西三旗,西北菜,海淀区,距市中心16.3km
4954221,3.4,5,42,前门/天坛公园/崇文门,小吃,西城区,距市中心1.6km
11432943,3.4,5,23,,烧烤,西城区,距市中心4km
15266858,3.5,496,153,前门/天坛公园/崇文门,火锅,西城区,距市中心1.3km
4962774,3.5,332,35,,快餐简餐,丰台区,距市中心5km
4945032,3.5,83,61,前门/天坛公园/崇文门,小吃,东城区,距市中心809m
4992620,3.5,39,94,国贸地区,烧烤,朝阳区,距市中心7.9km
4938695,3.5,34,110,首都机场/新国展地区,粤菜,顺义区,距市中心21.3km
134400816,3.5,31,144,望京/酒仙桥/798地区,火锅,朝阳区,距市中心11.8km
79422119,3.5,26,154,公主坟/五棵松/石景山游乐园地区,日本料理,海淀区,距市中心11km
4947306,3.5,23,113,公主坟/五棵松/石景山游乐园地区,川菜,石景山区,距市中心18.3km
16564121,3.5,21,20,,快餐简餐,海淀区,距市中心11.9km
4957342,3.5,21,49,前门/天坛公园/崇文门,小吃,西城区,距市中心1.1km
12178749,3.5,21,23,小汤山温泉度假区,快餐简餐,昌平区,距市中心23.8km
4949543,3.5,17,22,,快餐简餐,丰台区,距市中心7.2km
15157212,3.5,13,80,古北水镇,粤菜,密云区,
15684608,3.5,12,73,环球影城度假区及周边,烧烤,通州区,距市中心20.3km
15480727,3.5,11,95,永定门/南站/大红门/南苑地区,火锅,丰台区,距市中心5.7km
4936422,3.5,10,99,国展中心地区,粤菜,东城区,距市中心5.4km
15482107,3.5,10,34,永定门/南站/大红门/南苑地区,川菜,丰台区,距市中心7km
120802951,3.5,8,105,前门/天坛公园/崇文门,湘菜,西城区,距市中心1.8km
120825289,3.5,8,109,亚运村/奥体中心地区,烧烤,朝阳区,距市中心8.8km
25056941,3.5,7,102,前门/天坛公园/崇文门,火锅,西城区,距市中心1.3km
15467865,3.5,7,61,中关村/五道口,韩国料理,海淀区,距市中心9.9km
13432036,3.5,6,44,,小吃,海淀区,距市中心12.3km
120826957,3.5,6,0,中关村/五道口,海鲜,海淀区,距市中心12km
78849672,3.5,6,95,通州运河商务区,烧烤,通州区,距市中心19.8km
15568799,3.5,6,21,香山/八大处风景区,快餐简餐,海淀区,距市中心20km
131561133,3.5,5,103,望京/酒仙桥/798地区,火锅,朝阳区,距市中心10.5km
8542417,3.5,5,70,大兴北京新机场地区,烧烤,大兴区,距市中心19.1km
240714,3.5,5,109,房山风景区,北京菜,房山区,距市中心22.6km
17595846,3.5,5,129,,烧烤,朝阳区,距市中心4.7km
319680,3.5,4,63,,,海淀区,距市中心10km
21539437,3.5,4,80,上地产业园/西三旗,北京菜,海淀区,距市中心17.8km
4944167,3.5,4,96,,,昌平区,距市中心23.6km
12472459,3.5,4,131,回龙观/天通苑地区,,昌平区,距市中心23km
4940416,3.5,4,84,房山风景区,,房山区,距市中心30.5km
21140544,3.5,4,113,,内蒙菜,东城区,距市中心4.2km
22521354,3.5,4,27,三里屯/工体/东直门地区,面包甜点,东城区,距市中心4.5km
22521074,3.5,4,114,,火锅,丰台区,距市中心5km
336180,3.5,4,38,,快餐简餐,朝阳区,距市中心6km
15881209,3.5,4,31,劲松/潘家园地区,小吃,丰台区,距市中心7km
25041462,3.5,4,0,天安门/王府井地区,西餐,东城区,距市中心875m
22516415,3.5,3,114,亦庄地区,徽菜,大兴区,距市中心15.3km
21138473,3.5,3,103,首都机场/新国展地区,西餐,朝阳区,距市中心16.6km
135463077,3.5,3,119,大兴北京新机场地区,云南菜,大兴区,距市中心25.3km
21136853,3.5,3,144,西单/金融街地区,火锅,西城区,距市中心3.1km
15464942,3.5,3,25,,快餐简餐,西城区,距市中心3.2km
18470196,3.5,3,59,,面包甜点,东城区,距市中心4.4km
4940435,3.5,3,88,西单/金融街地区,湘菜,西城区,距市中心4.4km
15653310,3.5,3,114,,闽菜,西城区,距市中心5.4km
4965692,3.5,3,397,,,西城区,距市中心5km
4937460,3.5,3,46,后海/南锣鼓巷地区,小吃,西城区,距市中心5km
13311858,3.5,3,29,延庆休闲度假区,小吃,延庆区,
17590827,3.5,2,43,,快餐简餐,丰台区,距市中心10.5km
8596335,3.5,2,77,,火锅,大兴区,距市中心11.1km
4937069,3.5,2,32,,快餐简餐,海淀区,距市中心11.5km
8625892,3.5,2,117,,湘菜,海淀区,距市中心11km
12201686,3.5,2,62,大兴北京新机场地区,小吃,大兴区,距市中心13.9km
11141106,3.5,2,75,大兴北京新机场地区,粤菜,大兴区,距市中心14.5km
120832213,3.5,2,113,大兴北京新机场地区,徽菜,大兴区,距市中心14.8km
25007321,3.5,2,30,,西北菜,石景山区,距市中心15.5km
15474493,3.5,2,224,,,东城区,距市中心1.6km
4984509,3.5,2,29,,快餐简餐,石景山区,距市中心18.1km
78657731,3.5,2,97,亦庄地区,小吃,通州区,距市中心18.8km
21580932,3.5,2,101,回龙观/天通苑地区,烧烤,昌平区,距市中心19.3km
22517010,3.5,2,113,回龙观/天通苑地区,东南亚菜,昌平区,距市中心19.6km
11668246,3.5,2,68,环球影城度假区及周边,新疆菜,通州区,距市中心20.6km
17004715,3.5,2,24,通州运河商务区,小吃,通州区,距市中心21.3km
8592754,3.5,2,118,大兴北京新机场地区,,大兴区,距市中心21.5km
22516426,3.5,2,78,房山风景区,徽菜,房山区,距市中心23.6km
18555165,3.5,2,38,门头沟/潭柘寺/妙峰山风景区,快餐简餐,门头沟区,距市中心25.8km
120835484,3.5,2,126,前门/天坛公园/崇文门,火锅,西城区,距市中心2.6km
16572777,3.5,2,123,房山风景区,火锅,房山区,距市中心27.5km
15921841,3.5,2,100,沙河大学城/上庄地区,,昌平区,距市中心28.8km
16563750,3.5,2,20,房山风景区,小吃,房山区,距市中心30km
15991342,3.5,2,10,,快餐简餐,房山区,距市中心36.3km
12216082,3.5,2,79,昌平城区/十三陵度假区,火锅,昌平区,距市中心37.1km
4943452,3.5,2,28,昌平城区/十三陵度假区,小吃,昌平区,距市中心37.8km
22518983,3.5,2,29,,快餐简餐,西城区,距市中心3km
17004897,3.5,2,25,,小吃,西城区,距市中心3km
15936349,3.5,2,0,昌平城区/十三陵度假区,快餐简餐,昌平区,距市中心40.1km
21538275,3.5,2,17,三里屯/工体/东直门地区,面包甜点,东城区,距市中心4.2km
18507359,3.5,2,14,北京西站/丽泽商务区,快餐简餐,西城区,距市中心4.7km
5564505,3.5,2,37,,面包甜点,怀柔区,距市中心48.7km
7031526,3.5,2,30,,小吃,怀柔区,距市中心48.8km
4955628,3.5,2,0,,火锅,东城区,距市中心4.9km
4939268,3.5,2,57,北京西站/丽泽商务区,,西城区,距市中心5.4km
330312,3.5,2,89,后海/南锣鼓巷地区,北京菜,西城区,距市中心5.5km
120816922,3.5,2,27,北京西站/丽泽商务区,小吃,西城区,距市中心5km
4945051,3.5,2,66,马甸/安贞地区,北京菜,西城区,距市中心6.2km
230591,3.5,2,328,西直门/北京展览馆地区,鲁菜,海淀区,距市中心6.5km
4942751,3.5,2,29,,快餐简餐,东城区,距市中心705m
78392246,3.5,2,53,永定门/南站/大红门/南苑地区,新疆菜,丰台区,距市中心7.7km
11194082,3.5,2,5,,小吃,海淀区,距市中心8.8km
15501476,3.5,2,25,,小吃,海淀区,距市中心8.9km
7022589,3.5,2,45,北京西站/丽泽商务区,西餐,丰台区,距市中心8km
11081606,3.5,2,138,,烧烤,丰台区,距市中心9.1km
7038509,3.5,2,92,中关村/五道口,川菜,海淀区,距市中心9.4km
4968568,3.5,2,100,西直门/北京展览馆地区,烧烤,海淀区,距市中心9.5km
7044327,3.5,2,129,国贸地区,火锅,朝阳区,距市中心9.5km
78672992,3.5,2,35,中关村/五道口,小吃,海淀区,距市中心9.6km
285556,3.5,2,30,延庆休闲度假区,湘菜,延庆区,
15680088,3.5,2,79,门头沟/潭柘寺/妙峰山风景区,北京菜,门头沟区,
7039689,3.5,2,0,延庆休闲度假区,烧烤,延庆区,
7022196,3.5,2,34,,北京菜,延庆区,
12490079,3.5,2,59,延庆休闲度假区,火锅,延庆区,
78802014,3.5,2,109,,,延庆区,
21408660,3.5,0,0,,面包甜点,石景山区,距市中心15.5km
21399051,3.5,0,0,公主坟/五棵松/石景山游乐园地区,快餐简餐,石景山区,距市中心18.6km
18596999,3.5,0,0,大兴北京新机场地区,西餐,大兴区,距市中心18.8km
18600561,3.5,0,0,公主坟/五棵松/石景山游乐园地区,川菜,石景山区,距市中心19.5km
18623129,3.5,0,0,,自助餐,石景山区,距市中心20.1km
21141244,3.5,0,92,回龙观/天通苑地区,小吃,昌平区,距市中心20.5km
21566071,3.5,0,71,环球影城度假区及周边,小吃,通州区,距市中心22.6km
20602158,3.5,0,30,首都机场/新国展地区,小吃,顺义区,距市中心23.5km
21585841,3.5,0,49,房山风景区,江浙菜,房山区,距市中心24km
20352222,3.5,0,0,,创意菜,门头沟区,距市中心25.5km
18547642,3.5,0,0,顺义温泉休闲区,川菜,顺义区,距市中心28.6km
21539229,3.5,0,0,房山风景区,北京菜,房山区,距市中心30.1km
21138482,3.5,0,84,门头沟/潭柘寺/妙峰山风景区,北京菜,门头沟区,距市中心32.2km
21408457,3.5,0,0,,小吃,门头沟区,距市中心36.3km
21392061,3.5,0,0,,川菜,怀柔区,距市中心48.7km
21562562,3.5,0,0,,火锅,平谷区,
21139262,3.5,0,0,,快餐简餐,密云区,
18591899,3.5,0,0,密云城区,面包甜点,密云区,
20329661,3.5,0,0,密云城区,北京菜,密云区,
21575708,3.5,0,0,,东北菜,密云区,
21538331,3.5,0,0,古北水镇,台湾菜,密云区,
21538039,3.5,0,0,怀柔风景区,北京菜,怀柔区,
21408477,3.5,0,0,,面包甜点,密云区,
21232862,3.5,0,0,,小吃,密云区,
21566092,3.5,0,32,延庆休闲度假区,小吃,延庆区,
21537871,3.5,0,0,,,密云区,
21538828,3.5,0,0,,火锅,密云区,
21558264,3.5,0,0,,烧烤,平谷区,
18487025,3.5,0,0,平谷城区,小吃,平谷区,
18595640,3.5,0,0,密云城区,,密云区,
18584486,3.5,0,0,,,密云区,
21540346,3.5,0,0,古北水镇,快餐简餐,密云区,
18534898,3.5,0,0,密云城区,小吃,密云区,
18507567,3.5,0,0,,快餐简餐,密云区,
21586316,3.5,0,0,,快餐简餐,密云区,
21558253,3.5,0,51,密云城区,快餐简餐,密云区,
15654514,3.6,252,22,,小吃,东城区,距市中心4km
4945177,3.6,140,151,回龙观/天通苑地区,烧烤,昌平区,距市中心23.6km
4939666,3.6,63,107,三里屯/工体/东直门地区,烧烤,东城区,距市中心4km
7022006,3.6,55,59,后海/南锣鼓巷地区,北京菜,东城区,距市中心3.5km
12156333,3.6,53,48,回龙观/天通苑地区,新疆菜,昌平区,距市中心20.1km
339612,3.6,47,90,,新疆菜,西城区,距市中心5.2km
4962182,3.6,43,36,永定门/南站/大红门/南苑地区,小吃,丰台区,距市中心5km
17006298,3.6,29,102,国贸地区,烧烤,朝阳区,距市中心9.3km
4940893,3.6,20,88,西单/金融街地区,川菜,西城区,距市中心3km
11598598,3.6,19,113,亦庄地区,海鲜,大兴区,距市中心13.8km
13203373,3.6,16,27,,小吃,门头沟区,距市中心22.6km
12203764,3.6,15,31,通州运河商务区,,通州区,距市中心27.1km
25045657,3.6,14,300,国贸地区,日本料理,朝阳区,距市中心5.5km
4986855,3.6,12,65,亦庄地区,北京菜,大兴区,距市中心13.6km
4968933,3.6,10,63,小汤山温泉度假区,湘菜,昌平区,距市中心23.6km
4941004,3.6,9,116,,粤菜,海淀区,距市中心11.1km
12180960,3.6,9,19,环球影城度假区及周边,小吃,通州区,距市中心22.3km
325218,3.6,9,120,燕莎/朝阳公园商业区,韩国料理,朝阳区,距市中心7km
78576245,3.6,8,184,,川菜,西城区,距市中心3km
4992134,3.6,7,65,,,昌平区,距市中心38.6km
4942247,3.6,5,33,,川菜,丰台区,距市中心11km
15559110,3.6,5,66,,自助餐,丰台区,距市中心9.6km
283666,3.7,325,40,西直门/北京展览馆地区,小吃,西城区,距市中心6.2km
213314,3.7,159,31,,小吃,西城区,距市中心6km
15467497,3.7,73,68,前门/天坛公园/崇文门,北京菜,东城区,距市中心1.1km
4983569,3.7,65,24,马甸/安贞地区,小吃,西城区,距市中心6.5km
4966179,3.7,63,60,,快餐简餐,丰台区,距市中心4.9km
133520503,3.7,57,80,前门/天坛公园/崇文门,东南亚菜,东城区,距市中心1.3km
15921679,3.7,57,35,北京站,小吃,东城区,距市中心1.8km
15497494,3.7,42,96,中关村/五道口,川菜,海淀区,距市中心12.4km
341783,3.7,39,156,三里屯/工体/东直门地区,川菜,东城区,距市中心4.2km
4949921,3.7,39,60,,烧烤,西城区,距市中心5.5km
22510768,3.7,30,109,,火锅,海淀区,距市中心9.3km
4981024,3.7,27,120,中关村/五道口,西餐,海淀区,距市中心11.3km
330027,3.7,27,21,,快餐简餐,丰台区,距市中心13km
13432942,3.7,20,134,望京/酒仙桥/798地区,烧烤,朝阳区,距市中心10.4km
12805139,3.7,20,30,西单/金融街地区,小吃,西城区,距市中心5.4km
4976448,3.7,19,85,,北京菜,顺义区,距市中心31.5km
18563970,3.7,19,66,西直门/北京展览馆地区,烧烤,海淀区,距市中心8km
4973928,3.7,17,0,环球影城度假区及周边,小吃,通州区,距市中心21.1km
15890632,3.7,17,25,,小吃,东城区,距市中心6.4km
15468501,3.7,15,32,中关村/五道口,快餐简餐,海淀区,距市中心11.8km
11104218,3.7,14,87,门头沟/潭柘寺/妙峰山风景区,火锅,门头沟区,距市中心22.5km
15567456,3.7,13,83,中关村/五道口,其他,海淀区,距市中心10km
4960757,3.7,13,40,公主坟/五棵松/石景山游乐园地区,小吃,海淀区,距市中心11.4km
25040473,3.7,9,143,中关村/五道口,西餐,海淀区,距市中心14.5km
13233112,3.7,9,35,,快餐简餐,大兴区,距市中心15.3km
20612293,3.7,9,86,回龙观/天通苑地区,北京菜,昌平区,距市中心17.3km
8429023,3.7,9,55,回龙观/天通苑地区,小吃,昌平区,距市中心23.3km
17521617,3.7,9,44,香山/八大处风景区,小吃,海淀区,距市中心24.6km
4936854,3.7,9,115,西单/金融街地区,云南菜,西城区,距市中心3.2km
13312081,3.7,9,48,,小吃,西城区,距市中心3.7km
11126959,3.7,7,113,望京/酒仙桥/798地区,西餐,朝阳区,距市中心10.1km
4943460,3.7,7,99,回龙观/天通苑地区,火锅,昌平区,距市中心23.8km
4963082,3.7,7,49,劲松/潘家园地区,咖啡店,东城区,距市中心3.5km
241683,3.7,7,226,,江浙菜,西城区,距市中心4.5km
11334574,3.7,7,228,国展中心地区,湘菜,东城区,距市中心5.7km
17504423,3.7,7,25,西直门/北京展览馆地区,快餐简餐,西城区,距市中心6.2km
7042589,3.7,6,150,,粤菜,海淀区,距市中心11.1km
21584139,3.7,6,0,,,东城区,距市中心114m
236449,3.7,6,16,香山/八大处风景区,快餐简餐,海淀区,距市中心15.3km
4941204,3.7,6,50,,,石景山区,距市中心19.3km
4939452,3.7,6,89,香山/八大处风景区,,海淀区,距市中心20.5km
8611901,3.7,6,114,大兴北京新机场地区,北京菜,大兴区,距市中心20.8km
15916949,3.7,6,89,门头沟/潭柘寺/妙峰山风景区,自助餐,门头沟区,距市中心22.3km
11267837,3.7,6,49,,快餐简餐,昌平区,距市中心23.8km
4974614,3.7,6,0,,川菜,丰台区,距市中心24.6km
7047409,3.7,6,58,天安门/王府井地区,川菜,东城区,距市中心3.3km
127763383,3.7,6,81,前门/天坛公园/崇文门,,西城区,距市中心3.8km
4944267,3.7,6,25,后海/南锣鼓巷地区,西北菜,西城区,距市中心5km
6943446,3.7,6,0,,川菜,东城区,距市中心6.2km
4978377,3.7,6,46,西直门/北京展览馆地区,新疆菜,海淀区,距市中心7.4km
4936920,3.7,4,63,公主坟/五棵松/石景山游乐园地区,小吃,海淀区,距市中心12.3km
4935998,3.7,4,150,西单/金融街地区,江浙菜,西城区,距市中心2.2km
8585851,3.7,4,57,前门/天坛公园/崇文门,徽菜,西城区,距市中心2.2km
223970,3.7,4,150,前门/天坛公园/崇文门,粤菜,西城区,距市中心2.6km
15989556,3.7,4,70,天安门/王府井地区,面包甜点,东城区,距市中心2.7km
327150,3.7,4,60,天安门/王府井地区,粤菜,东城区,距市中心3.2km
22521602,3.7,4,369,西单/金融街地区,北京菜,西城区,距市中心4.2km
4938779,3.7,4,83,北京西站/丽泽商务区,云南菜,西城区,距市中心4.7km
8277951,3.7,4,43,昌平城区/十三陵度假区,北京菜,昌平区,距市中心48.8km
4962300,3.7,4,93,三里屯/工体/东直门地区,烧烤,东城区,距市中心4.9km
8595718,3.7,3,22,大兴北京新机场地区,小吃,大兴区,距市中心11.5km
22516211,3.7,3,30,,快餐简餐,海淀区,距市中心11.6km
118678502,3.7,3,146,前门/天坛公园/崇文门,日本料理,东城区,距市中心1.1km
4960277,3.7,3,69,永定门/南站/大红门/南苑地区,川菜,丰台区,距市中心11km
21414253,3.7,3,64,,川菜,海淀区,距市中心12.8km
6942641,3.7,3,125,,,东城区,距市中心1.5km
8291090,3.7,3,32,,快餐简餐,大兴区,距市中心16.6km
4987002,3.7,3,118,公主坟/五棵松/石景山游乐园地区,北京菜,石景山区,距市中心17.3km
4970492,3.7,3,23,总部基地/丰台体育中心/南宫地区,小吃,丰台区,距市中心17km
15496478,3.7,3,235,上地产业园/西三旗,日本料理,海淀区,距市中心18.3km
133775550,3.7,3,0,亦庄地区,小吃,通州区,距市中心18.6km
16569842,3.7,3,63,公主坟/五棵松/石景山游乐园地区,,石景山区,距市中心18.8km
15905526,3.7,3,31,回龙观/天通苑地区,小吃,昌平区,距市中心19.8km
7035879,3.7,3,200,香山/八大处风景区,面包甜点,石景山区,距市中心21km
122755699,3.7,3,0,回龙观/天通苑地区,小吃,昌平区,距市中心22.3km
5560587,3.7,3,76,香山/八大处风景区,湘菜,门头沟区,距市中心25.8km
4970495,3.7,3,17,西单/金融街地区,小吃,西城区,距市中心2.7km
12206006,3.7,3,94,,川菜,西城区,距市中心2.7km
15903179,3.7,3,50,房山风景区,西餐,房山区,距市中心29.6km
18492110,3.7,3,73,房山风景区,火锅,房山区,距市中心31.6km
12200631,3.7,3,67,,火锅,东城区,距市中心3.7km
15601948,3.7,3,28,西单/金融街地区,小吃,西城区,距市中心4.5km
11170790,3.7,3,19,怀柔风景区,小吃,怀柔区,距市中心49.2km
18600680,3.7,3,87,,粤菜,丰台区,距市中心4.9km
120815897,3.7,3,50,西单/金融街地区,小吃,西城区,距市中心5.2km
4935973,3.7,3,104,国展中心地区,火锅,东城区,距市中心5.2km
4947603,3.7,3,33,劲松/潘家园地区,快餐简餐,丰台区,距市中心5.7km
15505600,3.7,3,16,马甸/安贞地区,快餐简餐,西城区,距市中心5.9km
7045977,3.7,3,103,三里屯/工体/东直门地区,粤菜,东城区,距市中心5km
7050214,3.7,3,85,劲松/潘家园地区,火锅,丰台区,距市中心6.2km
16566284,3.7,3,25,北京西站/丽泽商务区,快餐简餐,丰台区,距市中心6.2km
6936021,3.7,3,448,西直门/北京展览馆地区,粤菜,海淀区,距市中心7.7km
22510720,3.7,3,148,永定门/南站/大红门/南苑地区,云南菜,丰台区,距市中心8.4km
4940361,3.7,3,107,,火锅,海淀区,距市中心8.6km
4939588,3.7,3,27,,小吃,海淀区,距市中心8km
7025918,3.7,3,65,顺义温泉休闲区,,顺义区,
15460292,3.7,3,57,,烧烤,平谷区,
4985014,3.7,3,39,,川菜,密云区,
15923094,3.8,209,46,前门/天坛公园/崇文门,小吃,西城区,距市中心1.3km
4954528,3.8,128,18,环球影城度假区及周边,快餐简餐,通州区,距市中心19.8km
15950086,3.8,113,18,回龙观/天通苑地区,快餐简餐,昌平区,距市中心17.1km
15557264,3.8,113,48,,快餐简餐,东城区,距市中心3.7km
11737202,3.8,102,100,三里屯/工体/东直门地区,烧烤,东城区,距市中心4.2km
15314406,3.8,93,16,前门/天坛公园/崇文门,快餐简餐,东城区,距市中心1.3km
13699847,3.8,91,97,西直门/北京展览馆地区,烧烤,海淀区,距市中心7.2km
15958875,3.8,90,54,沙河大学城/上庄地区,川菜,昌平区,距市中心29.1km
16565572,3.8,71,63,三里屯/工体/东直门地区,川菜,东城区,距市中心4.7km
8617181,3.8,69,38,西单/金融街地区,火锅,西城区,距市中心2.7km
15672335,3.8,63,0,,,丰台区,距市中心9.5km
4937014,3.8,59,37,前门/天坛公园/崇文门,小吃,西城区,距市中心1.1km
12215466,3.8,59,76,环球影城度假区及周边,烧烤,通州区,距市中心20.3km
4942957,3.8,58,73,永定门/南站/大红门/南苑地区,咖啡店,丰台区,距市中心4.9km
12497530,3.8,57,58,后海/南锣鼓巷地区,北京菜,东城区,距市中心3.3km
16564267,3.8,49,33,,北京菜,东城区,距市中心3.8km
12122122,3.8,44,28,回龙观/天通苑地区,快餐简餐,昌平区,距市中心19.8km
17601083,3.8,42,23,回龙观/天通苑地区,北京菜,昌平区,距市中心19.1km
15993807,3.8,35,99,公主坟/五棵松/石景山游乐园地区,北京菜,石景山区,距市中心17.6km
15999210,3.8,35,73,回龙观/天通苑地区,湘菜,昌平区,距市中心19.8km
25046431,3.8,34,195,望京/酒仙桥/798地区,日本料理,朝阳区,距市中心10.1km
22516306,3.8,34,72,,新疆菜,丰台区,距市中心8km
5563822,3.8,32,74,怀柔风景区,农家菜,怀柔区,
4942629,3.8,29,100,,自助餐,海淀区,距市中心8.6km
78391543,3.8,28,160,燕莎/朝阳公园商业区,日本料理,朝阳区,距市中心7.5km
22510734,3.8,27,120,望京/酒仙桥/798地区,烧烤,朝阳区,距市中心11.3km
4935969,3.8,23,70,天安门/王府井地区,湘菜,西城区,距市中心1.6km
15144152,3.8,22,79,前门/天坛公园/崇文门,北京菜,西城区,距市中心1.3km
4950721,3.8,21,375,香山/八大处风景区,西餐,海淀区,距市中心16.8km
13795706,3.8,21,88,环球影城度假区及周边,湘菜,通州区,距市中心24km
7047778,3.8,18,54,首都机场/新国展地区,东北菜,顺义区,距市中心22.8km
8559263,3.8,17,131,,韩国料理,大兴区,距市中心13km
8608267,3.8,17,73,大兴北京新机场地区,小吃,大兴区,距市中心16.1km
13002710,3.8,16,66,前门/天坛公园/崇文门,湘菜,西城区,距市中心2.6km
7024285,3.8,14,71,首都机场/新国展地区,烧烤,顺义区,距市中心23.1km
4938806,3.8,14,60,后海/南锣鼓巷地区,北京菜,东城区,距市中心3.5km
8541217,3.8,14,88,昌平城区/十三陵度假区,北京菜,昌平区,距市中心36.7km
259418,3.8,14,58,西单/金融街地区,小吃,西城区,距市中心4km
25047882,3.8,13,122,燕莎/朝阳公园商业区,烧烤,朝阳区,距市中心8km
73427479,3.8,12,53,,小吃,东城区,距市中心1.1km
268556,3.8,12,64,总部基地/丰台体育中心/南宫地区,,丰台区,距市中心12.3km
6942910,3.8,12,0,顺义温泉休闲区,自助餐,顺义区,距市中心21.3km
15989933,3.8,11,56,,川菜,海淀区,距市中心11.5km
12216477,3.8,11,78,,东北菜,通州区,距市中心19.6km
4945217,3.8,11,110,,农家菜,密云区,
12384705,3.8,10,122,公主坟/五棵松/石景山游乐园地区,韩国料理,海淀区,距市中心10.5km
22516392,3.8,10,203,公主坟/五棵松/石景山游乐园地区,徽菜,石景山区,距市中心14.5km
70433769,3.8,10,106,天安门/王府井地区,北京菜,东城区,距市中心1.6km
12214814,3.8,10,79,,火锅,昌平区,距市中心36.1km
4938919,3.8,10,72,西单/金融街地区,烧烤,海淀区,距市中心6.7km
13364646,3.8,10,88,门头沟/潭柘寺/妙峰山风景区,北京菜,门头沟区,
15684417,3.8,9,94,,湘菜,门头沟区,距市中心22.3km
4975906,3.8,9,56,沙河大学城/上庄地区,小吃,海淀区,距市中心27.1km
4956526,3.8,9,84,,北京菜,西城区,距市中心3.7km
4951707,3.8,9,91,后海/南锣鼓巷地区,川菜,西城区,距市中心4.2km
16577763,3.8,9,124,三里屯/工体/东直门地区,西餐,东城区,距市中心4.5km
25047751,3.8,8,151,天安门/王府井地区,北京菜,东城区,距市中心1.1km
8589048,3.8,8,100,大兴北京新机场地区,火锅,大兴区,距市中心11km
4963244,3.8,8,55,前门/天坛公园/崇文门,川菜,西城区,距市中心2.7km
7022741,3.8,7,59,北京西站/丽泽商务区,北京菜,西城区,距市中心7km
4948342,3.8,7,159,国贸地区,日本料理,朝阳区,距市中心9.6km
12618875,3.8,6,16,,小吃,丰台区,距市中心11km
4959112,3.8,6,103,天安门/王府井地区,小吃,东城区,距市中心2.1km
21584122,3.8,6,17,回龙观/天通苑地区,咖啡店,昌平区,距市中心24.3km
4935912,3.8,6,104,天安门/王府井地区,江浙菜,东城区,距市中心3km
15920991,3.8,6,16,怀柔风景区,小吃,怀柔区,距市中心49.2km
229100,3.8,6,23,西直门/北京展览馆地区,小吃,西城区,距市中心5.7km
17007037,3.8,5,97,天安门/王府井地区,海鲜,东城区,距市中心1.1km
79423021,3.8,5,107,公主坟/五棵松/石景山游乐园地区,,海淀区,距市中心11km
18537393,3.8,5,145,公主坟/五棵松/石景山游乐园地区,川菜,海淀区,距市中心11km
4943862,3.8,5,18,中关村/五道口,快餐简餐,海淀区,距市中心12.3km
11493762,3.8,5,34,亦庄地区,快餐简餐,大兴区,距市中心15.9km
15472936,3.8,5,52,回龙观/天通苑地区,西餐,昌平区,距市中心18.5km
4948666,3.8,5,109,环球影城度假区及周边,烧烤,通州区,距市中心20.1km
11191213,3.8,5,68,,快餐简餐,丰台区,距市中心21.3km
4960086,3.8,5,67,,东北菜,丰台区,距市中心21.6km
134213894,3.8,5,0,回龙观/天通苑地区,小吃,昌平区,距市中心23.1km
8536589,3.8,5,64,房山风景区,湘菜,房山区,距市中心27.6km
25042588,3.8,5,0,顺义温泉休闲区,快餐简餐,顺义区,距市中心43.3km
7041161,3.8,5,97,北京西站/丽泽商务区,,丰台区,距市中心9.9km
4940651,3.8,4,42,中关村/五道口,快餐简餐,海淀区,距市中心12.5km
21592092,3.8,4,44,,快餐简餐,海淀区,距市中心12.6km
78669876,3.8,4,158,公主坟/五棵松/石景山游乐园地区,其他,石景山区,距市中心14.6km
12806944,3.8,4,77,亦庄地区,火锅,通州区,距市中心15.8km
15502250,3.8,4,28,,小吃,大兴区,距市中心16.5km
15469758,3.8,4,23,,快餐简餐,石景山区,距市中心18.1km
4947587,3.8,4,49,香山/八大处风景区,川菜,石景山区,距市中心18.3km
11114982,3.8,4,31,,小吃,通州区,距市中心18.5km
202895,3.8,4,40,回龙观/天通苑地区,,昌平区,距市中心19km
7032035,3.8,4,40,通州运河商务区,快餐简餐,通州区,距市中心20.1km
12202278,3.8,4,25,回龙观/天通苑地区,小吃,昌平区,距市中心20.1km
4940956,3.8,4,35,,小吃,东城区,距市中心2.2km
308296,3.8,4,52,沙河大学城/上庄地区,,海淀区,距市中心33.3km
15479429,3.8,4,53,,川菜,房山区,距市中心36.3km
8585854,3.8,4,63,天安门/王府井地区,川菜,西城区,距市中心3.7km
15900732,3.8,4,0,,本帮菜,顺义区,距市中心42.7km
15913568,3.8,4,45,,北京菜,昌平区,距市中心44.5km
7039070,3.8,4,32,,面包甜点,丰台区,距市中心6.9km
11692796,3.8,4,41,北京西站/丽泽商务区,,丰台区,距市中心7.9km
7022308,3.8,4,92,,自助餐,海淀区,距市中心8.5km
15503063,3.8,4,68,中关村/五道口,粤菜,海淀区,距市中心9.9km
15487580,3.8,4,114,,北京菜,怀柔区,
15985077,3.8,4,86,,北京菜,怀柔区,
12467817,3.8,4,49,延庆休闲度假区,农家菜,延庆区,
12467608,3.8,4,52,,农家菜,延庆区,
4952083,3.9,370,22,公主坟/五棵松/石景山游乐园地区,快餐简餐,石景山区,距市中心15.4km
4958298,3.9,278,46,,快餐简餐,丰台区,距市中心5km
16097294,3.9,153,103,回龙观/天通苑地区,川菜,昌平区,距市中心23.6km
4964326,3.9,149,26,西直门/北京展览馆地区,小吃,海淀区,距市中心8km
15530937,3.9,121,112,公主坟/五棵松/石景山游乐园地区,烧烤,海淀区,距市中心11.1km
326214,3.9,121,52,北京站,小吃,东城区,距市中心1.6km
4944650,3.9,117,159,中关村/五道口,北京菜,海淀区,距市中心9.6km
4935937,3.9,116,125,后海/南锣鼓巷地区,北京菜,西城区,距市中心4km
21584144,3.9,112,38,,快餐简餐,丰台区,距市中心5km
4953491,3.9,105,59,公主坟/五棵松/石景山游乐园地区,小吃,海淀区,距市中心11.4km
4992668,3.9,97,94,回龙观/天通苑地区,自助餐,昌平区,距市中心17.3km
4950246,3.9,69,53,后海/南锣鼓巷地区,快餐简餐,东城区,距市中心4km
4982102,3.9,62,61,环球影城度假区及周边,小吃,通州区,距市中心22.1km
8588911,3.9,59,36,,日本料理,大兴区,距市中心14.8km
15984257,3.9,55,100,沙河大学城/上庄地区,火锅,昌平区,距市中心29.1km
11266770,3.9,55,68,西直门/北京展览馆地区,烧烤,海淀区,距市中心7.2km
4962771,3.9,52,95,三里屯/工体/东直门地区,烧烤,东城区,距市中心4.5km
15474527,3.9,49,63,中关村/五道口,川菜,海淀区,距市中心8km
4947797,3.9,46,58,,快餐简餐,海淀区,距市中心11km
4951326,3.9,45,97,前门/天坛公园/崇文门,烧烤,东城区,距市中心1.3km
17521802,3.9,41,15,房山风景区,快餐简餐,房山区,距市中心28.6km
4946420,3.9,39,12,,面包甜点,海淀区,距市中心9.6km
4937138,3.9,38,92,,湘菜,海淀区,距市中心12km
4981315,3.9,38,64,沙河大学城/上庄地区,东北菜,昌平区,距市中心27.5km
15972514,3.9,36,29,,快餐简餐,东城区,距市中心3.5km
4937882,3.9,32,128,公主坟/五棵松/石景山游乐园地区,火锅,石景山区,距市中心17.8km
17005725,3.9,31,235,中关村/五道口,江浙菜,海淀区,距市中心11.9km
7041996,3.9,31,101,,川菜,大兴区,距市中心13.5km
4957007,3.9,30,33,首都机场/新国展地区,西餐,顺义区,距市中心24.8km
16565088,3.9,29,36,房山风景区,火锅,房山区,距市中心42.6km
15466555,3.9,28,113,,湘菜,西城区,距市中心2.8km
16572335,3.9,27,158,,江浙菜,朝阳区,距市中心4km
4948320,3.9,27,47,,小吃,海淀区,距市中心9.5km
16103493,3.9,26,20,,面包甜点,东城区,距市中心3.5km
4954649,3.9,25,47,前门/天坛公园/崇文门,小吃,西城区,距市中心1.1km
22514624,3.9,25,86,天安门/王府井地区,北京菜,东城区,距市中心1.6km
4937461,3.9,25,110,三里屯/工体/东直门地区,火锅,东城区,距市中心4.2km
318014,3.9,25,71,后海/南锣鼓巷地区,小吃,西城区,距市中心4km
4988655,3.9,24,38,前门/天坛公园/崇文门,小吃,东城区,距市中心1.1km
8586513,3.9,23,79,回龙观/天通苑地区,湘菜,昌平区,距市中心17.3km
25039981,3.9,21,199,沙河大学城/上庄地区,自助餐,海淀区,距市中心31.6km
4992217,3.9,21,57,天安门/王府井地区,,西城区,距市中心3.5km
15635899,3.9,20,29,中关村/五道口,,海淀区,距市中心10.9km
22511104,3.9,20,75,,川菜,东城区,距市中心1.6km
8541717,3.9,19,108,房山风景区,火锅,房山区,距市中心28.3km
12105637,3.9,19,92,西单/金融街地区,火锅,西城区,距市中心3.1km
4955349,3.9,19,74,,湘菜,东城区,距市中心6.2km
22519869,3.9,18,87,中关村/五道口,火锅,海淀区,距市中心12km
12042842,3.9,17,31,公主坟/五棵松/石景山游乐园地区,小吃,丰台区,距市中心12.3km
4964676,3.9,17,53,通州运河商务区,小吃,通州区,距市中心19.1km
13736423,3.9,17,59,,北京菜,海淀区,距市中心22.3km
15540286,3.9,17,22,,快餐简餐,门头沟区,距市中心22.6km
4977380,3.9,17,74,,,东城区,距市中心2.2km
17608783,3.9,17,50,西单/金融街地区,小吃,西城区,距市中心3.5km
4955990,3.9,16,40,中关村/五道口,小吃,海淀区,距市中心10.9km
16544251,3.9,16,47,前门/天坛公园/崇文门,小吃,西城区,距市中心1.3km
15589918,3.9,16,26,,小吃,大兴区,距市中心17.6km
17596412,3.9,16,27,永定门/南站/大红门/南苑地区,小吃,丰台区,距市中心5km
15500848,3.9,16,108,永定门/南站/大红门/南苑地区,东北菜,丰台区,距市中心9.8km
21538638,3.9,15,119,公主坟/五棵松/石景山游乐园地区,火锅,海淀区,距市中心12km
4954390,3.9,15,43,,咖啡店,西城区,距市中心3.6km
4964212,3.9,15,155,中关村/五道口,粤菜,海淀区,距市中心9km
15208079,3.9,13,24,亦庄地区,小吃,大兴区,距市中心15.9km
16098601,3.9,12,153,望京/酒仙桥/798地区,火锅,朝阳区,距市中心10km
12208580,3.9,12,22,三里屯/工体/东直门地区,快餐简餐,东城区,距市中心4.7km
15930187,3.9,12,64,永定门/南站/大红门/南苑地区,烧烤,东城区,距市中心4.9km
192628,3.9,10,39,中关村/五道口,小吃,海淀区,距市中心10.6km
341472,3.9,10,222,中关村/五道口,江浙菜,海淀区,距市中心12km
4955425,3.9,10,166,燕莎/朝阳公园商业区,日本料理,朝阳区,距市中心7.5km
18486470,3.9,9,20,,,海淀区,距市中心10.8km
4944669,3.9,9,131,公主坟/五棵松/石景山游乐园地区,烧烤,石景山区,距市中心15.5km
15885482,3.9,9,25,香山/八大处风景区,快餐简餐,石景山区,距市中心19.5km
15484449,3.9,9,96,,,丰台区,距市中心23km
13156771,3.9,8,42,,快餐简餐,丰台区,距市中心10.5km
231815,3.9,8,93,西直门/北京展览馆地区,北京菜,海淀区,距市中心10.8km
7036953,3.9,8,102,首都机场/新国展地区,烧烤,顺义区,距市中心23.3km
4941011,3.9,8,40,西直门/北京展览馆地区,小吃,西城区,距市中心6.2km
4943061,3.9,8,53,永定门/南站/大红门/南苑地区,北京菜,丰台区,距市中心6.7km
15470416,3.9,8,26,北京西站/丽泽商务区,小吃,海淀区,距市中心7km
12202254,3.9,7,98,西直门/北京展览馆地区,火锅,海淀区,距市中心6.5km
4940994,4.0,551,35,北京站,快餐简餐,东城区,距市中心1.6km
283792,4.0,521,34,,快餐简餐,丰台区,距市中心7.4km
4952691,4.0,518,31,北京站,快餐简餐,东城区,距市中心1.5km
8620804,4.0,503,26,永定门/南站/大红门/南苑地区,小吃,丰台区,距市中心4.9km
11500816,4.0,486,32,,小吃,丰台区,距市中心5km
4949968,4.0,370,31,北京站,快餐简餐,东城区,距市中心1.8km
11997819,4.0,356,36,天安门/王府井地区,快餐简餐,东城区,距市中心878m
15953976,4.0,335,58,回龙观/天通苑地区,西餐,昌平区,距市中心23.6km
4957365,4.0,309,50,永定门/南站/大红门/南苑地区,快餐简餐,丰台区,距市中心4.9km
4963780,4.0,264,21,回龙观/天通苑地区,快餐简餐,昌平区,距市中心20.1km
18590363,4.0,263,32,,快餐简餐,丰台区,距市中心5km
4967997,4.0,259,48,永定门/南站/大红门/南苑地区,小吃,丰台区,距市中心5km
12469503,4.0,236,17,上地产业园/西三旗,快餐简餐,昌平区,距市中心18.1km
4961212,4.0,223,25,回龙观/天通苑地区,快餐简餐,昌平区,距市中心20.1km
4978138,4.0,184,28,小汤山温泉度假区,快餐简餐,昌平区,距市中心23.8km
15913884,4.0,171,24,首都机场/新国展地区,快餐简餐,顺义区,距市中心29.3km
4946744,4.0,168,42,,韩国料理,西城区,距市中心3km
203794,4.0,161,18,公主坟/五棵松/石景山游乐园地区,快餐简餐,石景山区,距市中心18.3km
4966024,4.0,149,32,回龙观/天通苑地区,快餐简餐,昌平区,距市中心23.5km
12208103,4.0,143,35,西单/金融街地区,火锅,西城区,距市中心2.7km
4969876,4.0,136,83,上地产业园/西三旗,自助餐,昌平区,距市中心18.3km
4980022,4.0,131,25,,小吃,西城区,距市中心4.7km
11679108,4.0,129,38,沙河大学城/上庄地区,面包甜点,昌平区,距市中心27.1km
4957622,4.0,122,19,回龙观/天通苑地区,快餐简餐,昌平区,距市中心20.8km
184368,4.0,121,20,,快餐简餐,东城区,距市中心1.1km
12035931,4.0,120,48,西直门/北京展览馆地区,小吃,海淀区,距市中心8.3km
15463779,4.0,119,117,,西餐,东城区,距市中心3.7km
7048118,4.0,112,95,环球影城度假区及周边,烧烤,通州区,距市中心22.1km
8640158,4.0,98,34,,快餐简餐,大兴区,距市中心14.3km
16002998,4.0,94,110,,创意菜,海淀区,距市中心9.6km
15494485,4.0,88,51,房山风景区,小吃,房山区,距市中心29.6km
4958441,4.0,84,118,永定门/南站/大红门/南苑地区,韩国料理,丰台区,距市中心6.9km
11372232,4.0,83,75,公主坟/五棵松/石景山游乐园地区,火锅,石景山区,距市中心15.5km
12089011,4.0,81,24,通州运河商务区,面包甜点,通州区,距市中心25km
315614,4.0,79,20,回龙观/天通苑地区,,昌平区,距市中心17.3km
276847,4.0,75,25,通州运河商务区,西餐,通州区,距市中心20km
8594307,4.0,65,79,上地产业园/西三旗,西餐,昌平区,距市中心18.8km
4978072,4.0,64,30,上地产业园/西三旗,快餐简餐,海淀区,距市中心16.8km
4939692,4.0,64,38,三里屯/工体/东直门地区,小吃,东城区,距市中心4km
25039606,4.0,64,1100,国贸地区,日本料理,朝阳区,距市中心6.2km
12179608,4.0,63,84,,火锅,大兴区,距市中心14.3km
15965277,4.0,61,86,三里屯/工体/东直门地区,烧烤,东城区,距市中心4.5km
15596229,4.0,59,46,,快餐简餐,丰台区,距市中心10.5km
130393920,4.0,57,102,国贸地区,火锅,朝阳区,距市中心6.4km
15616807,4.0,57,71,永定门/南站/大红门/南苑地区,,丰台区,距市中心7.4km
4958618,4.0,56,107,中关村/五道口,日本料理,海淀区,距市中心12.3km
4942762,4.0,54,66,回龙观/天通苑地区,西餐,昌平区,距市中心17.3km
78104634,4.0,52,100,中关村/五道口,韩国料理,海淀区,距市中心11.9km
11511712,4.0,51,83,后海/南锣鼓巷地区,火锅,西城区,距市中心4.2km
120816306,4.0,50,34,三里屯/工体/东直门地区,小吃,朝阳区,距市中心5km
4975419,4.0,48,91,回龙观/天通苑地区,川菜,昌平区,距市中心20.5km
130045636,4.0,48,159,国展中心地区,西餐,朝阳区,距市中心7.7km
4948934,4.0,47,29,,小吃,海淀区,距市中心12.4km
15945524,4.0,47,46,大兴北京新机场地区,快餐简餐,大兴区,距市中心14.6km
129617359,4.0,47,285,三里屯/工体/东直门地区,火锅,朝阳区,距市中心5km
4946511,4.0,46,32,公主坟/五棵松/石景山游乐园地区,面包甜点,石景山区,距市中心14.3km
7042734,4.0,46,113,环球影城度假区及周边,北京菜,通州区,距市中心21.5km
25057035,4.0,46,556,燕莎/朝阳公园商业区,日本料理,朝阳区,距市中心7.7km
4945070,4.0,43,67,三里屯/工体/东直门地区,川菜,东城区,距市中心4.2km
15098350,4.0,40,91,,川菜,海淀区,距市中心9.4km
4943827,4.0,38,106,中关村/五道口,日本料理,海淀区,距市中心9.1km
25039139,4.0,37,1180,望京/酒仙桥/798地区,日本料理,朝阳区,距市中心9.9km
22510767,4.0,36,265,望京/酒仙桥/798地区,西餐,朝阳区,距市中心11.8km
12769684,4.0,36,18,前门/天坛公园/崇文门,快餐简餐,西城区,距市中心2.6km
7027231,4.0,34,51,,川菜,房山区,距市中心49.7km
12136735,4.0,33,57,公主坟/五棵松/石景山游乐园地区,川菜,海淀区,距市中心11.4km
4971872,4.0,33,46,沙河大学城/上庄地区,,昌平区,距市中心28.8km
77850476,4.0,33,51,后海/南锣鼓巷地区,北京菜,东城区,距市中心4km
15477767,4.0,31,70,西直门/北京展览馆地区,东北菜,海淀区,距市中心8.5km
15888949,4.0,30,39,,快餐简餐,大兴区,距市中心11.8km
15662291,4.0,30,92,回龙观/天通苑地区,,昌平区,距市中心20.1km
4944002,4.0,29,38,前门/天坛公园/崇文门,小吃,西城区,距市中心1.6km
4961914,4.0,29,69,,川菜,丰台区,距市中心22.8km
78362416,4.0,28,128,望京/酒仙桥/798地区,火锅,朝阳区,距市中心11.1km
62203348,4.0,28,145,三里屯/工体/东直门地区,咖啡店,朝阳区,距市中心5km
17003967,4.0,27,38,房山风景区,小吃,房山区,距市中心31.5km
24982258,4.0,27,272,燕莎/朝阳公园商业区,日本料理,朝阳区,距市中心7km
130658600,4.0,26,152,西单/金融街地区,西餐,西城区,距市中心3.1km
278016,4.0,26,97,北京西站/丽泽商务区,湘菜,海淀区,距市中心7.2km
11128116,4.0,26,109,中关村/五道口,火锅,海淀区,距市中心8km
22516753,4.0,25,148,前门/天坛公园/崇文门,日本料理,西城区,距市中心1.1km
120823080,4.0,25,369,西单/金融街地区,西餐,西城区,距市中心3.1km
25045759,4.0,25,78,西单/金融街地区,粤菜,西城区,距市中心3km
4981342,4.0,25,151,前门/天坛公园/崇文门,自助餐,东城区,距市中心730m
15951073,4.0,24,100,总部基地/丰台体育中心/南宫地区,烧烤,丰台区,距市中心12km
143346117,4.0,24,0,前门/天坛公园/崇文门,自助餐,东城区,距市中心1.3km
17006985,4.0,24,195,燕莎/朝阳公园商业区,西餐,朝阳区,距市中心6km
15470830,4.0,23,44,公主坟/五棵松/石景山游乐园地区,火锅,石景山区,距市中心17.6km
25043836,4.0,23,0,天安门/王府井地区,酒吧/酒馆,东城区,距市中心1.8km
11915343,4.0,23,95,公主坟/五棵松/石景山游乐园地区,火锅,石景山区,距市中心19.6km
112177540,4.0,23,176,国贸地区,西餐,朝阳区,距市中心4.5km
25039754,4.0,23,135,国贸地区,烧烤,朝阳区,距市中心7.5km
15648652,4.0,22,20,北京西站/丽泽商务区,快餐简餐,丰台区,距市中心11.5km
17596782,4.0,22,0,,快餐简餐,大兴区,距市中心15.1km
15919843,4.0,22,41,亦庄地区,小吃,大兴区,距市中心15.9km
4965960,4.0,22,23,,小吃,西城区,距市中心1.8km
15670304,4.0,22,20,环球影城度假区及周边,小吃,通州区,距市中心20.6km
4943042,4.0,22,60,前门/天坛公园/崇文门,湘菜,西城区,距市中心2.2km
112177530,4.0,22,58,后海/南锣鼓巷地区,咖啡店,东城区,距市中心4km
4936509,4.0,22,87,,北京菜,海淀区,距市中心8.3km
4969910,4.0,21,64,回龙观/天通苑地区,北京菜,昌平区,距市中心18.5km
7027009,4.0,21,36,首都机场/新国展地区,快餐简餐,顺义区,距市中心22.3km
4937501,4.0,21,94,三里屯/工体/东直门地区,川菜,东城区,距市中心4.2km
22518409,4.0,21,108,国贸地区,火锅,朝阳区,距市中心5km
16577825,4.0,21,38,马甸/安贞地区,面包甜点,东城区,距市中心6.9km
4981316,4.0,20,61,房山风景区,西餐,房山区,距市中心25.8km
8587604,4.0,20,115,三里屯/工体/东直门地区,海鲜,东城区,距市中心3.7km
12125598,4.0,20,24,,,东城区,距市中心4.7km
25057254,4.0,20,205,三里屯/工体/东直门地区,川菜,朝阳区,距市中心5.2km
22518690,4.0,19,137,公主坟/五棵松/石景山游乐园地区,西餐,海淀区,距市中心11km
8591077,4.0,19,106,大兴北京新机场地区,韩国料理,大兴区,距市中心19.3km
15895794,4.0,19,138,昌平城区/十三陵度假区,,昌平区,距市中心37.7km
133774370,4.0,19,258,燕莎/朝阳公园商业区,火锅,朝阳区,距市中心7.7km
15569548,4.0,18,60,,东北菜,丰台区,距市中心11.1km
4976587,4.0,18,120,,韩国料理,朝阳区,距市中心11.9km
133936042,4.0,18,253,望京/酒仙桥/798地区,江浙菜,朝阳区,距市中心11.9km
136065137,4.0,18,56,天安门/王府井地区,小吃,东城区,距市中心1.3km
133549262,4.0,18,192,上地产业园/西三旗,日本料理,海淀区,距市中心15.3km
140026535,4.0,18,0,国展中心地区,粤菜,东城区,距市中心6.2km
11083049,4.0,18,20,永定门/南站/大红门/南苑地区,快餐简餐,丰台区,距市中心6.4km
122722229,4.0,17,123,望京/酒仙桥/798地区,火锅,朝阳区,距市中心10.9km
22522607,4.0,17,500,望京/酒仙桥/798地区,日本料理,朝阳区,距市中心10km
15504699,4.0,17,95,天安门/王府井地区,北京菜,东城区,距市中心1.1km
78799697,4.0,17,230,,西餐,朝阳区,距市中心12km
73406031,4.0,17,127,前门/天坛公园/崇文门,火锅,东城区,距市中心1.3km
8310338,4.0,17,21,沙河大学城/上庄地区,快餐简餐,昌平区,距市中心27.3km
20357413,4.0,17,164,国贸地区,粤菜,朝阳区,距市中心6.2km
127726923,4.0,17,135,燕莎/朝阳公园商业区,火锅,朝阳区,距市中心7.5km
131942069,4.0,16,349,中关村/五道口,自助餐,海淀区,距市中心11.3km
15983708,4.0,16,15,回龙观/天通苑地区,快餐简餐,昌平区,距市中心24km
12132957,4.0,16,74,房山风景区,,房山区,距市中心28.8km
142224071,4.0,16,0,前门/天坛公园/崇文门,火锅,西城区,距市中心4.2km
132964500,4.0,16,97,国贸地区,川菜,朝阳区,距市中心5.2km
134076048,4.0,16,194,亚运村/奥体中心地区,日本料理,朝阳区,距市中心8.1km
130638844,4.0,15,137,天安门/王府井地区,东南亚菜,东城区,距市中心1.1km
21107691,4.0,15,79,西直门/北京展览馆地区,小吃,海淀区,距市中心12.1km
8584832,4.0,15,90,大兴北京新机场地区,北京菜,大兴区,距市中心20.8km
17505404,4.0,15,91,,烧烤,东城区,距市中心3.7km
120818507,4.0,15,72,国贸地区,川菜,朝阳区,距市中心6.2km
129999271,4.0,14,131,亚运村/奥体中心地区,火锅,朝阳区,距市中心11km
12490543,4.0,14,99,总部基地/丰台体育中心/南宫地区,火锅,丰台区,距市中心12km
133742211,4.0,14,44,亦庄地区,,大兴区,距市中心15.5km
78340344,4.0,14,63,三里屯/工体/东直门地区,咖啡店,朝阳区,距市中心3.7km
15983727,4.0,14,282,,面包甜点,朝阳区,距市中心5km
16555098,4.0,14,105,永定门/南站/大红门/南苑地区,火锅,丰台区,距市中心8.4km
12468861,4.0,14,207,,西餐,朝阳区,距市中心9.6km
112177603,4.0,14,151,国贸地区,西餐,朝阳区,距市中心9.6km
130036755,4.0,13,8,中关村/五道口,咖啡店,海淀区,距市中心11.9km
22517508,4.0,13,31,香山/八大处风景区,面包甜点,石景山区,距市中心20.3km
17597283,4.0,13,97,,北京菜,昌平区,距市中心25.5km
12208444,4.0,13,77,沙河大学城/上庄地区,,海淀区,距市中心27.3km
15580715,4.0,13,105,天安门/王府井地区,火锅,东城区,距市中心2.7km
11309113,4.0,13,15,大兴北京新机场地区,小吃,大兴区,距市中心33.8km
90680675,4.0,13,125,三里屯/工体/东直门地区,北京菜,东城区,距市中心4.5km
78822786,4.0,13,116,西单/金融街地区,火锅,西城区,距市中心4km
12202665,4.0,13,30,西单/金融街地区,小吃,西城区,距市中心5km
77905148,4.0,13,24,西直门/北京展览馆地区,小吃,西城区,距市中心6.5km
8645150,4.0,13,124,,湖北菜,东城区,距市中心7km
4946510,4.0,13,162,前门/天坛公园/崇文门,江浙菜,东城区,距市中心978m
17511033,4.0,13,5,古北水镇,面包甜点,密云区,
129996841,4.0,12,190,亚运村/奥体中心地区,火锅,朝阳区,距市中心10.3km
22517087,4.0,12,51,,西餐,海淀区,距市中心11.8km
16565568,4.0,12,48,前门/天坛公园/崇文门,面包甜点,西城区,距市中心1.1km
227370,4.0,12,81,公主坟/五棵松/石景山游乐园地区,,海淀区,距市中心12km
4988173,4.0,12,37,,,东城区,距市中心1.8km
25049645,4.0,12,0,三里屯/工体/东直门地区,,东城区,距市中心3.8km
4941684,4.0,12,23,后海/南锣鼓巷地区,小吃,西城区,距市中心4.4km
16565297,4.0,12,153,国贸地区,东南亚菜,朝阳区,距市中心4.5km
22451262,4.0,12,91,后海/南锣鼓巷地区,咖啡店,西城区,距市中心4.5km
25046486,4.0,12,98,国贸地区,粤菜,朝阳区,距市中心4.7km
16578651,4.0,12,257,三里屯/工体/东直门地区,西餐,朝阳区,距市中心4.9km
7043790,4.0,12,165,国展中心地区,,东城区,距市中心5.5km
18557733,4.0,12,17,,面包甜点,朝阳区,距市中心6.4km
133791795,4.0,12,109,燕莎/朝阳公园商业区,西餐,朝阳区,距市中心7.2km
130013226,4.0,12,150,国展中心地区,粤菜,朝阳区,距市中心7.7km
260671,4.0,12,68,,川菜,海淀区,距市中心9.8km
22517066,4.0,11,109,亦庄地区,烧烤,大兴区,距市中心14.8km
133772801,4.0,11,154,上地产业园/西三旗,川菜,海淀区,距市中心15.9km
15953674,4.0,11,60,回龙观/天通苑地区,东北菜,昌平区,距市中心17.3km
4941339,4.0,11,58,前门/天坛公园/崇文门,,东城区,距市中心1km
16995972,4.0,11,451,三里屯/工体/东直门地区,日本料理,东城区,距市中心5.2km
4962504,4.0,11,34,三里屯/工体/东直门地区,快餐简餐,东城区,距市中心5km
12526966,4.0,11,30,,快餐简餐,海淀区,距市中心9.5km
12436485,4.0,10,30,,,丰台区,距市中心10.6km
130084070,4.0,10,101,望京/酒仙桥/798地区,西餐,朝阳区,距市中心11.5km
130772818,4.0,10,0,前门/天坛公园/崇文门,火锅,东城区,距市中心1.1km
25042795,4.0,10,0,中关村/五道口,东南亚菜,海淀区,距市中心12.3km
22517905,4.0,10,150,亦庄地区,西餐,大兴区,距市中心15km
22520360,4.0,10,140,通州运河商务区,海鲜,通州区,距市中心21.3km
133763506,4.0,10,87,环球影城度假区及周边,东北菜,通州区,距市中心22.1km
133790176,4.0,10,108,首都机场/新国展地区,西餐,顺义区,距市中心23km
25043731,4.0,10,0,小汤山温泉度假区,北京菜,昌平区,距市中心26.5km
12201887,4.0,10,108,顺义温泉休闲区,火锅,顺义区,距市中心32.1km
130235277,4.0,10,126,三里屯/工体/东直门地区,火锅,东城区,距市中心4.2km
24563332,4.0,10,103,三里屯/工体/东直门地区,川菜,东城区,距市中心4.4km
136333865,4.0,10,0,三里屯/工体/东直门地区,小吃,朝阳区,距市中心5.2km
15551653,4.0,10,201,国贸地区,日本料理,朝阳区,距市中心5.9km
79422607,4.0,10,107,永定门/南站/大红门/南苑地区,火锅,丰台区,距市中心6.7km
4939369,4.0,10,35,天安门/王府井地区,快餐简餐,东城区,距市中心769m
17010960,4.0,10,109,房山风景区,火锅,房山区,
120837043,4.0,9,214,国贸地区,自助餐,朝阳区,距市中心10km
18502736,4.0,9,41,,快餐简餐,丰台区,距市中心10km
133771054,4.0,9,116,望京/酒仙桥/798地区,烧烤,朝阳区,距市中心11.4km
25042655,4.0,9,43,天安门/王府井地区,咖啡店,东城区,距市中心1.1km
4964355,4.0,9,129,中关村/五道口,火锅,海淀区,距市中心12.3km
22518507,4.0,9,44,亦庄地区,咖啡店,大兴区,距市中心15.3km
4984382,4.0,9,93,回龙观/天通苑地区,火锅,昌平区,距市中心20.5km
130024437,4.0,9,162,上地产业园/西三旗,,海淀区,距市中心23.1km
17594526,4.0,9,50,小汤山温泉度假区,新疆菜,昌平区,距市中心25.5km
77907040,4.0,9,208,西单/金融街地区,火锅,西城区,距市中心2.7km
144315231,4.0,9,0,西单/金融街地区,火锅,西城区,距市中心2.8km
78254198,4.0,9,107,,东南亚菜,朝阳区,距市中心4.2km
134829966,4.0,9,41,后海/南锣鼓巷地区,小吃,东城区,距市中心4km
4965363,4.0,9,42,前门/天坛公园/崇文门,快餐简餐,西城区,距市中心4km
133857295,4.0,9,69,三里屯/工体/东直门地区,小吃,朝阳区,距市中心5.2km
25047664,4.0,9,51,三里屯/工体/东直门地区,咖啡店,朝阳区,距市中心5km
15096181,4.0,9,40,,北京菜,东城区,距市中心5km
4942231,4.0,9,32,马甸/安贞地区,小吃,西城区,距市中心7.4km
197581,4.0,9,60,马甸/安贞地区,,朝阳区,距市中心7.7km
22522433,4.0,9,349,马甸/安贞地区,西餐,东城区,距市中心7km
4954911,4.0,9,218,马甸/安贞地区,西餐,东城区,距市中心7km
129615152,4.0,9,204,国贸地区,粤菜,朝阳区,距市中心9.4km
122770128,4.0,9,139,国贸地区,川菜,朝阳区,距市中心9.6km
130797696,4.0,8,133,,火锅,丰台区,距市中心10.4km
22514460,4.0,8,68,,川菜,朝阳区,距市中心11.9km
4937982,4.0,8,41,北京站,快餐简餐,东城区,距市中心1.1km
136029791,4.0,8,0,前门/天坛公园/崇文门,川菜,东城区,距市中心1.1km
18572621,4.0,8,41,中关村/五道口,快餐简餐,海淀区,距市中心13.5km
18544960,4.0,8,135,,火锅,石景山区,距市中心16.3km
129603550,4.0,8,144,传媒大学/管庄地区,日本料理,朝阳区,距市中心16.8km
120835702,4.0,8,133,上地产业园/西三旗,火锅,海淀区,距市中心17.8km
7023886,4.0,8,22,,快餐简餐,石景山区,距市中心18.1km
15632051,4.0,8,52,回龙观/天通苑地区,湘菜,昌平区,距市中心19.6km
4986103,4.0,8,90,通州运河商务区,东北菜,通州区,距市中心19.8km
79422019,4.0,8,121,总部基地/丰台体育中心/南宫地区,西餐,丰台区,距市中心19.8km
79422506,4.0,8,126,首都机场/新国展地区,,顺义区,距市中心21.3km
15959957,4.0,8,141,首都机场/新国展地区,西餐,顺义区,距市中心23.1km
17600477,4.0,8,94,首都机场/新国展地区,粤菜,顺义区,距市中心23.3km
13101206,4.0,8,10,昌平城区/十三陵度假区,面包甜点,昌平区,距市中心38.2km
22301265,4.0,8,106,,火锅,西城区,距市中心3km
20612185,4.0,8,106,,北京菜,昌平区,距市中心42.2km
136366805,4.0,8,0,三里屯/工体/东直门地区,面包甜点,东城区,距市中心4.4km
22510662,4.0,8,327,,日本料理,丰台区,距市中心4.9km
4940105,4.0,8,48,,小吃,西城区,距市中心4km
122652316,4.0,8,35,后海/南锣鼓巷地区,面包甜点,东城区,距市中心4km
4946741,4.0,8,45,西直门/北京展览馆地区,快餐简餐,西城区,距市中心5.5km
18580418,4.0,8,165,,西餐,朝阳区,距市中心6.2km
25034595,4.0,8,105,燕莎/朝阳公园商业区,日本料理,朝阳区,距市中心6.2km
134445183,4.0,8,126,国展中心地区,火锅,朝阳区,距市中心6.2km
135694986,4.0,8,0,马甸/安贞地区,茶馆/茶室,东城区,距市中心6.2km
22519001,4.0,8,59,,小吃,朝阳区,距市中心6.4km
4960419,4.0,8,53,西单/金融街地区,西餐,海淀区,距市中心6km
200880,4.0,8,101,,日本料理,西城区,距市中心7.2km
18568936,4.0,8,149,,火锅,西城区,距市中心7km
16004642,4.0,8,280,燕莎/朝阳公园商业区,创意菜,朝阳区,距市中心7km
130052804,4.0,8,141,燕莎/朝阳公园商业区,西餐,朝阳区,距市中心7km
130148980,4.0,8,132,西直门/北京展览馆地区,火锅,海淀区,距市中心8.1km
70456729,4.0,8,147,西直门/北京展览馆地区,川菜,海淀区,距市中心8.5km
130090433,4.0,8,29,公主坟/五棵松/石景山游乐园地区,小吃,海淀区,距市中心9.4km
13823570,4.0,8,56,延庆休闲度假区,西北菜,延庆区,
133924338,4.0,7,119,公主坟/五棵松/石景山游乐园地区,川菜,海淀区,距市中心10.5km
270831,4.0,7,40,,,丰台区,距市中心11.1km
21398972,4.0,7,210,,鲁菜,朝阳区,距市中心11.1km
12502327,4.0,7,54,,东北菜,大兴区,距市中心11.4km
15473475,4.0,7,22,中关村/五道口,快餐简餐,海淀区,距市中心11.5km
120811589,4.0,7,36,中关村/五道口,面包甜点,海淀区,距市中心11.5km
18453353,4.0,7,15,前门/天坛公园/崇文门,,东城区,距市中心1.1km
130027250,4.0,7,101,中关村/五道口,粤菜,海淀区,距市中心12.1km
16097903,4.0,7,36,总部基地/丰台体育中心/南宫地区,小吃,丰台区,距市中心12.8km
21538863,4.0,7,109,总部基地/丰台体育中心/南宫地区,北京菜,丰台区,距市中心12km
25041567,4.0,7,152,亦庄地区,北京菜,大兴区,距市中心13.3km
13019842,4.0,7,0,亦庄地区,鲁菜,大兴区,距市中心13.6km
133924029,4.0,7,200,传媒大学/管庄地区,江浙菜,朝阳区,距市中心13.8km
15996671,4.0,7,80,传媒大学/管庄地区,火锅,朝阳区,距市中心15.5km
302146,4.0,7,20,前门/天坛公园/崇文门,,东城区,距市中心1.6km
11512030,4.0,7,88,回龙观/天通苑地区,西餐,昌平区,距市中心17.3km
12769089,4.0,7,134,天安门/王府井地区,,东城区,距市中心180m
4951305,4.0,7,32,,,石景山区,距市中心18.1km
15905388,4.0,7,24,回龙观/天通苑地区,小吃,昌平区,距市中心19km
134822867,4.0,7,24,回龙观/天通苑地区,小吃,昌平区,距市中心23.6km
122624847,4.0,7,37,天安门/王府井地区,西北菜,东城区,距市中心2.3km
14966418,4.0,7,61,小汤山温泉度假区,快餐简餐,昌平区,距市中心25.5km
17001062,4.0,7,116,北京站,烧烤,东城区,距市中心2.6km
11181457,4.0,7,82,三里屯/工体/东直门地区,新疆菜,东城区,距市中心3.8km
79421984,4.0,7,199,西单/金融街地区,日本料理,西城区,距市中心3km
4954701,4.0,7,34,后海/南锣鼓巷地区,小吃,西城区,距市中心4.2km
130051957,4.0,7,91,国贸地区,西餐,朝阳区,距市中心4.2km
93831559,4.0,7,144,三里屯/工体/东直门地区,粤菜,东城区,距市中心4.4km
17592183,4.0,7,77,北京西站/丽泽商务区,北京菜,西城区,距市中心4.5km
22517758,4.0,7,93,三里屯/工体/东直门地区,素食,东城区,距市中心4.7km
25032337,4.0,7,48,昌平城区/十三陵度假区,北京菜,昌平区,距市中心48.8km
63480196,4.0,7,64,前门/天坛公园/崇文门,小吃,西城区,距市中心4km
90682073,4.0,7,294,西单/金融街地区,日本料理,西城区,距市中心4km
25058071,4.0,7,259,国贸地区,海鲜,朝阳区,距市中心6.4km
4957682,4.0,7,110,西单/金融街地区,火锅,海淀区,距市中心6.7km
129598301,4.0,7,70,前门/天坛公园/崇文门,快餐简餐,东城区,距市中心743m
22517778,4.0,7,54,燕莎/朝阳公园商业区,西餐,朝阳区,距市中心7.5km
15885788,4.0,7,44,北京西站/丽泽商务区,小吃,西城区,距市中心7km
4959415,4.0,7,95,天安门/王府井地区,粤菜,东城区,距市中心999m
21561242,4.0,7,168,亚运村/奥体中心地区,烧烤,朝阳区,距市中心9.9km
310239,4.0,7,68,门头沟/潭柘寺/妙峰山风景区,北京菜,门头沟区,
12467835,4.0,7,59,,北京菜,密云区,
4936298,4.0,6,117,望京/酒仙桥/798地区,东南亚菜,朝阳区,距市中心10.1km
17605598,4.0,6,315,,日本料理,海淀区,距市中心11.1km
15670344,4.0,6,102,望京/酒仙桥/798地区,烧烤,朝阳区,距市中心11km
16554921,4.0,6,68,总部基地/丰台体育中心/南宫地区,东北菜,丰台区,距市中心12.3km
77905159,4.0,6,103,,湘菜,海淀区,距市中心12.4km
4976720,4.0,6,133,,西餐,朝阳区,距市中心12km
136019917,4.0,6,0,大兴北京新机场地区,小吃,大兴区,距市中心13.8km
129624031,4.0,6,167,前门/天坛公园/崇文门,西餐,西城区,距市中心1.3km
12214997,4.0,6,23,公主坟/五棵松/石景山游乐园地区,小吃,石景山区,距市中心14.5km
22515884,4.0,6,188,亦庄地区,日本料理,大兴区,距市中心15.5km
78879378,4.0,6,358,前门/天坛公园/崇文门,创意菜,东城区,距市中心1.5km
8589151,4.0,6,76,亦庄地区,,通州区,距市中心18.6km
20368077,4.0,6,92,香山/八大处风景区,北京菜,石景山区,距市中心18.8km
21584475,4.0,6,0,回龙观/天通苑地区,烧烤,昌平区,距市中心19.3km
22510642,4.0,6,162,回龙观/天通苑地区,云南菜,昌平区,距市中心19.6km
22516938,4.0,6,165,环球影城度假区及周边,创意菜,通州区,距市中心20km
11915273,4.0,6,107,回龙观/天通苑地区,火锅,昌平区,距市中心22.6km
130029853,4.0,6,95,环球影城度假区及周边,粤菜,通州区,距市中心23.6km
17589075,4.0,6,30,小汤山温泉度假区,小吃,昌平区,距市中心25.5km
15488031,4.0,6,19,门头沟/潭柘寺/妙峰山风景区,快餐简餐,门头沟区,距市中心27.3km
20612844,4.0,6,106,,西餐,西城区,距市中心3.1km
8612789,4.0,6,140,大兴北京新机场地区,自助餐,大兴区,距市中心32.2km
4942872,4.0,6,45,,川菜,房山区,距市中心36.3km
22517259,4.0,6,17,昌平城区/十三陵度假区,快餐简餐,昌平区,距市中心37.1km
62203550,4.0,6,275,国贸地区,素食,朝阳区,距市中心4.2km
13053977,4.0,6,165,,江浙菜,房山区,距市中心43.7km
16564394,4.0,6,156,国贸地区,面包甜点,朝阳区,距市中心4.5km
18539224,4.0,6,44,国贸地区,小吃,朝阳区,距市中心4.5km
78570344,4.0,6,226,三里屯/工体/东直门地区,日本料理,东城区,距市中心4.5km
8623252,4.0,6,146,三里屯/工体/东直门地区,北京菜,东城区,距市中心4.5km
136340307,4.0,6,0,后海/南锣鼓巷地区,面包甜点,东城区,距市中心4km
135608354,4.0,6,0,后海/南锣鼓巷地区,小吃,东城区,距市中心4km
130098815,4.0,6,112,劲松/潘家园地区,火锅,丰台区,距市中心5.4km
120811380,4.0,6,40,西单/金融街地区,咖啡店,西城区,距市中心5km
93839590,4.0,6,142,前门/天坛公园/崇文门,粤菜,东城区,距市中心754m
122734376,4.0,6,111,马甸/安贞地区,烧烤,朝阳区,距市中心7.7km
120804337,4.0,6,121,永定门/南站/大红门/南苑地区,海鲜,大兴区,距市中心9.5km
11311082,4.0,6,35,中关村/五道口,快餐简餐,海淀区,距市中心9.9km
17510096,4.0,6,17,古北水镇,快餐简餐,密云区,
12886448,4.0,6,21,古北水镇,小吃,密云区,
4946558,4.0,6,61,密云水库,农家菜,密云区,
7034702,4.0,5,57,,川菜,海淀区,距市中心10.4km
13022515,4.0,5,48,总部基地/丰台体育中心/南宫地区,小吃,丰台区,距市中心10.5km
25049236,4.0,5,16,中关村/五道口,小吃,海淀区,距市中心11.1km
22520635,4.0,5,128,,火锅,朝阳区,距市中心11.3km
25042652,4.0,5,27,中关村/五道口,西餐,海淀区,距市中心11.4km
7037968,4.0,5,132,中关村/五道口,韩国料理,海淀区,距市中心11.4km
21136407,4.0,5,101,,,海淀区,距市中心11.5km
120821960,4.0,5,120,欢乐谷游乐区,烧烤,朝阳区,距市中心11.5km
78508408,4.0,5,36,中关村/五道口,面包甜点,海淀区,距市中心11.9km
4943140,4.0,5,32,天安门/王府井地区,快餐简餐,东城区,距市中心1.1km
78266877,4.0,5,34,,小吃,海淀区,距市中心11km
4944874,4.0,5,33,,快餐简餐,海淀区,距市中心12.1km
232877,4.0,5,71,,新疆菜,海淀区,距市中心12.5km
16097467,4.0,5,22,总部基地/丰台体育中心/南宫地区,快餐简餐,丰台区,距市中心12.8km
22519943,4.0,5,124,亦庄地区,北京菜,大兴区,距市中心13km
122763936,4.0,5,83,上地产业园/西三旗,江浙菜,海淀区,距市中心16.1km
4989771,4.0,5,0,大兴北京新机场地区,小吃,大兴区,距市中心17.3km
11341679,4.0,5,35,,快餐简餐,石景山区,距市中心18.1km
4936399,4.0,5,61,公主坟/五棵松/石景山游乐园地区,北京菜,石景山区,距市中心18.8km
11532857,4.0,5,40,,自助餐,通州区,距市中心19.6km
120817516,4.0,5,117,亦庄地区,烧烤,通州区,距市中心20.1km
4989596,4.0,5,87,亦庄地区,北京菜,通州区,距市中心21km
15567319,4.0,5,85,首都机场/新国展地区,北京菜,顺义区,距市中心23.1km
22510912,4.0,5,69,首都机场/新国展地区,面包甜点,顺义区,距市中心23.3km
13196615,4.0,5,58,首都机场/新国展地区,小吃,顺义区,距市中心23.3km
132972342,4.0,5,120,环球影城度假区及周边,面包甜点,通州区,距市中心23.8km
195273,4.0,5,37,,,东城区,距市中心2.3km
4950431,4.0,5,330,首都机场/新国展地区,粤菜,顺义区,距市中心24.3km
73402945,4.0,5,115,,,房山区,距市中心24.5km
4944678,4.0,5,33,天安门/王府井地区,快餐简餐,东城区,距市中心2.5km
12199835,4.0,5,91,通州运河商务区,湘菜,通州区,距市中心26.8km
4966476,4.0,5,67,房山风景区,粤菜,房山区,距市中心28.8km
21414295,4.0,5,0,,,西城区,距市中心2.8km
122634143,4.0,5,196,西单/金融街地区,自助餐,西城区,距市中心2.8km
12041665,4.0,5,88,,北京菜,房山区,距市中心28km
4952558,4.0,5,185,北京站,粤菜,东城区,距市中心2km
22510712,4.0,5,423,国贸地区,面包甜点,朝阳区,距市中心3.1km
7022662,4.0,5,34,西单/金融街地区,小吃,西城区,距市中心3.7km
130721617,4.0,5,53,三里屯/工体/东直门地区,火锅,东城区,距市中心3.7km
12465544,4.0,5,28,,面包甜点,西城区,距市中心3.8km
133794037,4.0,5,148,国贸地区,东北菜,朝阳区,距市中心4.4km
129607026,4.0,5,105,三里屯/工体/东直门地区,东南亚菜,东城区,距市中心4.4km
139040357,4.0,5,0,三里屯/工体/东直门地区,湘菜,东城区,距市中心4.5km
18621093,4.0,5,72,,海鲜,朝阳区,距市中心4.7km
21564285,4.0,5,93,劲松/潘家园地区,火锅,朝阳区,距市中心5.5km
4953842,4.0,5,109,,西餐,朝阳区,距市中心5km
21580000,4.0,5,104,燕莎/朝阳公园商业区,北京菜,朝阳区,距市中心6.2km
77851553,4.0,5,50,,烧烤,朝阳区,距市中心6.4km
22520511,4.0,5,206,燕莎/朝阳公园商业区,粤菜,朝阳区,距市中心7.2km
134801590,4.0,5,293,马甸/安贞地区,江浙菜,东城区,距市中心7km
132993006,4.0,5,0,天安门/王府井地区,面包甜点,东城区,距市中心831m
4938991,4.0,5,110,马甸/安贞地区,贵州菜,海淀区,距市中心8.3km
18569227,4.0,5,33,,小吃,海淀区,距市中心8.5km
15472540,4.0,5,123,中关村/五道口,西北菜,海淀区,距市中心8.9km
25048618,4.0,5,0,北京西站/丽泽商务区,,丰台区,距市中心9.1km
25041203,4.0,5,33,天安门/王府井地区,咖啡店,东城区,距市中心934m
22517863,4.0,5,51,亚运村/奥体中心地区,西餐,朝阳区,距市中心9.4km
62202106,4.0,5,69,天安门/王府井地区,面包甜点,东城区,距市中心954m
4962621,4.0,5,55,,火锅,丰台区,距市中心9.5km
25043194,4.0,5,53,,韩国料理,海淀区,距市中心9.5km
77905728,4.0,5,41,国贸地区,面包甜点,朝阳区,距市中心9.6km
79423632,4.0,5,98,中关村/五道口,火锅,海淀区,距市中心9km
78538956,4.0,5,100,,北京菜,怀柔区,
7023431,4.0,5,76,,火锅,怀柔区,
21399033,4.0,5,196,,北京菜,房山区,
4940736,4.0,5,75,延庆休闲度假区,农家菜,延庆区,
242978,4.0,5,78,怀柔风景区,,怀柔区,
17588205,4.0,5,67,古北水镇,日本料理,密云区,
13466705,4.0,5,115,密云水库,北京菜,密云区,
25051652,4.0,4,170,总部基地/丰台体育中心/南宫地区,烧烤,丰台区,距市中心10.3km
22511010,4.0,4,93,望京/酒仙桥/798地区,火锅,朝阳区,距市中心10.4km
62100030,4.0,4,54,望京/酒仙桥/798地区,韩国料理,朝阳区,距市中心10.9km
15917081,4.0,4,126,公主坟/五棵松/石景山游乐园地区,火锅,海淀区,距市中心11.1km
12562499,4.0,4,72,大兴北京新机场地区,湘菜,大兴区,距市中心11.1km
130854171,4.0,4,0,公主坟/五棵松/石景山游乐园地区,自助餐,海淀区,距市中心11.1km
122773766,4.0,4,103,望京/酒仙桥/798地区,川菜,朝阳区,距市中心11.4km
24931289,4.0,4,254,中关村/五道口,日本料理,海淀区,距市中心11.5km
18585020,4.0,4,69,中关村/五道口,西餐,海淀区,距市中心11.8km
120828121,4.0,4,122,望京/酒仙桥/798地区,火锅,朝阳区,距市中心11.9km
22522349,4.0,4,117,,日本料理,东城区,距市中心1.1km
4945757,4.0,4,36,天安门/王府井地区,韩国料理,东城区,距市中心1.1km
16565564,4.0,4,95,,徽菜,丰台区,距市中心11km
120798185,4.0,4,35,中关村/五道口,,海淀区,距市中心11km
21130351,4.0,4,53,望京/酒仙桥/798地区,贵州菜,朝阳区,距市中心11km
335699,4.0,4,50,,快餐简餐,海淀区,距市中心12.3km
22517125,4.0,4,290,总部基地/丰台体育中心/南宫地区,创意菜,丰台区,距市中心12.4km
7047032,4.0,4,84,中关村/五道口,西餐,海淀区,距市中心12km
20594215,4.0,4,108,公主坟/五棵松/石景山游乐园地区,烧烤,海淀区,距市中心12km
25045578,4.0,4,31,中关村/五道口,小吃,海淀区,距市中心12km
12630130,4.0,4,52,,快餐简餐,大兴区,距市中心13.1km
25054951,4.0,4,124,总部基地/丰台体育中心/南宫地区,西餐,丰台区,距市中心13.4km
4979372,4.0,4,132,,韩国料理,东城区,距市中心1.3km
11334175,4.0,4,32,大兴北京新机场地区,面包甜点,大兴区,距市中心14.5km
122768814,4.0,4,31,中关村/五道口,小吃,海淀区,距市中心14.9km
4977726,4.0,4,0,公主坟/五棵松/石景山游乐园地区,面包甜点,石景山区,距市中心15.3km
22518526,4.0,4,32,亦庄地区,快餐简餐,大兴区,距市中心15.4km
16577500,4.0,4,31,,快餐简餐,大兴区,距市中心16.8km
20336516,4.0,4,116,公主坟/五棵松/石景山游乐园地区,湘菜,海淀区,距市中心16km
15539969,4.0,4,28,公主坟/五棵松/石景山游乐园地区,小吃,石景山区,距市中心17.1km
7031301,4.0,4,23,,小吃,通州区,距市中心17.8km
13059330,4.0,4,45,,快餐简餐,石景山区,距市中心18.1km
21585808,4.0,4,56,香山/八大处风景区,面包甜点,石景山区,距市中心18.1km
120818807,4.0,4,107,亦庄地区,韩国料理,通州区,距市中心18.8km
12882284,4.0,4,19,通州运河商务区,小吃,通州区,距市中心19.1km
7047527,4.0,4,56,环球影城度假区及周边,,通州区,距市中心20.1km
22517965,4.0,4,106,环球影城度假区及周边,烧烤,通州区,距市中心20.1km
120835567,4.0,4,73,大兴北京新机场地区,韩国料理,大兴区,距市中心20.1km
12473584,4.0,4,86,,粤菜,丰台区,距市中心20km
11136414,4.0,4,139,通州运河商务区,日本料理,通州区,距市中心20km
15920370,4.0,4,73,回龙观/天通苑地区,海鲜,昌平区,距市中心20km
140769727,4.0,4,0,通州运河商务区,日本料理,通州区,距市中心21.5km
25040149,4.0,4,28,公主坟/五棵松/石景山游乐园地区,面包甜点,石景山区,距市中心21.8km
20365708,4.0,4,85,,湘菜,丰台区,距市中心22.6km
78672766,4.0,4,171,首都机场/新国展地区,江浙菜,顺义区,距市中心23.3km
129620339,4.0,4,125,回龙观/天通苑地区,海鲜,昌平区,距市中心23.6km
78301064,4.0,4,97,天安门/王府井地区,云南菜,东城区,距市中心2.3km
7031373,4.0,4,126,环球影城度假区及周边,徽菜,通州区,距市中心23km
79422409,4.0,4,117,房山风景区,川菜,房山区,距市中心24.6km
15458725,4.0,4,87,通州运河商务区,火锅,通州区,距市中心25.8km
21560153,4.0,4,136,,火锅,海淀区,距市中心26.1km
17598022,4.0,4,66,环球影城度假区及周边,北京菜,通州区,距市中心26.3km
127749879,4.0,4,40,西单/金融街地区,面包甜点,西城区,距市中心2.7km
127749929,4.0,4,34,西单/金融街地区,面包甜点,西城区,距市中心2.7km
22518662,4.0,4,37,西单/金融街地区,快餐简餐,西城区,距市中心2.8km
17611125,4.0,4,69,沙河大学城/上庄地区,烧烤,昌平区,距市中心31.3km
4936900,4.0,4,45,国贸地区,面包甜点,朝阳区,距市中心3.1km
332691,4.0,4,82,天安门/王府井地区,新疆菜,东城区,距市中心3.2km
22515984,4.0,4,112,,云南菜,朝阳区,距市中心3.5km
15974880,4.0,4,50,,小吃,房山区,距市中心36.1km
7025087,4.0,4,69,顺义温泉休闲区,,顺义区,距市中心36.5km
15958802,4.0,4,24,,快餐简餐,顺义区,距市中心37.2km
22514651,4.0,4,117,国贸地区,火锅,朝阳区,距市中心3.7km
130016467,4.0,4,53,,北京菜,西城区,距市中心3.7km
4950673,4.0,4,71,房山风景区,北京菜,房山区,距市中心42.6km
15469112,4.0,4,74,前门/天坛公园/崇文门,快餐简餐,西城区,距市中心4.2km
133788066,4.0,4,76,国贸地区,粤菜,朝阳区,距市中心4.5km
22517912,4.0,4,207,,西餐,朝阳区,距市中心4.5km
62102741,4.0,4,132,,烧烤,东城区,距市中心4.5km
4939467,4.0,4,25,三里屯/工体/东直门地区,快餐简餐,东城区,距市中心4.7km
4942264,4.0,4,25,西单/金融街地区,小吃,西城区,距市中心4.9km
78199624,4.0,4,64,三里屯/工体/东直门地区,咖啡店,东城区,距市中心4.9km
120831064,4.0,4,49,国贸地区,韩国料理,朝阳区,距市中心4km
7038434,4.0,4,86,三里屯/工体/东直门地区,烧烤,东城区,距市中心4km
134204921,4.0,4,84,国贸地区,面包甜点,朝阳区,距市中心5.5km
122742467,4.0,4,306,三里屯/工体/东直门地区,西餐,朝阳区,距市中心5.5km
122733842,4.0,4,115,燕莎/朝阳公园商业区,烧烤,朝阳区,距市中心5.7km
4937997,4.0,4,38,北京西站/丽泽商务区,小吃,西城区,距市中心6.7km
127758165,4.0,4,104,永定门/南站/大红门/南苑地区,烧烤,丰台区,距市中心6.7km
205673,4.0,4,33,西直门/北京展览馆地区,面包甜点,海淀区,距市中心6.7km
4954908,4.0,4,52,永定门/南站/大红门/南苑地区,,丰台区,距市中心6km
4940381,4.0,4,370,国贸地区,日本料理,朝阳区,距市中心6km
134079951,4.0,4,86,燕莎/朝阳公园商业区,火锅,朝阳区,距市中心6km
79423154,4.0,4,98,永定门/南站/大红门/南苑地区,湘菜,丰台区,距市中心7.2km
120836865,4.0,4,126,燕莎/朝阳公园商业区,西餐,朝阳区,距市中心7.2km
133522023,4.0,4,107,国展中心地区,西餐,朝阳区,距市中心7.5km
120821591,4.0,4,112,永定门/南站/大红门/南苑地区,烧烤,丰台区,距市中心7.9km
133781734,4.0,4,78,国展中心地区,小吃,朝阳区,距市中心8.1km
4936071,4.0,4,160,天安门/王府井地区,亚洲菜,东城区,距市中心857m
15499471,4.0,4,95,,火锅,海淀区,距市中心8.9km
78053468,4.0,4,220,燕莎/朝阳公园商业区,火锅,朝阳区,距市中心8km
12562473,4.0,4,24,北京西站/丽泽商务区,快餐简餐,丰台区,距市中心9.4km
120800589,4.0,4,110,前门/天坛公园/崇文门,烧烤,东城区,距市中心954m
7036497,4.0,4,41,望京/酒仙桥/798地区,小吃,朝阳区,距市中心9.9km
5564019,4.0,4,17,,快餐简餐,平谷区,
24950285,4.0,4,0,怀柔风景区,农家菜,怀柔区,
7022482,4.0,4,86,怀柔风景区,农家菜,怀柔区,
7039691,4.0,4,0,怀柔风景区,北京菜,怀柔区,
15466532,4.0,4,46,,快餐简餐,平谷区,
11650811,4.0,4,87,古北水镇,川菜,密云区,
310803,4.0,4,79,,北京菜,平谷区,
11090662,4.0,4,34,古北水镇,面包甜点,密云区,
12477272,4.0,4,79,,农家菜,密云区,
13009000,4.0,4,54,密云城区,小吃,密云区,
127690722,4.0,4,113,古北水镇,,密云区,
129601786,4.0,3,119,望京/酒仙桥/798地区,西餐,朝阳区,距市中心10.3km
4984521,4.0,3,40,望京/酒仙桥/798地区,面包甜点,朝阳区,距市中心10.3km
4951124,4.0,3,32,,小吃,丰台区,距市中心10.4km
122725218,4.0,3,35,中关村/五道口,面包甜点,海淀区,距市中心10.6km
77904918,4.0,3,118,望京/酒仙桥/798地区,创意菜,朝阳区,距市中心10km
134829539,4.0,3,50,望京/酒仙桥/798地区,小吃,朝阳区,距市中心10km
78115697,4.0,3,137,望京/酒仙桥/798地区,东南亚菜,朝阳区,距市中心11.1km
130047280,4.0,3,28,中关村/五道口,面包甜点,海淀区,距市中心11.1km
79422029,4.0,3,88,中关村/五道口,西餐,海淀区,距市中心11.4km
4960948,4.0,3,120,望京/酒仙桥/798地区,韩国料理,朝阳区,距市中心11.5km
4977099,4.0,3,27,,,海淀区,距市中心11.8km
120816834,4.0,3,44,大兴北京新机场地区,小吃,大兴区,距市中心11.8km
78189057,4.0,3,85,大兴北京新机场地区,江浙菜,大兴区,距市中心11.8km
11437993,4.0,3,24,前门/天坛公园/崇文门,快餐简餐,东城区,距市中心1.1km
134829603,4.0,3,0,前门/天坛公园/崇文门,快餐简餐,东城区,距市中心1.1km
4976152,4.0,3,91,,北京菜,东城区,距市中心1.1km
129557007,4.0,3,136,天安门/王府井地区,韩国料理,东城区,距市中心1.1km
127671071,4.0,3,134,天安门/王府井地区,日本料理,东城区,距市中心1.1km
122775126,4.0,3,77,前门/天坛公园/崇文门,火锅,西城区,距市中心1.1km
79423504,4.0,3,27,公主坟/五棵松/石景山游乐园地区,快餐简餐,海淀区,距市中心11km
133793459,4.0,3,81,大兴北京新机场地区,东北菜,大兴区,距市中心11km
4949596,4.0,3,14,中关村/五道口,快餐简餐,海淀区,距市中心11km
130028282,4.0,3,104,亚运村/奥体中心地区,川菜,朝阳区,距市中心11km
13271521,4.0,3,117,望京/酒仙桥/798地区,川菜,朝阳区,距市中心12.3km
21398983,4.0,3,40,,新疆菜,大兴区,距市中心12.8km
18568441,4.0,3,55,总部基地/丰台体育中心/南宫地区,小吃,丰台区,距市中心12.8km
135970384,4.0,3,294,西直门/北京展览馆地区,闽菜,海淀区,距市中心12km
25042629,4.0,3,111,,湘菜,海淀区,距市中心12km
4946497,4.0,3,0,大兴北京新机场地区,,大兴区,距市中心13.1km
17506877,4.0,3,141,,火锅,大兴区,距市中心13.3km
18581797,4.0,3,38,,小吃,大兴区,距市中心13.6km
15902243,4.0,3,52,,面包甜点,丰台区,距市中心13.6km
77906013,4.0,3,84,天安门/王府井地区,日本料理,东城区,距市中心1.3km
18580671,4.0,3,40,,面包甜点,东城区,距市中心1.3km
120814968,4.0,3,83,天安门/王府井地区,江浙菜,东城区,距市中心1.3km
120830164,4.0,3,72,前门/天坛公园/崇文门,北京菜,西城区,距市中心1.3km
17606944,4.0,3,103,亚运村/奥体中心地区,云南菜,朝阳区,距市中心14.1km
22516781,4.0,3,151,大兴北京新机场地区,东南亚菜,大兴区,距市中心14.5km
133562167,4.0,3,0,大兴北京新机场地区,粤菜,大兴区,距市中心14.5km
144859044,4.0,3,100,大兴北京新机场地区,粤菜,大兴区,距市中心14.5km
120798302,4.0,3,118,大兴北京新机场地区,西北菜,大兴区,距市中心14.6km
120819532,4.0,3,128,大兴北京新机场地区,川菜,大兴区,距市中心14.6km
129603821,4.0,3,104,大兴北京新机场地区,湘菜,大兴区,距市中心14.8km
129613675,4.0,3,103,亦庄地区,小吃,大兴区,距市中心14.8km
15096466,4.0,3,93,亦庄地区,日本料理,大兴区,距市中心14km
25041579,4.0,3,26,亦庄地区,面包甜点,大兴区,距市中心15.3km
15543436,4.0,3,48,亚运村/奥体中心地区,快餐简餐,昌平区,距市中心15.3km
4973925,4.0,3,0,,川菜,丰台区,距市中心15.3km
24877252,4.0,3,134,上地产业园/西三旗,粤菜,海淀区,距市中心15.3km
122751782,4.0,3,47,亦庄地区,小吃,大兴区,距市中心15.4km
5714882,4.0,3,140,上地产业园/西三旗,西餐,海淀区,距市中心15.4km
22517874,4.0,3,90,亦庄地区,西餐,大兴区,距市中心15.4km
22515536,4.0,3,38,,面包甜点,石景山区,距市中心15.5km
15641199,4.0,3,36,,西餐,石景山区,距市中心15.5km
4954734,4.0,3,93,公主坟/五棵松/石景山游乐园地区,川菜,石景山区,距市中心15.6km
4939448,4.0,3,25,,快餐简餐,东城区,距市中心1.5km
122736743,4.0,3,202,上地产业园/西三旗,东南亚菜,海淀区,距市中心16.3km
15550107,4.0,3,19,,快餐简餐,石景山区,距市中心16.6km
130037041,4.0,3,105,上地产业园/西三旗,烧烤,海淀区,距市中心16.8km
120833758,4.0,3,60,天安门/王府井地区,东南亚菜,东城区,距市中心1.6km
12977794,4.0,3,42,回龙观/天通苑地区,咖啡店,朝阳区,距市中心16km
13731591,4.0,3,15,公主坟/五棵松/石景山游乐园地区,面包甜点,石景山区,距市中心17.1km
20347919,4.0,3,30,,快餐简餐,石景山区,距市中心17.8km
20611760,4.0,3,114,公主坟/五棵松/石景山游乐园地区,火锅,石景山区,距市中心17.8km
15674004,4.0,3,44,,,石景山区,距市中心18.1km
4939071,4.0,3,72,公主坟/五棵松/石景山游乐园地区,火锅,石景山区,距市中心18.5km
15531194,4.0,3,87,公主坟/五棵松/石景山游乐园地区,烧烤,石景山区,距市中心18.8km
13959905,4.0,3,30,上地产业园/西三旗,快餐简餐,海淀区,距市中心18.8km
4950614,4.0,3,84,,西餐,石景山区,距市中心18km
12915277,4.0,3,175,公主坟/五棵松/石景山游乐园地区,小吃,石景山区,距市中心18km
12039759,4.0,3,48,香山/八大处风景区,自助餐,海淀区,距市中心19.1km
140608780,4.0,3,0,公主坟/五棵松/石景山游乐园地区,川菜,石景山区,距市中心19.1km
18540588,4.0,3,82,通州运河商务区,海鲜,通州区,距市中心19.8km
17594427,4.0,3,32,,快餐简餐,石景山区,距市中心20.1km
22520836,4.0,3,108,回龙观/天通苑地区,火锅,昌平区,距市中心20.6km
18625459,4.0,3,123,回龙观/天通苑地区,火锅,昌平区,距市中心20km
132863423,4.0,3,96,环球影城度假区及周边,北京菜,通州区,距市中心22.1km
24563436,4.0,3,62,通州运河商务区,,通州区,距市中心22.3km
78673508,4.0,3,24,通州运河商务区,小吃,通州区,距市中心22.3km
15677928,4.0,3,40,首都机场/新国展地区,小吃,顺义区,距市中心22.6km
120830632,4.0,3,63,天安门/王府井地区,,东城区,距市中心2.2km
18627494,4.0,3,106,,火锅,丰台区,距市中心23.1km
4966100,4.0,3,60,通州运河商务区,,通州区,距市中心23.3km
4990985,4.0,3,55,大兴北京新机场地区,北京菜,大兴区,距市中心23.3km
12571273,4.0,3,47,首都机场/新国展地区,咖啡店,顺义区,距市中心23.3km
18474256,4.0,3,114,,火锅,昌平区,距市中心23.8km
133923011,4.0,3,32,回龙观/天通苑地区,快餐简餐,昌平区,距市中心23km
78533886,4.0,3,115,房山风景区,徽菜,房山区,距市中心24.5km
14935496,4.0,3,0,小汤山温泉度假区,小吃,昌平区,距市中心25.6km
21539383,4.0,3,50,首都机场/新国展地区,,顺义区,距市中心25.6km
4957566,4.0,3,82,,北京菜,东城区,距市中心2.5km
127670979,4.0,3,57,天安门/王府井地区,小吃,东城区,距市中心2.5km
22478260,4.0,3,125,前门/天坛公园/崇文门,西餐,东城区,距市中心2.5km
321701,4.0,3,40,香山/八大处风景区,,门头沟区,距市中心26.1km
20606759,4.0,3,24,大兴北京新机场地区,快餐简餐,大兴区,距市中心26.5km
22510731,4.0,3,134,,烧烤,东城区,距市中心2.6km
15558549,4.0,3,117,通州运河商务区,北京菜,通州区,距市中心27.6km
62204267,4.0,3,30,,小吃,西城区,距市中心2.8km
122751446,4.0,3,75,顺义温泉休闲区,韩国料理,顺义区,距市中心29.6km
25047639,4.0,3,81,西单/金融街地区,江浙菜,西城区,距市中心3.1km
4939538,4.0,3,16,天安门/王府井地区,小吃,西城区,距市中心3.1km
130072020,4.0,3,75,天安门/王府井地区,烧烤,东城区,距市中心3.2km
4940814,4.0,3,93,,火锅,东城区,距市中心3.2km
120804224,4.0,3,70,大兴北京新机场地区,,大兴区,距市中心32km
17597633,4.0,3,108,,火锅,房山区,距市中心33.1km
15498668,4.0,3,95,,江浙菜,顺义区,距市中心33.5km
16565346,4.0,3,51,大兴北京新机场地区,面包甜点,大兴区,距市中心33.7km
22522594,4.0,3,44,顺义温泉休闲区,快餐简餐,顺义区,距市中心35.2km
5560630,4.0,3,78,,北京菜,门头沟区,距市中心36.1km
21408278,4.0,3,30,,小吃,顺义区,距市中心36.7km
18543508,4.0,3,24,,面包甜点,东城区,距市中心3.6km
22122262,4.0,3,129,,火锅,朝阳区,距市中心3.7km
78675534,4.0,3,89,劲松/潘家园地区,川菜,东城区,距市中心3.7km
21540421,4.0,3,290,西单/金融街地区,日本料理,西城区,距市中心3.7km
22520637,4.0,3,101,顺义温泉休闲区,西餐,顺义区,距市中心37km
4968711,4.0,3,93,昌平城区/十三陵度假区,火锅,昌平区,距市中心38.7km
15494197,4.0,3,128,三里屯/工体/东直门地区,创意菜,东城区,距市中心3.8km
20578534,4.0,3,95,昌平城区/十三陵度假区,自助餐,昌平区,距市中心39.7km
21134141,4.0,3,57,西单/金融街地区,咖啡店,西城区,距市中心3km
78543996,4.0,3,46,西单/金融街地区,小吃,西城区,距市中心3km
7032075,4.0,3,64,房山风景区,面包甜点,房山区,距市中心40.2km
16565022,4.0,3,99,昌平城区/十三陵度假区,自助餐,昌平区,距市中心41.3km
15953511,4.0,3,91,国贸地区,日本料理,朝阳区,距市中心4.2km
129608911,4.0,3,287,国贸地区,西餐,朝阳区,距市中心4.2km
194935,4.0,3,125,三里屯/工体/东直门地区,西餐,东城区,距市中心4.2km
78544118,4.0,3,77,,江浙菜,丰台区,距市中心4.2km
62101898,4.0,3,495,西单/金融街地区,粤菜,西城区,距市中心4.2km
16541677,4.0,3,118,永定门/南站/大红门/南苑地区,贵州菜,西城区,距市中心4.2km
13333708,4.0,3,48,,快餐简餐,昌平区,距市中心42km
4950587,4.0,3,72,顺义温泉休闲区,,顺义区,距市中心43.3km
242210,4.0,3,95,三里屯/工体/东直门地区,,东城区,距市中心4.4km
120800638,4.0,3,23,三里屯/工体/东直门地区,小吃,东城区,距市中心4.4km
16564848,4.0,3,168,国贸地区,江浙菜,朝阳区,距市中心4.5km
134823852,4.0,3,88,西单/金融街地区,北京菜,西城区,距市中心4.5km
120829297,4.0,3,106,劲松/潘家园地区,火锅,丰台区,距市中心4.5km
4982448,4.0,3,64,北京西站/丽泽商务区,小吃,西城区,距市中心4.5km
320500,4.0,3,64,怀柔风景区,,怀柔区,距市中心47.2km
78686904,4.0,3,117,后海/南锣鼓巷地区,粤菜,西城区,距市中心4.7km
7032770,4.0,3,40,,小吃,丰台区,距市中心4.7km
4977454,4.0,3,54,房山风景区,,房山区,距市中心48.7km
21136479,4.0,3,0,,火锅,怀柔区,距市中心49.2km
20614498,4.0,3,82,,江浙菜,怀柔区,距市中心49.7km
4993084,4.0,3,0,国贸地区,酒吧/酒馆,朝阳区,距市中心4.9km
134830018,4.0,3,55,后海/南锣鼓巷地区,快餐简餐,东城区,距市中心4km
120817179,4.0,3,196,三里屯/工体/东直门地区,火锅,朝阳区,距市中心5.2km
4943380,4.0,3,24,,小吃,东城区,距市中心5.2km
15948699,4.0,3,115,,湘菜,丰台区,距市中心5.2km
339099,4.0,3,58,永定门/南站/大红门/南苑地区,北京菜,西城区,距市中心5.2km
21136589,4.0,3,0,西直门/北京展览馆地区,西餐,西城区,距市中心5.5km
219465,4.0,3,58,前门/天坛公园/崇文门,北京菜,东城区,距市中心585m
15558907,4.0,3,132,北京西站/丽泽商务区,江浙菜,西城区,距市中心5.9km
15898407,4.0,3,103,劲松/潘家园地区,火锅,丰台区,距市中心5km
18588401,4.0,3,37,,小吃,丰台区,距市中心5km
20593956,4.0,3,54,,川菜,朝阳区,距市中心6.4km
20603065,4.0,3,24,,面包甜点,朝阳区,距市中心6.4km
18620300,4.0,3,42,国贸地区,小吃,朝阳区,距市中心6.4km
17592446,4.0,3,131,西直门/北京展览馆地区,海鲜,海淀区,距市中心6.5km
130042096,4.0,3,77,永定门/南站/大红门/南苑地区,西餐,丰台区,距市中心6.5km
25039632,4.0,3,28,劲松/潘家园地区,小吃,丰台区,距市中心6.7km
130147354,4.0,3,89,国展中心地区,川菜,朝阳区,距市中心6.7km
7046182,4.0,3,169,,江浙菜,西城区,距市中心6.9km
17504325,4.0,3,31,西直门/北京展览馆地区,面包甜点,海淀区,距市中心6.9km
17600724,4.0,3,103,永定门/南站/大红门/南苑地区,火锅,丰台区,距市中心6.9km
20602120,4.0,3,27,,小吃,东城区,距市中心6km
130081693,4.0,3,37,国展中心地区,川菜,东城区,距市中心6km
25037998,4.0,3,30,劲松/潘家园地区,快餐简餐,丰台区,距市中心6km
120836872,4.0,3,77,北京西站/丽泽商务区,北京菜,西城区,距市中心6km
78667781,4.0,3,93,北京西站/丽泽商务区,新疆菜,海淀区,距市中心7.2km
133784939,4.0,3,35,北京西站/丽泽商务区,小吃,海淀区,距市中心7.2km
21540178,4.0,3,133,,湘菜,朝阳区,距市中心7.2km
228436,4.0,3,91,北京西站/丽泽商务区,火锅,西城区,距市中心7.2km
140526961,4.0,3,0,欢乐谷游乐区,东南亚菜,朝阳区,距市中心7.2km
15475752,4.0,3,21,天安门/王府井地区,面包甜点,东城区,距市中心734m
70460277,4.0,3,57,永定门/南站/大红门/南苑地区,,丰台区,距市中心7.4km
133563212,4.0,3,0,永定门/南站/大红门/南苑地区,火锅,丰台区,距市中心7.5km
12205711,4.0,3,25,,小吃,西城区,距市中心7.5km
129998814,4.0,3,116,燕莎/朝阳公园商业区,西餐,朝阳区,距市中心7.7km
120825283,4.0,3,115,永定门/南站/大红门/南苑地区,火锅,丰台区,距市中心7.7km
4975761,4.0,3,48,西直门/北京展览馆地区,咖啡店,海淀区,距市中心7.7km
18470190,4.0,3,97,北京西站/丽泽商务区,川菜,海淀区,距市中心7km
277741,4.0,3,70,天安门/王府井地区,火锅,东城区,距市中心816m
4946697,4.0,3,281,,云南菜,朝阳区,距市中心8.1km
8636707,4.0,3,39,天安门/王府井地区,快餐简餐,东城区,距市中心828m
4976051,4.0,3,38,永定门/南站/大红门/南苑地区,火锅,丰台区,距市中心8.3km
63479271,4.0,3,292,永定门/南站/大红门/南苑地区,日本料理,丰台区,距市中心8.4km
79422400,4.0,3,63,亚运村/奥体中心地区,川菜,朝阳区,距市中心8.5km
129607487,4.0,3,88,中关村/五道口,湘菜,海淀区,距市中心8.6km
78832841,4.0,3,85,亚运村/奥体中心地区,自助餐,朝阳区,距市中心8.8km
132974208,4.0,3,187,亚运村/奥体中心地区,自助餐,朝阳区,距市中心8.8km
4937280,4.0,3,99,中关村/五道口,韩国料理,海淀区,距市中心8.9km
21591639,4.0,3,59,燕莎/朝阳公园商业区,面包甜点,朝阳区,距市中心8km
78551929,4.0,3,102,亚运村/奥体中心地区,日本料理,朝阳区,距市中心9.4km
24868477,4.0,3,99,北京西站/丽泽商务区,烧烤,丰台区,距市中心9.5km
135939984,4.0,3,0,天安门/王府井地区,自助餐,东城区,距市中心987m
136346138,4.0,3,0,北京西站/丽泽商务区,川菜,丰台区,距市中心9.9km
4942259,4.0,3,41,中关村/五道口,咖啡店,海淀区,距市中心9.9km
5563898,4.0,3,77,,川菜,怀柔区,
5564020,4.0,3,65,,,怀柔区,
5563910,4.0,3,71,,北京菜,怀柔区,
4983864,4.0,3,0,延庆休闲度假区,烧烤,延庆区,
297434,4.0,3,68,延庆休闲度假区,北京菜,延庆区,
320548,4.0,3,57,延庆休闲度假区,,延庆区,
12506602,4.0,3,94,延庆休闲度假区,东北菜,延庆区,
12490080,4.0,3,93,延庆休闲度假区,火锅,延庆区,
17510266,4.0,3,59,,咖啡店,密云区,
79443697,4.0,3,0,密云水库,火锅,密云区,
23537642,4.0,3,82,古北水镇,其他,密云区,
12514546,4.0,2,110,中关村/五道口,西餐,海淀区,距市中心10.3km
22515311,4.0,2,108,望京/酒仙桥/798地区,火锅,朝阳区,距市中心10.4km
15948643,4.0,2,41,,咖啡店,丰台区,距市中心10.5km
17604387,4.0,2,30,,快餐简餐,海淀区,距市中心10km
15933549,4.0,2,87,望京/酒仙桥/798地区,面包甜点,朝阳区,距市中心10km
15993008,4.0,2,79,中关村/五道口,东北菜,海淀区,距市中心10km
16564306,4.0,2,46,公主坟/五棵松/石景山游乐园地区,小吃,海淀区,距市中心11.1km
21136855,4.0,2,30,,小吃,海淀区,距市中心11.1km
136353832,4.0,2,0,公主坟/五棵松/石景山游乐园地区,自助餐,海淀区,距市中心11.1km
25059299,4.0,2,45,总部基地/丰台体育中心/南宫地区,日本料理,丰台区,距市中心11.3km
15488330,4.0,2,40,,快餐简餐,大兴区,距市中心11.3km
16574875,4.0,2,99,,西餐,丰台区,距市中心11.3km
79422006,4.0,2,82,望京/酒仙桥/798地区,火锅,朝阳区,距市中心11.4km
22519062,4.0,2,65,,日本料理,海淀区,距市中心11.4km
22517834,4.0,2,88,,西餐,海淀区,距市中心11.4km
73416797,4.0,2,130,望京/酒仙桥/798地区,火锅,朝阳区,距市中心11.5km
22514299,4.0,2,2080,,,海淀区,距市中心11.5km
21537616,4.0,2,81,,江浙菜,海淀区,距市中心11.5km
4936665,4.0,2,59,,面包甜点,朝阳区,距市中心11.6km
130066665,4.0,2,28,总部基地/丰台体育中心/南宫地区,小吃,丰台区,距市中心11.8km
130389103,4.0,2,37,大兴北京新机场地区,小吃,大兴区,距市中心11.8km
25039210,4.0,2,17,大兴北京新机场地区,快餐简餐,丰台区,距市中心11.8km
78515267,4.0,2,21,,咖啡店,丰台区,距市中心11.8km
7042188,4.0,2,39,,小吃,海淀区,距市中心11.8km
78518651,4.0,2,40,大兴北京新机场地区,快餐简餐,丰台区,距市中心11.9km
15665703,4.0,2,95,前门/天坛公园/崇文门,西餐,东城区,距市中心1.1km
18577575,4.0,2,24,天安门/王府井地区,,东城区,距市中心1.1km
4948739,4.0,2,13,,小吃,东城区,距市中心1.1km
133783965,4.0,2,40,前门/天坛公园/崇文门,小吃,东城区,距市中心1.1km
22514494,4.0,2,28,,面包甜点,东城区,距市中心1.1km
4989361,4.0,2,0,天安门/王府井地区,台湾菜,东城区,距市中心1.1km
7029665,4.0,2,56,前门/天坛公园/崇文门,快餐简餐,东城区,距市中心1.1km
22516782,4.0,2,163,前门/天坛公园/崇文门,西餐,西城区,距市中心1.1km
4960012,4.0,2,190,中关村/五道口,鲁菜,海淀区,距市中心11km
15495947,4.0,2,38,,咖啡店,海淀区,距市中心11km
15553103,4.0,2,53,公主坟/五棵松/石景山游乐园地区,日本料理,海淀区,距市中心11km
8595834,4.0,2,31,,快餐简餐,海淀区,距市中心12.1km
78817802,4.0,2,30,中关村/五道口,面包甜点,海淀区,距市中心12.3km
130668506,4.0,2,64,望京/酒仙桥/798地区,快餐简餐,朝阳区,距市中心12.3km
21138425,4.0,2,92,,湘菜,丰台区,距市中心12.3km
20614490,4.0,2,51,中关村/五道口,西餐,海淀区,距市中心12.5km
15499968,4.0,2,133,望京/酒仙桥/798地区,火锅,朝阳区,距市中心12.5km
135819913,4.0,2,102,大兴北京新机场地区,西北菜,丰台区,距市中心12.5km
18496813,4.0,2,0,中关村/五道口,快餐简餐,海淀区,距市中心12.5km
79422645,4.0,2,82,总部基地/丰台体育中心/南宫地区,新疆菜,丰台区,距市中心12.6km
120816978,4.0,2,91,总部基地/丰台体育中心/南宫地区,川菜,丰台区,距市中心12.8km
62203476,4.0,2,102,望京/酒仙桥/798地区,日本料理,朝阳区,距市中心12.9km
8592931,4.0,2,99,,烧烤,大兴区,距市中心12km
324254,4.0,2,13,总部基地/丰台体育中心/南宫地区,快餐简餐,丰台区,距市中心12km
20352122,4.0,2,77,中关村/五道口,韩国料理,海淀区,距市中心12km
4941680,4.0,2,260,,粤菜,海淀区,距市中心13.1km
21575774,4.0,2,0,天安门/王府井地区,北京菜,东城区,距市中心131m
122776977,4.0,2,24,亦庄地区,山西菜,大兴区,距市中心13.5km
18624106,4.0,2,16,,面包甜点,大兴区,距市中心13.5km
22516132,4.0,2,135,,云南菜,丰台区,距市中心13.6km
8586302,4.0,2,75,亦庄地区,东北菜,大兴区,距市中心13.6km
73417651,4.0,2,151,,小吃,西城区,距市中心1.3km
15560812,4.0,2,29,,快餐简餐,东城区,距市中心1.3km
22518603,4.0,2,99,,西餐,大兴区,距市中心13km
8585936,4.0,2,172,亦庄地区,川菜,大兴区,距市中心14.1km
22517475,4.0,2,94,公主坟/五棵松/石景山游乐园地区,烧烤,石景山区,距市中心14.1km
11340463,4.0,2,96,大兴北京新机场地区,西餐,大兴区,距市中心14.4km
15505713,4.0,2,306,大兴北京新机场地区,日本料理,大兴区,距市中心14.5km
8587513,4.0,2,43,亦庄地区,快餐简餐,大兴区,距市中心14.8km
21586292,4.0,2,80,,小吃,丰台区,距市中心14km
78621774,4.0,2,95,,徽菜,大兴区,距市中心15.1km
22518554,4.0,2,50,亦庄地区,日本料理,大兴区,距市中心15.3km
22510910,4.0,2,37,亦庄地区,面包甜点,大兴区,距市中心15.3km
22521701,4.0,2,109,亦庄地区,川菜,大兴区,距市中心15.3km
15477239,4.0,2,38,,西餐,大兴区,距市中心15.3km
22514760,4.0,2,64,亦庄地区,粤菜,大兴区,距市中心15.3km
130991532,4.0,2,61,上地产业园/西三旗,面包甜点,海淀区,距市中心15.4km
7044611,4.0,2,46,公主坟/五棵松/石景山游乐园地区,川菜,石景山区,距市中心15.4km
12204181,4.0,2,32,公主坟/五棵松/石景山游乐园地区,川菜,石景山区,距市中心15.4km
21551568,4.0,2,97,亚运村/奥体中心地区,火锅,朝阳区,距市中心15.5km
22510878,4.0,2,105,,川菜,朝阳区,距市中心15.8km
120829782,4.0,2,162,公主坟/五棵松/石景山游乐园地区,日本料理,石景山区,距市中心15.8km
15545618,4.0,2,15,,快餐简餐,石景山区,距市中心15.8km
13216989,4.0,2,0,公主坟/五棵松/石景山游乐园地区,快餐简餐,石景山区,距市中心15km
17004325,4.0,2,33,公主坟/五棵松/石景山游乐园地区,小吃,石景山区,距市中心16.1km
15990368,4.0,2,162,传媒大学/管庄地区,西餐,朝阳区,距市中心16.1km
132921091,4.0,2,43,亦庄地区,川菜,大兴区,距市中心16.5km
15494544,4.0,2,35,上地产业园/西三旗,咖啡店,海淀区,距市中心16.5km
15899190,4.0,2,103,,烧烤,石景山区,距市中心16.6km
22519967,4.0,2,37,,面包甜点,大兴区,距市中心16.8km
8610338,4.0,2,58,天安门/王府井地区,面包甜点,西城区,距市中心1.6km
7044253,4.0,2,121,,西餐,西城区,距市中心1.6km
122744007,4.0,2,35,前门/天坛公园/崇文门,北京菜,西城区,距市中心1.6km
78136363,4.0,2,150,香山/八大处风景区,创意菜,海淀区,距市中心16km
11324717,4.0,2,56,上地产业园/西三旗,,海淀区,距市中心16km
21399031,4.0,2,136,上地产业园/西三旗,烧烤,海淀区,距市中心17.1km
4979968,4.0,2,47,,西餐,石景山区,距市中心17.1km
15487170,4.0,2,21,回龙观/天通苑地区,面包甜点,昌平区,距市中心17.3km
22511092,4.0,2,107,上地产业园/西三旗,湘菜,海淀区,距市中心17.5km
4965555,4.0,2,33,公主坟/五棵松/石景山游乐园地区,快餐简餐,石景山区,距市中心17.6km
17516262,4.0,2,28,,快餐简餐,大兴区,距市中心17.6km
15559732,4.0,2,79,公主坟/五棵松/石景山游乐园地区,湘菜,石景山区,距市中心17.8km
15927164,4.0,2,14,公主坟/五棵松/石景山游乐园地区,快餐简餐,石景山区,距市中心17.8km
22517476,4.0,2,38,香山/八大处风景区,面包甜点,石景山区,距市中心17.8km
22518299,4.0,2,87,,火锅,大兴区,距市中心17.8km
15473275,4.0,2,75,,东北菜,通州区,距市中心17.8km
4966607,4.0,2,0,公主坟/五棵松/石景山游乐园地区,小吃,石景山区,距市中心17.8km
78517802,4.0,2,77,回龙观/天通苑地区,火锅,昌平区,距市中心17km
78301143,4.0,2,120,回龙观/天通苑地区,火锅,昌平区,距市中心17km
21538555,4.0,2,134,大兴北京新机场地区,韩国料理,大兴区,距市中心18.1km
21570282,4.0,2,34,,小吃,石景山区,距市中心18.1km
11383520,4.0,2,20,回龙观/天通苑地区,快餐简餐,昌平区,距市中心18.1km
12204788,4.0,2,0,,面包甜点,石景山区,距市中心18.1km
314939,4.0,2,19,公主坟/五棵松/石景山游乐园地区,小吃,石景山区,距市中心18.3km
16994067,4.0,2,0,回龙观/天通苑地区,小吃,昌平区,距市中心18.5km
5701657,4.0,2,93,回龙观/天通苑地区,火锅,昌平区,距市中心18.5km
20612767,4.0,2,99,,北京菜,大兴区,距市中心18.5km
217132,4.0,2,83,香山/八大处风景区,火锅,海淀区,距市中心18.6km
4983327,4.0,2,29,上地产业园/西三旗,小吃,昌平区,距市中心18.6km
25006315,4.0,2,80,公主坟/五棵松/石景山游乐园地区,火锅,石景山区,距市中心18.6km
15669971,4.0,2,109,上地产业园/西三旗,火锅,昌平区,距市中心18.8km
22515830,4.0,2,78,上地产业园/西三旗,火锅,昌平区,距市中心18.8km
78668765,4.0,2,77,总部基地/丰台体育中心/南宫地区,西餐,丰台区,距市中心18km
79423168,4.0,2,29,大兴北京新机场地区,快餐简餐,大兴区,距市中心18km
21134134,4.0,2,81,,北京菜,大兴区,距市中心18km
15609818,4.0,2,24,,快餐简餐,石景山区,距市中心19.3km
8596514,4.0,2,79,通州运河商务区,火锅,通州区,距市中心19.5km
15880319,4.0,2,33,回龙观/天通苑地区,快餐简餐,昌平区,距市中心19.8km
133924366,4.0,2,41,通州运河商务区,面包甜点,通州区,距市中心19.8km
79422548,4.0,2,55,公主坟/五棵松/石景山游乐园地区,面包甜点,石景山区,距市中心19km
20613399,4.0,2,28,,小吃,石景山区,距市中心19km
79996111,4.0,2,193,前门/天坛公园/崇文门,,东城区,距市中心1km
7034827,4.0,2,0,天安门/王府井地区,东南亚菜,东城区,距市中心1km
21582602,4.0,2,123,回龙观/天通苑地区,火锅,昌平区,距市中心20.3km
12207478,4.0,2,52,公主坟/五棵松/石景山游乐园地区,火锅,石景山区,距市中心20.3km
15663013,4.0,2,83,回龙观/天通苑地区,西餐,昌平区,距市中心20.8km
4953421,4.0,2,36,,北京菜,丰台区,距市中心20.8km
17591736,4.0,2,21,回龙观/天通苑地区,小吃,昌平区,距市中心20km
15560263,4.0,2,39,,鲁菜,石景山区,距市中心21.1km
12534883,4.0,2,44,香山/八大处风景区,小吃,石景山区,距市中心21.1km
4952194,4.0,2,99,,火锅,顺义区,距市中心21.8km
16550240,4.0,2,32,环球影城度假区及周边,快餐简餐,通州区,距市中心22.1km
4947297,4.0,2,48,回龙观/天通苑地区,火锅,昌平区,距市中心22.1km
120802383,4.0,2,79,门头沟/潭柘寺/妙峰山风景区,西北菜,门头沟区,距市中心22.3km
4952458,4.0,2,0,回龙观/天通苑地区,咖啡店,昌平区,距市中心22.3km
78660239,4.0,2,112,,,大兴区,距市中心22.3km
18569339,4.0,2,40,,面包甜点,海淀区,距市中心22.3km
24563382,4.0,2,85,门头沟/潭柘寺/妙峰山风景区,火锅,门头沟区,距市中心22.5km
4953283,4.0,2,86,环球影城度假区及周边,烧烤,通州区,距市中心22.8km
15489950,4.0,2,33,首都机场/新国展地区,快餐简餐,顺义区,距市中心22.8km
4941797,4.0,2,58,,火锅,西城区,距市中心2.2km
6976602,4.0,2,0,前门/天坛公园/崇文门,,西城区,距市中心2.2km
133781427,4.0,2,60,北京站,江浙菜,东城区,距市中心2.2km
22516924,4.0,2,108,通州运河商务区,烧烤,通州区,距市中心23.1km
79421969,4.0,2,148,上地产业园/西三旗,火锅,海淀区,距市中心23.1km
22518260,4.0,2,72,首都机场/新国展地区,快餐简餐,顺义区,距市中心23.1km
15481894,4.0,2,40,首都机场/新国展地区,快餐简餐,顺义区,距市中心23.1km
12201838,4.0,2,33,,面包甜点,顺义区,距市中心23.3km
136365971,4.0,2,0,首都机场/新国展地区,川菜,顺义区,距市中心23.3km
130013474,4.0,2,119,上地产业园/西三旗,湘菜,海淀区,距市中心23.3km
22522450,4.0,2,100,房山风景区,火锅,房山区,距市中心23.6km
17610251,4.0,2,31,回龙观/天通苑地区,,昌平区,距市中心23.6km
79423219,4.0,2,26,回龙观/天通苑地区,面包甜点,昌平区,距市中心23.6km
18622931,4.0,2,49,回龙观/天通苑地区,小吃,昌平区,距市中心23.6km
21587030,4.0,2,115,房山风景区,火锅,房山区,距市中心23.6km
4963681,4.0,2,0,顺义温泉休闲区,烧烤,顺义区,距市中心23.6km
12469091,4.0,2,0,首都机场/新国展地区,西餐,顺义区,距市中心24.3km
21585171,4.0,2,97,首都机场/新国展地区,粤菜,顺义区,距市中心24.3km
7041946,4.0,2,59,,小吃,顺义区,距市中心24.5km
16099910,4.0,2,58,首都机场/新国展地区,快餐简餐,顺义区,距市中心24.5km
11449107,4.0,2,85,,火锅,丰台区,距市中心24.5km
120822355,4.0,2,85,房山风景区,西北菜,房山区,距市中心24.6km
15091707,4.0,2,27,小汤山温泉度假区,小吃,昌平区,距市中心24.8km
120829380,4.0,2,89,沙河大学城/上庄地区,粤菜,海淀区,距市中心25.3km
130013118,4.0,2,0,门头沟/潭柘寺/妙峰山风景区,西北菜,门头沟区,距市中心25.5km
122707776,4.0,2,125,,海鲜,门头沟区,距市中心25.8km
122752464,4.0,2,48,前门/天坛公园/崇文门,小吃,西城区,距市中心2.5km
11580261,4.0,2,39,,快餐简餐,门头沟区,距市中心26.1km
4974343,4.0,2,88,环球影城度假区及周边,,通州区,距市中心26.1km
22520893,4.0,2,111,大兴北京新机场地区,川菜,大兴区,距市中心26.8km
5714437,4.0,2,112,通州运河商务区,西餐,通州区,距市中心26.8km
16548521,4.0,2,29,,小吃,东城区,距市中心2.6km
326791,4.0,2,23,天安门/王府井地区,快餐简餐,东城区,距市中心2.6km
22519011,4.0,2,65,北京站,小吃,东城区,距市中心2.6km
4942718,4.0,2,182,沙河大学城/上庄地区,,昌平区,距市中心26km
4937950,4.0,2,66,,火锅,昌平区,距市中心27.1km
25034128,4.0,2,32,西单/金融街地区,快餐简餐,西城区,距市中心2.7km
130046065,4.0,2,33,西单/金融街地区,咖啡店,西城区,距市中心2.7km
130997920,4.0,2,30,西单/金融街地区,面包甜点,西城区,距市中心2.7km
15938949,4.0,2,61,通州运河商务区,快餐简餐,通州区,距市中心28.5km
22516528,4.0,2,98,沙河大学城/上庄地区,北京菜,昌平区,距市中心28.6km
134202949,4.0,2,56,三里屯/工体/东直门地区,,东城区,距市中心2.8km
133784736,4.0,2,39,西单/金融街地区,小吃,西城区,距市中心2.8km
25055843,4.0,2,78,西单/金融街地区,火锅,西城区,距市中心2.8km
11189525,4.0,2,31,房山风景区,小吃,房山区,距市中心29km
7044402,4.0,2,61,顺义温泉休闲区,西餐,顺义区,距市中心30.3km
22518258,4.0,2,149,顺义温泉休闲区,火锅,顺义区,距市中心30.8km
4951385,4.0,2,20,,快餐简餐,房山区,距市中心30km
134826472,4.0,2,0,房山风景区,小吃,房山区,距市中心31.3km
15475443,4.0,2,20,顺义温泉休闲区,快餐简餐,顺义区,距市中心31.3km
136340807,4.0,2,0,顺义温泉休闲区,快餐简餐,顺义区,距市中心31.3km
133924026,4.0,2,124,顺义温泉休闲区,火锅,顺义区,距市中心31.8km
12111334,4.0,2,30,,小吃,顺义区,距市中心31.8km
21579092,4.0,2,40,前门/天坛公园/崇文门,川菜,西城区,距市中心3.1km
17521661,4.0,2,78,环球影城度假区及周边,,通州区,距市中心32.2km
11363688,4.0,2,26,顺义温泉休闲区,面包甜点,顺义区,距市中心32.2km
15549051,4.0,2,49,门头沟/潭柘寺/妙峰山风景区,东北菜,门头沟区,距市中心32.3km
79422686,4.0,2,108,顺义温泉休闲区,烧烤,顺义区,距市中心32.3km
15974006,4.0,2,95,门头沟/潭柘寺/妙峰山风景区,北京菜,门头沟区,距市中心32.3km
120823788,4.0,2,116,顺义温泉休闲区,川菜,顺义区,距市中心32.5km
12043353,4.0,2,32,顺义温泉休闲区,面包甜点,顺义区,距市中心32.5km
120827681,4.0,2,44,天安门/王府井地区,小吃,东城区,距市中心3.2km
4962948,4.0,2,15,,小吃,西城区,距市中心3.2km
4947089,4.0,2,33,天安门/王府井地区,快餐简餐,东城区,距市中心3.2km
133872684,4.0,2,193,天安门/王府井地区,日本料理,东城区,距市中心3.2km
4945374,4.0,2,29,天安门/王府井地区,,西城区,距市中心3.2km
268418,4.0,2,52,三里屯/工体/东直门地区,,东城区,距市中心3.3km
15567765,4.0,2,53,天安门/王府井地区,西餐,西城区,距市中心3.3km
8309281,4.0,2,33,大兴北京新机场地区,小吃,大兴区,距市中心34km
8595513,4.0,2,71,大兴北京新机场地区,北京菜,大兴区,距市中心34km
15610943,4.0,2,0,,快餐简餐,昌平区,距市中心36.3km
133923102,4.0,2,39,昌平城区/十三陵度假区,快餐简餐,昌平区,距市中心37.1km
22521123,4.0,2,107,昌平城区/十三陵度假区,火锅,昌平区,距市中心37.7km
15995143,4.0,2,151,昌平城区/十三陵度假区,,昌平区,距市中心37.7km
13839954,4.0,2,93,,韩国料理,昌平区,距市中心37.8km
4940528,4.0,2,114,前门/天坛公园/崇文门,烧烤,西城区,距市中心3.7km
11349808,4.0,2,8,后海/南锣鼓巷地区,快餐简餐,东城区,距市中心3.7km
120796812,4.0,2,159,三里屯/工体/东直门地区,素食,东城区,距市中心3.7km
18591204,4.0,2,28,昌平城区/十三陵度假区,快餐简餐,昌平区,距市中心38.2km
4941035,4.0,2,62,昌平城区/十三陵度假区,素食,昌平区,距市中心38.5km
320770,4.0,2,45,,,西城区,距市中心3.8km
130964550,4.0,2,28,后海/南锣鼓巷地区,烧烤,东城区,距市中心3.8km
4948586,4.0,2,32,昌平城区/十三陵度假区,鲁菜,昌平区,距市中心39.6km
4961038,4.0,2,44,西单/金融街地区,小吃,西城区,距市中心3km
22522267,4.0,2,90,,西餐,西城区,距市中心3km
130731236,4.0,2,84,天安门/王府井地区,日本料理,东城区,距市中心3km
131267109,4.0,2,46,西单/金融街地区,咖啡店,西城区,距市中心3km
79422005,4.0,2,100,西单/金融街地区,火锅,西城区,距市中心3km
18592110,4.0,2,79,,东北菜,房山区,距市中心40.3km
15482659,4.0,2,51,,小吃,房山区,距市中心40.8km
12214296,4.0,2,16,,快餐简餐,房山区,距市中心40.8km
21112017,4.0,2,66,,烧烤,顺义区,距市中心42.6km
4962381,4.0,2,19,,快餐简餐,房山区,距市中心42.8km
6943525,4.0,2,0,门头沟/潭柘寺/妙峰山风景区,,门头沟区,距市中心42.8km
90681825,4.0,2,22,三里屯/工体/东直门地区,小吃,东城区,距市中心4.2km
132993033,4.0,2,36,三里屯/工体/东直门地区,面包甜点,东城区,距市中心4.2km
321080,4.0,2,30,,,东城区,距市中心4.2km
134816830,4.0,2,120,西单/金融街地区,火锅,西城区,距市中心4.2km
16565277,4.0,2,32,三里屯/工体/东直门地区,面包甜点,东城区,距市中心4.2km
130066553,4.0,2,103,昌平城区/十三陵度假区,海鲜,昌平区,距市中心43.6km
15466284,4.0,2,61,三里屯/工体/东直门地区,,东城区,距市中心4.4km
4970239,4.0,2,120,,徽菜,西城区,距市中心4.4km
129619618,4.0,2,127,国贸地区,东南亚菜,朝阳区,距市中心4.4km
328296,4.0,2,225,三里屯/工体/东直门地区,江浙菜,东城区,距市中心4.4km
133742615,4.0,2,61,三里屯/工体/东直门地区,面包甜点,东城区,距市中心4.5km
134830987,4.0,2,0,西单/金融街地区,小吃,西城区,距市中心4.5km
135609974,4.0,2,95,后海/南锣鼓巷地区,西餐,西城区,距市中心4.5km
22515332,4.0,2,210,国贸地区,火锅,朝阳区,距市中心4.5km
133742836,4.0,2,25,三里屯/工体/东直门地区,面包甜点,东城区,距市中心4.5km
79423452,4.0,2,17,西单/金融街地区,小吃,西城区,距市中心4.5km
120822613,4.0,2,64,劲松/潘家园地区,日本料理,朝阳区,距市中心4.5km
4936738,4.0,2,106,三里屯/工体/东直门地区,川菜,东城区,距市中心4.5km
22510756,4.0,2,179,,日本料理,朝阳区,距市中心4.7km
21570301,4.0,2,34,,小吃,朝阳区,距市中心4.7km
78696598,4.0,2,48,,快餐简餐,东城区,距市中心4.7km
79422968,4.0,2,26,三里屯/工体/东直门地区,面包甜点,东城区,距市中心4.7km
25034480,4.0,2,189,国贸地区,面包甜点,朝阳区,距市中心4.7km
8537794,4.0,2,48,昌平城区/十三陵度假区,北京菜,昌平区,距市中心48.8km
7027463,4.0,2,60,顺义温泉休闲区,,顺义区,距市中心49.2km
21539995,4.0,2,0,怀柔风景区,烧烤,怀柔区,距市中心49.2km
18595008,4.0,2,82,国贸地区,湘菜,朝阳区,距市中心4.9km
281579,4.0,2,23,后海/南锣鼓巷地区,小吃,西城区,距市中心4.9km
130647724,4.0,2,119,后海/南锣鼓巷地区,西餐,东城区,距市中心4.9km
78831637,4.0,2,17,,面包甜点,怀柔区,距市中心49km
22429269,4.0,2,48,西单/金融街地区,小吃,西城区,距市中心4km
22519052,4.0,2,23,后海/南锣鼓巷地区,面包甜点,西城区,距市中心4km
134204457,4.0,2,85,后海/南锣鼓巷地区,火锅,东城区,距市中心4km
127682672,4.0,2,187,三里屯/工体/东直门地区,火锅,东城区,距市中心5.2km
25048226,4.0,2,107,西直门/北京展览馆地区,日本料理,西城区,距市中心5.2km
4945968,4.0,2,85,西单/金融街地区,,西城区,距市中心5.2km
134823350,4.0,2,68,西单/金融街地区,新疆菜,西城区,距市中心5.2km
15990437,4.0,2,100,,川菜,丰台区,距市中心5.5km
133769380,4.0,2,101,国展中心地区,川菜,东城区,距市中心5.5km
22515666,4.0,2,17,,面包甜点,丰台区,距市中心5.5km
16551364,4.0,2,276,,日本料理,西城区,距市中心5.7km
4936570,4.0,2,109,北京西站/丽泽商务区,湘菜,西城区,距市中心5.7km
16563939,4.0,2,41,国贸地区,小吃,朝阳区,距市中心5.7km
16101195,4.0,2,29,北京西站/丽泽商务区,快餐简餐,西城区,距市中心5.9km
15928477,4.0,2,58,永定门/南站/大红门/南苑地区,川菜,丰台区,距市中心5.9km
120827805,4.0,2,61,西单/金融街地区,川菜,西城区,距市中心5km
15497321,4.0,2,117,西直门/北京展览馆地区,海鲜,西城区,距市中心5km
4987458,4.0,2,64,马甸/安贞地区,鲁菜,东城区,距市中心6.2km
4939732,4.0,2,95,国展中心地区,自助餐,东城区,距市中心6.2km
120803625,4.0,2,124,国贸地区,西餐,朝阳区,距市中心6.2km
4945835,4.0,2,128,,西餐,西城区,距市中心6.4km
210021,4.0,2,70,西直门/北京展览馆地区,,西城区,距市中心6.4km
136366379,4.0,2,0,永定门/南站/大红门/南苑地区,,丰台区,距市中心6.5km
22516587,4.0,2,133,,北京菜,西城区,距市中心6.5km
4945151,4.0,2,121,国贸地区,烧烤,朝阳区,距市中心6.7km
134822500,4.0,2,73,劲松/潘家园地区,新疆菜,丰台区,距市中心6.7km
122783310,4.0,2,27,劲松/潘家园地区,快餐简餐,丰台区,距市中心6.7km
8618636,4.0,2,25,劲松/潘家园地区,快餐简餐,丰台区,距市中心6.7km
18625992,4.0,2,52,西直门/北京展览馆地区,粤菜,海淀区,距市中心6.7km
78289420,4.0,2,16,,面包甜点,朝阳区,距市中心6.7km
17504935,4.0,2,37,西直门/北京展览馆地区,川菜,海淀区,距市中心6.9km
131916745,4.0,2,166,西直门/北京展览馆地区,川菜,海淀区,距市中心6.9km
335610,4.0,2,43,西直门/北京展览馆地区,快餐简餐,海淀区,距市中心6.9km
78083087,4.0,2,26,国展中心地区,快餐简餐,东城区,距市中心6km
79423019,4.0,2,49,国贸地区,小吃,朝阳区,距市中心6km
129605189,4.0,2,50,国贸地区,面包甜点,朝阳区,距市中心6km
21540074,4.0,2,191,,火锅,朝阳区,距市中心6km
129627700,4.0,2,26,马甸/安贞地区,小吃,海淀区,距市中心7.2km
17598114,4.0,2,63,西直门/北京展览馆地区,面包甜点,海淀区,距市中心7.2km
16565130,4.0,2,30,马甸/安贞地区,小吃,朝阳区,距市中心7.2km
120811531,4.0,2,50,北京西站/丽泽商务区,西北菜,西城区,距市中心7.4km
129994974,4.0,2,97,燕莎/朝阳公园商业区,烧烤,朝阳区,距市中心7.4km
133782532,4.0,2,50,西直门/北京展览馆地区,小吃,海淀区,距市中心7.5km
136367592,4.0,2,0,燕莎/朝阳公园商业区,快餐简餐,朝阳区,距市中心7.5km
18578877,4.0,2,31,,快餐简餐,丰台区,距市中心7.5km
129632096,4.0,2,138,北京西站/丽泽商务区,闽菜,丰台区,距市中心7.5km
130082536,4.0,2,123,国展中心地区,新疆菜,朝阳区,距市中心7.7km
22515860,4.0,2,176,,日本料理,朝阳区,距市中心7.7km
78510685,4.0,2,35,西直门/北京展览馆地区,快餐简餐,海淀区,距市中心7.7km
4950536,4.0,2,58,燕莎/朝阳公园商业区,西北菜,朝阳区,距市中心7.7km
130048428,4.0,2,100,燕莎/朝阳公园商业区,烧烤,朝阳区,距市中心7.7km
186434,4.0,2,134,马甸/安贞地区,海鲜,海淀区,距市中心7.9km
22515548,4.0,2,49,燕莎/朝阳公园商业区,面包甜点,朝阳区,距市中心7km
120817346,4.0,2,91,国展中心地区,湘菜,朝阳区,距市中心7km
4938983,4.0,2,121,,本帮菜,海淀区,距市中心8.1km
15479630,4.0,2,21,,小吃,丰台区,距市中心8.3km
4939400,4.0,2,37,亚运村/奥体中心地区,西北菜,海淀区,距市中心8.4km
79422080,4.0,2,102,永定门/南站/大红门/南苑地区,烧烤,丰台区,距市中心8.5km
13994427,4.0,2,37,,小吃,海淀区,距市中心8.5km
120819519,4.0,2,108,西直门/北京展览馆地区,北京菜,海淀区,距市中心8.5km
16001693,4.0,2,135,北京西站/丽泽商务区,客家菜,丰台区,距市中心8.6km
24942254,4.0,2,0,公主坟/五棵松/石景山游乐园地区,咖啡店,海淀区,距市中心8.6km
79422155,4.0,2,140,北京西站/丽泽商务区,湘菜,海淀区,距市中心8.6km
129619473,4.0,2,132,马甸/安贞地区,川菜,海淀区,距市中心8.9km
12467005,4.0,2,36,,快餐简餐,海淀区,距市中心8km
118678577,4.0,2,108,马甸/安贞地区,火锅,海淀区,距市中心8km
122741809,4.0,2,73,西直门/北京展览馆地区,新疆菜,海淀区,距市中心9.4km
16103098,4.0,2,97,,北京菜,朝阳区,距市中心9.5km
130009322,4.0,2,236,公主坟/五棵松/石景山游乐园地区,日本料理,海淀区,距市中心9.5km
77905068,4.0,2,18,中关村/五道口,面包甜点,海淀区,距市中心9.8km
130060687,4.0,2,163,总部基地/丰台体育中心/南宫地区,创意菜,丰台区,距市中心9.9km
4945557,4.0,2,189,公主坟/五棵松/石景山游乐园地区,西餐,海淀区,距市中心9.9km
127706942,4.0,2,23,中关村/五道口,快餐简餐,海淀区,距市中心9.9km
11270303,4.0,2,64,,川菜,海淀区,距市中心9km
7022460,4.0,2,197,中关村/五道口,自助餐,海淀区,距市中心9km
22133247,4.0,2,60,延庆休闲度假区,北京菜,延庆区,
17002870,4.0,2,0,,火锅,怀柔区,
5563751,4.0,2,145,怀柔风景区,其他,怀柔区,
5559853,4.0,2,0,平谷城区,,平谷区,
130043166,4.0,2,0,怀柔风景区,面包甜点,怀柔区,
5564147,4.0,2,61,怀柔风景区,,怀柔区,
7038039,4.0,2,77,怀柔风景区,北京菜,怀柔区,
5563957,4.0,2,15,,快餐简餐,怀柔区,
16565698,4.0,2,64,,,怀柔区,
78077358,4.0,2,42,延庆休闲度假区,快餐简餐,延庆区,
18486954,4.0,2,40,,,顺义区,
4948607,4.0,2,0,延庆休闲度假区,自助餐,延庆区,
5559554,4.0,2,121,,北京菜,平谷区,
15459007,4.0,2,66,,北京菜,平谷区,
11107331,4.0,2,32,,面包甜点,平谷区,
79443323,4.0,2,0,延庆休闲度假区,,延庆区,
79443681,4.0,2,0,延庆休闲度假区,火锅,延庆区,
79443293,4.0,2,0,延庆休闲度假区,火锅,延庆区,
13287144,4.0,2,24,,小吃,延庆区,
133774296,4.0,2,98,延庆休闲度假区,火锅,延庆区,
7042582,4.0,2,31,延庆休闲度假区,农家菜,延庆区,
79441435,4.0,2,0,延庆休闲度假区,火锅,延庆区,
7024164,4.0,2,152,延庆休闲度假区,湘菜,延庆区,
17509977,4.0,2,62,,农家菜,延庆区,
11609200,4.0,2,19,延庆休闲度假区,面包甜点,延庆区,
7022356,4.0,2,40,,火锅,延庆区,
23514206,4.0,2,82,延庆休闲度假区,东北菜,延庆区,
7035956,4.0,2,0,密云水库,北京菜,密云区,
12490112,4.0,2,14,,快餐简餐,密云区,
12474799,4.0,2,43,,川菜,密云区,
17516273,4.0,2,82,密云城区,烧烤,密云区,
7026943,4.0,2,33,,,密云区,
15154846,4.0,2,54,密云城区,北京菜,密云区,
18547519,4.0,2,64,密云城区,北京菜,密云区,
18629181,4.0,2,41,密云城区,韩国料理,密云区,
22515610,4.0,1,22,中关村/五道口,咖啡店,海淀区,距市中心10.1km
129617498,4.0,1,147,欢乐谷游乐区,川菜,朝阳区,距市中心10.1km
25054042,4.0,1,0,北京西站/丽泽商务区,,丰台区,距市中心10.4km
15985079,4.0,1,52,,小吃,丰台区,距市中心10.4km
15682832,4.0,1,112,,小吃,朝阳区,距市中心10.5km
21586244,4.0,1,37,,快餐简餐,丰台区,距市中心10.5km
21568776,4.0,1,39,,川菜,丰台区,距市中心10.5km
130397372,4.0,1,116,大兴北京新机场地区,粤菜,大兴区,距市中心10.6km
134056694,4.0,1,25,中关村/五道口,小吃,海淀区,距市中心10.8km
4968560,4.0,1,129,中关村/五道口,东北菜,海淀区,距市中心10.8km
4981333,4.0,1,26,中关村/五道口,西餐,海淀区,距市中心10.8km
15964778,4.0,1,0,大兴北京新机场地区,面包甜点,大兴区,距市中心10.8km
16578801,4.0,1,23,中关村/五道口,西北菜,海淀区,距市中心10.9km
136347525,4.0,1,0,北京西站/丽泽商务区,小吃,丰台区,距市中心10km
18585333,4.0,1,27,,面包甜点,丰台区,距市中心11.3km
129627616,4.0,1,0,总部基地/丰台体育中心/南宫地区,快餐简餐,丰台区,距市中心11.4km
21584023,4.0,1,21,,快餐简餐,海淀区,距市中心11.4km
21140000,4.0,1,79,,火锅,丰台区,距市中心11.4km
15959752,4.0,1,84,总部基地/丰台体育中心/南宫地区,北京菜,丰台区,距市中心11.4km
24563551,4.0,1,40,,小吃,海淀区,距市中心11.5km
308649,4.0,1,50,中关村/五道口,东北菜,海淀区,距市中心11.5km
4975703,4.0,1,20,中关村/五道口,快餐简餐,海淀区,距市中心11.5km
130976991,4.0,1,39,亚运村/奥体中心地区,面包甜点,朝阳区,距市中心11.6km
120814827,4.0,1,136,,川菜,海淀区,距市中心11.6km
131272345,4.0,1,16,大兴北京新机场地区,面包甜点,大兴区,距市中心11.8km
134214940,4.0,1,29,大兴北京新机场地区,快餐简餐,大兴区,距市中心11.8km
15568726,4.0,1,23,,面包甜点,大兴区,距市中心11.8km
22515661,4.0,1,16,,面包甜点,大兴区,距市中心11.8km
22521994,4.0,1,129,,火锅,海淀区,距市中心11.9km
120801220,4.0,1,95,,粤菜,海淀区,距市中心11.9km
122712884,4.0,1,32,,小吃,海淀区,距市中心11.9km
22516743,4.0,1,50,前门/天坛公园/崇文门,川菜,西城区,距市中心1.1km
120819845,4.0,1,48,前门/天坛公园/崇文门,东南亚菜,东城区,距市中心1.1km
22521893,4.0,1,38,,面包甜点,东城区,距市中心1.1km
25042792,4.0,1,26,天安门/王府井地区,面包甜点,东城区,距市中心1.1km
136339995,4.0,1,0,前门/天坛公园/崇文门,,东城区,距市中心1.1km
130060220,4.0,1,0,总部基地/丰台体育中心/南宫地区,韩国料理,丰台区,距市中心11km
62206315,4.0,1,19,,,海淀区,距市中心11km
122701077,4.0,1,19,中关村/五道口,,海淀区,距市中心11km
129562331,4.0,1,0,总部基地/丰台体育中心/南宫地区,火锅,丰台区,距市中心11km
134816230,4.0,1,0,永定门/南站/大红门/南苑地区,小吃,丰台区,距市中心11km
16566055,4.0,1,18,大兴北京新机场地区,面包甜点,丰台区,距市中心11km
78696731,4.0,1,498,中关村/五道口,北京菜,海淀区,距市中心11km
197905,4.0,1,62,,川菜,海淀区,距市中心12.1km
324029,4.0,1,30,,小吃,丰台区,距市中心12.1km
16571206,4.0,1,34,总部基地/丰台体育中心/南宫地区,新疆菜,丰台区,距市中心12.3km
133924177,4.0,1,62,总部基地/丰台体育中心/南宫地区,火锅,丰台区,距市中心12.4km
7033192,4.0,1,28,中关村/五道口,小吃,海淀区,距市中心12.5km
18622604,4.0,1,100,,火锅,海淀区,距市中心12.5km
4940610,4.0,1,21,总部基地/丰台体育中心/南宫地区,快餐简餐,丰台区,距市中心12.5km
120817912,4.0,1,134,总部基地/丰台体育中心/南宫地区,自助餐,丰台区,距市中心12.6km
90497702,4.0,1,0,总部基地/丰台体育中心/南宫地区,,丰台区,距市中心12.6km
22517770,4.0,1,101,总部基地/丰台体育中心/南宫地区,火锅,丰台区,距市中心12.8km
134827123,4.0,1,26,总部基地/丰台体育中心/南宫地区,快餐简餐,丰台区,距市中心12.8km
133842777,4.0,1,103,总部基地/丰台体育中心/南宫地区,川菜,丰台区,距市中心12.8km
122738322,4.0,1,31,总部基地/丰台体育中心/南宫地区,面包甜点,丰台区,距市中心12.8km
120817051,4.0,1,144,总部基地/丰台体育中心/南宫地区,火锅,丰台区,距市中心12.8km
131273877,4.0,1,15,总部基地/丰台体育中心/南宫地区,面包甜点,丰台区,距市中心12.8km
22522786,4.0,1,34,总部基地/丰台体育中心/南宫地区,小吃,丰台区,距市中心12.8km
122777451,4.0,1,125,总部基地/丰台体育中心/南宫地区,面包甜点,丰台区,距市中心12.9km
70435604,4.0,1,134,总部基地/丰台体育中心/南宫地区,火锅,丰台区,距市中心12.9km
136340274,4.0,1,0,总部基地/丰台体育中心/南宫地区,面包甜点,丰台区,距市中心12.9km
22518722,4.0,1,32,总部基地/丰台体育中心/南宫地区,面包甜点,丰台区,距市中心12.9km
8636760,4.0,1,65,,川菜,大兴区,距市中心12km
22521587,4.0,1,96,中关村/五道口,烧烤,海淀区,距市中心12km
22520903,4.0,1,84,,川菜,海淀区,距市中心12km
4944338,4.0,1,40,,快餐简餐,海淀区,距市中心12km
22515713,4.0,1,346,,日本料理,朝阳区,距市中心12km
15457784,4.0,1,80,中关村/五道口,面包甜点,海淀区,距市中心12km
130042963,4.0,1,25,,小吃,海淀区,距市中心12km
129999195,4.0,1,85,望京/酒仙桥/798地区,东南亚菜,朝阳区,距市中心12km
15900558,4.0,1,0,公主坟/五棵松/石景山游乐园地区,,石景山区,距市中心13.1km
132395641,4.0,1,75,大兴北京新机场地区,北京菜,大兴区,距市中心13.1km
16554927,4.0,1,26,,小吃,石景山区,距市中心13.1km
21560870,4.0,1,26,总部基地/丰台体育中心/南宫地区,,丰台区,距市中心13.3km
25039868,4.0,1,81,望京/酒仙桥/798地区,日本料理,朝阳区,距市中心13.3km
7046110,4.0,1,0,,快餐简餐,丰台区,距市中心13.3km
21135550,4.0,1,0,,小吃,大兴区,距市中心13.3km
7036800,4.0,1,40,,小吃,大兴区,距市中心13.4km
7047432,4.0,1,179,,火锅,朝阳区,距市中心13.5km
79422007,4.0,1,130,亦庄地区,火锅,大兴区,距市中心13.5km
15574536,4.0,1,50,,西餐,丰台区,距市中心13.5km
122679464,4.0,1,32,总部基地/丰台体育中心/南宫地区,小吃,丰台区,距市中心13.5km
8586793,4.0,1,52,亦庄地区,小吃,大兴区,距市中心13.5km
18493069,4.0,1,0,,,石景山区,距市中心13.5km
79422582,4.0,1,48,总部基地/丰台体育中心/南宫地区,东南亚菜,丰台区,距市中心13.6km
134806276,4.0,1,149,大兴北京新机场地区,烧烤,丰台区,距市中心13.6km
120824633,4.0,1,46,总部基地/丰台体育中心/南宫地区,西餐,丰台区,距市中心13.6km
22520290,4.0,1,93,,湘菜,石景山区,距市中心13.6km
21414222,4.0,1,133,,川菜,大兴区,距市中心13.6km
22519973,4.0,1,47,,西餐,大兴区,距市中心13.8km
133774042,4.0,1,98,总部基地/丰台体育中心/南宫地区,烧烤,丰台区,距市中心13.8km
7050226,4.0,1,23,总部基地/丰台体育中心/南宫地区,快餐简餐,丰台区,距市中心13.8km
78615434,4.0,1,113,亦庄地区,火锅,大兴区,距市中心13.8km
7044009,4.0,1,42,,北京菜,石景山区,距市中心13.8km
8595668,4.0,1,84,,西北菜,大兴区,距市中心13.9km
122741206,4.0,1,40,前门/天坛公园/崇文门,川菜,东城区,距市中心1.3km
130055439,4.0,1,23,前门/天坛公园/崇文门,小吃,东城区,距市中心1.3km
20612033,4.0,1,34,前门/天坛公园/崇文门,,西城区,距市中心1.3km
21578308,4.0,1,47,,小吃,东城区,距市中心1.3km
25039657,4.0,1,0,前门/天坛公园/崇文门,粤菜,西城区,距市中心1.3km
11170818,4.0,1,21,天安门/王府井地区,面包甜点,东城区,距市中心1.3km
18604714,4.0,1,108,前门/天坛公园/崇文门,自助餐,东城区,距市中心1.3km
4943590,4.0,1,54,,北京菜,东城区,距市中心1.3km
78380891,4.0,1,92,,烧烤,大兴区,距市中心13km
4936782,4.0,1,50,,火锅,海淀区,距市中心13km
22515756,4.0,1,120,首都机场/新国展地区,日本料理,朝阳区,距市中心13km
8580692,4.0,1,32,大兴北京新机场地区,咖啡店,大兴区,距市中心14.3km
4982234,4.0,1,34,公主坟/五棵松/石景山游乐园地区,快餐简餐,石景山区,距市中心14.3km
11429801,4.0,1,66,大兴北京新机场地区,烧烤,大兴区,距市中心14.4km
120812809,4.0,1,93,大兴北京新机场地区,西餐,大兴区,距市中心14.4km
120806817,4.0,1,48,传媒大学/管庄地区,面包甜点,朝阳区,距市中心14.5km
120816156,4.0,1,71,大兴北京新机场地区,小吃,大兴区,距市中心14.5km
16104625,4.0,1,45,大兴北京新机场地区,小吃,大兴区,距市中心14.5km
22515578,4.0,1,40,大兴北京新机场地区,面包甜点,大兴区,距市中心14.5km
134204681,4.0,1,0,大兴北京新机场地区,面包甜点,大兴区,距市中心14.8km
15586246,4.0,1,12,,小吃,大兴区,距市中心14.8km
79423173,4.0,1,32,大兴北京新机场地区,小吃,大兴区,距市中心14.8km
8621798,4.0,1,100,,火锅,大兴区,距市中心14.8km
15466164,4.0,1,18,大兴北京新机场地区,快餐简餐,大兴区,距市中心14.8km
78158079,4.0,1,24,亦庄地区,咖啡店,通州区,距市中心14.9km
22510960,4.0,1,116,,小吃,大兴区,距市中心14.9km
120803478,4.0,1,75,亦庄地区,烧烤,大兴区,距市中心14.9km
8642076,4.0,1,83,,韩国料理,大兴区,距市中心14.9km
78901315,4.0,1,109,,火锅,丰台区,距市中心14km
122722679,4.0,1,24,亦庄地区,快餐简餐,大兴区,距市中心15.1km
7045738,4.0,1,25,公主坟/五棵松/石景山游乐园地区,小吃,石景山区,距市中心15.1km
77903692,4.0,1,22,亦庄地区,快餐简餐,大兴区,距市中心15.1km
15925204,4.0,1,0,公主坟/五棵松/石景山游乐园地区,小吃,石景山区,距市中心15.3km
78672047,4.0,1,104,传媒大学/管庄地区,火锅,朝阳区,距市中心15.3km
20615112,4.0,1,0,公主坟/五棵松/石景山游乐园地区,快餐简餐,石景山区,距市中心15.3km
129632572,4.0,1,68,亦庄地区,面包甜点,大兴区,距市中心15.3km
129600799,4.0,1,0,公主坟/五棵松/石景山游乐园地区,快餐简餐,石景山区,距市中心15.3km
120835725,4.0,1,42,上地产业园/西三旗,,海淀区,距市中心15.4km
122739988,4.0,1,189,上地产业园/西三旗,面包甜点,海淀区,距市中心15.4km
15475337,4.0,1,41,,快餐简餐,石景山区,距市中心15.4km
120831420,4.0,1,153,公主坟/五棵松/石景山游乐园地区,烧烤,石景山区,距市中心15.5km
21538559,4.0,1,52,,小吃,石景山区,距市中心15.5km
20606634,4.0,1,40,,快餐简餐,大兴区,距市中心15.5km
21139767,4.0,1,44,,快餐简餐,石景山区,距市中心15.8km
18605538,4.0,1,57,,小吃,昌平区,距市中心15.9km
77911277,4.0,1,23,天安门/王府井地区,咖啡店,东城区,距市中心1.5km
122749107,4.0,1,86,前门/天坛公园/崇文门,北京菜,西城区,距市中心1.5km
7028028,4.0,1,196,前门/天坛公园/崇文门,面包甜点,东城区,距市中心1.5km
134831086,4.0,1,46,前门/天坛公园/崇文门,小吃,西城区,距市中心1.5km
78218979,4.0,1,69,前门/天坛公园/崇文门,面包甜点,西城区,距市中心1.5km
18594111,4.0,1,27,公主坟/五棵松/石景山游乐园地区,快餐简餐,石景山区,距市中心15km
130046275,4.0,1,107,上地产业园/西三旗,川菜,海淀区,距市中心16.1km
16565524,4.0,1,24,,小吃,石景山区,距市中心16.1km
20608949,4.0,1,93,上地产业园/西三旗,云南菜,海淀区,距市中心16.1km
133780293,4.0,1,17,大兴北京新机场地区,小吃,大兴区,距市中心16.1km
129607181,4.0,1,125,亦庄地区,自助餐,大兴区,距市中心16.1km
130006556,4.0,1,20,上地产业园/西三旗,面包甜点,海淀区,距市中心16.1km
20608565,4.0,1,115,,火锅,朝阳区,距市中心16.3km
18483118,4.0,1,0,公主坟/五棵松/石景山游乐园地区,面包甜点,石景山区,距市中心16.3km
4984496,4.0,1,69,公主坟/五棵松/石景山游乐园地区,烧烤,石景山区,距市中心16.3km
22514524,4.0,1,33,亦庄地区,西北菜,大兴区,距市中心16.3km
17592156,4.0,1,24,,快餐简餐,大兴区,距市中心16.5km
130073624,4.0,1,35,亦庄地区,小吃,大兴区,距市中心16.5km
16578808,4.0,1,32,,面包甜点,石景山区,距市中心16.6km
7024362,4.0,1,38,,川菜,石景山区,距市中心16.6km
17008597,4.0,1,98,上地产业园/西三旗,川菜,海淀区,距市中心16.6km
16565898,4.0,1,77,上地产业园/西三旗,川菜,海淀区,距市中心16.6km
21134192,4.0,1,30,,快餐简餐,大兴区,距市中心16.8km
15974137,4.0,1,33,,快餐简餐,大兴区,距市中心16.8km
25034195,4.0,1,26,大兴北京新机场地区,小吃,大兴区,距市中心16.8km
22517519,4.0,1,33,,西餐,东城区,距市中心1.6km
134201651,4.0,1,67,天安门/王府井地区,北京菜,东城区,距市中心1.6km
8636615,4.0,1,100,前门/天坛公园/崇文门,烧烤,西城区,距市中心1.6km
25033465,4.0,1,67,天安门/王府井地区,西餐,东城区,距市中心1.6km
83315945,4.0,1,23,公主坟/五棵松/石景山游乐园地区,快餐简餐,石景山区,距市中心16km
130973786,4.0,1,17,上地产业园/西三旗,面包甜点,海淀区,距市中心16km
15975895,4.0,1,71,,北京菜,海淀区,距市中心16km
18545349,4.0,1,0,公主坟/五棵松/石景山游乐园地区,快餐简餐,石景山区,距市中心17.1km
16552904,4.0,1,80,大兴北京新机场地区,小吃,大兴区,距市中心17.1km
15499657,4.0,1,35,回龙观/天通苑地区,西餐,昌平区,距市中心17.1km
18482860,4.0,1,11,公主坟/五棵松/石景山游乐园地区,面包甜点,石景山区,距市中心17.1km
133924267,4.0,1,105,回龙观/天通苑地区,川菜,昌平区,距市中心17.1km
20612505,4.0,1,0,公主坟/五棵松/石景山游乐园地区,快餐简餐,石景山区,距市中心17.1km
22517526,4.0,1,19,香山/八大处风景区,小吃,石景山区,距市中心17.3km
78052667,4.0,1,139,回龙观/天通苑地区,火锅,昌平区,距市中心17.3km
20587226,4.0,1,93,回龙观/天通苑地区,火锅,昌平区,距市中心17.3km
16563795,4.0,1,28,回龙观/天通苑地区,快餐简餐,昌平区,距市中心17.3km
13665775,4.0,1,18,回龙观/天通苑地区,快餐简餐,昌平区,距市中心17.5km
25049466,4.0,1,0,大兴北京新机场地区,,大兴区,距市中心17.5km
130046425,4.0,1,83,公主坟/五棵松/石景山游乐园地区,,石景山区,距市中心17.6km
15918707,4.0,1,112,大兴北京新机场地区,火锅,大兴区,距市中心17.6km
8594652,4.0,1,57,公主坟/五棵松/石景山游乐园地区,西餐,石景山区,距市中心17.6km
120816454,4.0,1,0,回龙观/天通苑地区,小吃,昌平区,距市中心17.6km
18570976,4.0,1,30,公主坟/五棵松/石景山游乐园地区,小吃,石景山区,距市中心17.8km
7031367,4.0,1,67,,小吃,通州区,距市中心17.8km
18482451,4.0,1,41,公主坟/五棵松/石景山游乐园地区,小吃,石景山区,距市中心17.8km
17006514,4.0,1,105,,东北菜,通州区,距市中心17.8km
70460553,4.0,1,106,回龙观/天通苑地区,韩国料理,昌平区,距市中心17km
78379500,4.0,1,104,大兴北京新机场地区,,大兴区,距市中心17km
78829682,4.0,1,27,上地产业园/西三旗,小吃,海淀区,距市中心17km
8611618,4.0,1,104,大兴北京新机场地区,小吃,大兴区,距市中心18.1km
120813830,4.0,1,30,亦庄地区,快餐简餐,通州区,距市中心18.1km
20614245,4.0,1,0,,小吃,石景山区,距市中心18.1km
15974039,4.0,1,26,公主坟/五棵松/石景山游乐园地区,面包甜点,石景山区,距市中心18.3km
136359621,4.0,1,0,亦庄地区,西餐,通州区,距市中心18.3km
120798536,4.0,1,35,公主坟/五棵松/石景山游乐园地区,西北菜,石景山区,距市中心18.3km
18628830,4.0,1,0,,快餐简餐,石景山区,距市中心18.3km
4948238,4.0,1,47,公主坟/五棵松/石景山游乐园地区,小吃,石景山区,距市中心18.3km
12212205,4.0,1,32,上地产业园/西三旗,,昌平区,距市中心18.3km
129616491,4.0,1,0,香山/八大处风景区,西餐,石景山区,距市中心18.3km
22510998,4.0,1,161,上地产业园/西三旗,海鲜,海淀区,距市中心18.5km
134788132,4.0,1,106,公主坟/五棵松/石景山游乐园地区,日本料理,石景山区,距市中心18.5km
25058652,4.0,1,85,大兴北京新机场地区,小吃,大兴区,距市中心18.5km
25038158,4.0,1,36,回龙观/天通苑地区,快餐简餐,昌平区,距市中心18.5km
130976153,4.0,1,19,亦庄地区,面包甜点,通州区,距市中心18.5km
22521760,4.0,1,27,公主坟/五棵松/石景山游乐园地区,小吃,石景山区,距市中心18.5km
13119288,4.0,1,35,回龙观/天通苑地区,,昌平区,距市中心18.6km
18590958,4.0,1,59,,烧烤,大兴区,距市中心18.6km
12710005,4.0,1,68,上地产业园/西三旗,小吃,昌平区,距市中心18.6km
17007876,4.0,1,31,,快餐简餐,大兴区,距市中心18.6km
12805578,4.0,1,75,上地产业园/西三旗,川菜,昌平区,距市中心18.6km
22518580,4.0,1,73,,烧烤,通州区,距市中心18.6km
15555318,4.0,1,0,公主坟/五棵松/石景山游乐园地区,快餐简餐,石景山区,距市中心18.8km
12558844,4.0,1,104,公主坟/五棵松/石景山游乐园地区,火锅,石景山区,距市中心18.8km
7032608,4.0,1,130,,火锅,石景山区,距市中心18.8km
18607495,4.0,1,0,上地产业园/西三旗,川菜,昌平区,距市中心18.8km
22515992,4.0,1,124,上地产业园/西三旗,云南菜,昌平区,距市中心18.8km
15959643,4.0,1,52,上地产业园/西三旗,小吃,昌平区,距市中心18.8km
16552072,4.0,1,25,回龙观/天通苑地区,小吃,昌平区,距市中心18.8km
120827332,4.0,1,106,前门/天坛公园/崇文门,小吃,西城区,距市中心1.8km
7022085,4.0,1,411,,北京菜,东城区,距市中心1.8km
20613639,4.0,1,74,总部基地/丰台体育中心/南宫地区,川菜,丰台区,距市中心18km
4958205,4.0,1,33,,小吃,石景山区,距市中心18km
21120109,4.0,1,81,总部基地/丰台体育中心/南宫地区,火锅,丰台区,距市中心18km
17586827,4.0,1,85,公主坟/五棵松/石景山游乐园地区,火锅,石景山区,距市中心19.1km
78881775,4.0,1,52,公主坟/五棵松/石景山游乐园地区,快餐简餐,石景山区,距市中心19.1km
21539403,4.0,1,16,,快餐简餐,通州区,距市中心19.1km
15973820,4.0,1,85,香山/八大处风景区,烧烤,石景山区,距市中心19.1km
12503462,4.0,1,67,回龙观/天通苑地区,快餐简餐,昌平区,距市中心19.1km
25046666,4.0,1,25,香山/八大处风景区,小吃,石景山区,距市中心19.1km
16566246,4.0,1,136,回龙观/天通苑地区,火锅,昌平区,距市中心19.1km
131274951,4.0,1,0,回龙观/天通苑地区,小吃,昌平区,距市中心19.1km
7047920,4.0,1,30,,江浙菜,石景山区,距市中心19.1km
78826564,4.0,1,41,回龙观/天通苑地区,快餐简餐,昌平区,距市中心19.3km
11129118,4.0,1,27,,小吃,石景山区,距市中心19.3km
12758087,4.0,1,12,,小吃,石景山区,距市中心19.3km
120802540,4.0,1,92,上地产业园/西三旗,素食,海淀区,距市中心19.3km
122677144,4.0,1,23,亦庄地区,快餐简餐,通州区,距市中心19.3km
122683734,4.0,1,32,总部基地/丰台体育中心/南宫地区,快餐简餐,丰台区,距市中心19.3km
11302036,4.0,1,56,大兴北京新机场地区,小吃,大兴区,距市中心19.5km
16556150,4.0,1,0,香山/八大处风景区,小吃,石景山区,距市中心19.6km
25047662,4.0,1,28,香山/八大处风景区,小吃,海淀区,距市中心19.8km
22519952,4.0,1,110,大兴北京新机场地区,火锅,大兴区,距市中心19.8km
132920979,4.0,1,60,环球影城度假区及周边,,通州区,距市中心19.8km
22519263,4.0,1,25,通州运河商务区,小吃,通州区,距市中心19.8km
8588018,4.0,1,94,通州运河商务区,烧烤,通州区,距市中心19.8km
130409072,4.0,1,102,总部基地/丰台体育中心/南宫地区,北京菜,丰台区,距市中心19.8km
22517252,4.0,1,126,回龙观/天通苑地区,火锅,昌平区,距市中心19.8km
15682286,4.0,1,29,,快餐简餐,通州区,距市中心19.8km
15960850,4.0,1,70,通州运河商务区,烧烤,通州区,距市中心19.8km
133775214,4.0,1,0,通州运河商务区,小吃,通州区,距市中心19.8km
15484081,4.0,1,89,回龙观/天通苑地区,,昌平区,距市中心19.8km
4948651,4.0,1,28,上地产业园/西三旗,西北菜,海淀区,距市中心19km
6974386,4.0,1,160,前门/天坛公园/崇文门,西餐,东城区,距市中心1km
15540899,4.0,1,42,回龙观/天通苑地区,面包甜点,昌平区,距市中心20.1km
79422769,4.0,1,93,通州运河商务区,烧烤,通州区,距市中心20.1km
22514249,4.0,1,28,,,石景山区,距市中心20.1km
15928513,4.0,1,23,回龙观/天通苑地区,快餐简餐,昌平区,距市中心20.1km
22521834,4.0,1,22,,快餐简餐,石景山区,距市中心20.1km
22521550,4.0,1,39,,快餐简餐,石景山区,距市中心20.1km
8595860,4.0,1,97,,火锅,通州区,距市中心20.1km
11198083,4.0,1,71,亦庄地区,烧烤,通州区,距市中心20.1km
17517389,4.0,1,18,通州运河商务区,快餐简餐,通州区,距市中心20.1km
16565086,4.0,1,90,回龙观/天通苑地区,日本料理,昌平区,距市中心20.1km
78876032,4.0,1,97,公主坟/五棵松/石景山游乐园地区,韩国料理,石景山区,距市中心20.1km
132864488,4.0,1,24,大兴北京新机场地区,面包甜点,大兴区,距市中心20.1km
131565589,4.0,1,108,大兴北京新机场地区,火锅,大兴区,距市中心20.1km
120837096,4.0,1,88,公主坟/五棵松/石景山游乐园地区,川菜,石景山区,距市中心20.1km
22515601,4.0,1,16,通州运河商务区,面包甜点,通州区,距市中心20.1km
120828477,4.0,1,0,回龙观/天通苑地区,小吃,昌平区,距市中心20.3km
78571466,4.0,1,103,大兴北京新机场地区,火锅,大兴区,距市中心20.3km
12137153,4.0,1,21,回龙观/天通苑地区,面包甜点,昌平区,距市中心20.3km
15942302,4.0,1,33,回龙观/天通苑地区,川菜,昌平区,距市中心20.3km
15499693,4.0,1,85,亦庄地区,火锅,通州区,距市中心20.3km
12215357,4.0,1,31,大兴北京新机场地区,,大兴区,距市中心20.3km
79423198,4.0,1,69,回龙观/天通苑地区,烧烤,昌平区,距市中心20.5km
15485851,4.0,1,100,,火锅,通州区,距市中心20.5km
134823204,4.0,1,72,回龙观/天通苑地区,北京菜,昌平区,距市中心20.5km
12252912,4.0,1,10,环球影城度假区及周边,面包甜点,通州区,距市中心20.6km
120835192,4.0,1,98,回龙观/天通苑地区,川菜,昌平区,距市中心20.6km
22521115,4.0,1,51,回龙观/天通苑地区,西餐,昌平区,距市中心20.6km
8543162,4.0,1,66,回龙观/天通苑地区,,昌平区,距市中心20.6km
4964716,4.0,1,118,回龙观/天通苑地区,烧烤,昌平区,距市中心20.6km
16577973,4.0,1,25,香山/八大处风景区,快餐简餐,石景山区,距市中心20.6km
7036074,4.0,1,26,环球影城度假区及周边,快餐简餐,通州区,距市中心20.6km
15556794,4.0,1,96,,东北菜,大兴区,距市中心20.8km
132527697,4.0,1,0,环球影城度假区及周边,快餐简餐,通州区,距市中心20.8km
4965663,4.0,1,71,回龙观/天通苑地区,东北菜,昌平区,距市中心20.8km
21558634,4.0,1,101,香山/八大处风景区,川菜,海淀区,距市中心20.8km
25041258,4.0,1,18,通州运河商务区,快餐简餐,通州区,距市中心20km
7035804,4.0,1,22,,快餐简餐,通州区,距市中心20km
7038329,4.0,1,74,通州运河商务区,烧烤,通州区,距市中心20km
7038233,4.0,1,35,环球影城度假区及周边,小吃,通州区,距市中心20km
4944820,4.0,1,167,回龙观/天通苑地区,海鲜,昌平区,距市中心21.1km
22517440,4.0,1,69,,火锅,石景山区,距市中心21.1km
13051806,4.0,1,19,大兴北京新机场地区,快餐简餐,大兴区,距市中心21.1km
15540975,4.0,1,18,香山/八大处风景区,快餐简餐,石景山区,距市中心21.1km
11172226,4.0,1,88,大兴北京新机场地区,面包甜点,大兴区,距市中心21.1km
15620496,4.0,1,30,香山/八大处风景区,小吃,石景山区,距市中心21.1km
7031134,4.0,1,15,环球影城度假区及周边,快餐简餐,通州区,距市中心21.3km
63299643,4.0,1,30,回龙观/天通苑地区,小吃,昌平区,距市中心21.3km
127768353,4.0,1,0,环球影城度假区及周边,火锅,通州区,距市中心21.3km
15475644,4.0,1,33,环球影城度假区及周边,小吃,通州区,距市中心21.5km
136333173,4.0,1,0,公主坟/五棵松/石景山游乐园地区,面包甜点,石景山区,距市中心21.5km
79421801,4.0,1,47,环球影城度假区及周边,小吃,通州区,距市中心21.5km
79422860,4.0,1,0,香山/八大处风景区,烧烤,石景山区,距市中心21.6km
4945804,4.0,1,33,首都机场/新国展地区,快餐简餐,顺义区,距市中心21.6km
15960800,4.0,1,0,首都机场/新国展地区,粤菜,顺义区,距市中心21.6km
129623543,4.0,1,105,回龙观/天通苑地区,火锅,昌平区,距市中心21.6km
325169,4.0,1,45,,快餐简餐,石景山区,距市中心21.6km
15679824,4.0,1,45,大兴北京新机场地区,火锅,大兴区,距市中心21.8km
18623131,4.0,1,92,大兴北京新机场地区,火锅,大兴区,距市中心21.8km
4946031,4.0,1,174,首都机场/新国展地区,粤菜,顺义区,距市中心21.8km
15561860,4.0,1,92,大兴北京新机场地区,湘菜,大兴区,距市中心21km
4984970,4.0,1,52,环球影城度假区及周边,快餐简餐,通州区,距市中心21km
131272553,4.0,1,0,环球影城度假区及周边,面包甜点,通州区,距市中心22.1km
7030676,4.0,1,71,环球影城度假区及周边,自助餐,通州区,距市中心22.1km
12205589,4.0,1,35,回龙观/天通苑地区,小吃,顺义区,距市中心22.1km
136347230,4.0,1,0,环球影城度假区及周边,自助餐,通州区,距市中心22.1km
122741969,4.0,1,128,环球影城度假区及周边,火锅,通州区,距市中心22.1km
18502078,4.0,1,0,首都机场/新国展地区,西餐,顺义区,距市中心22.3km
11242963,4.0,1,41,回龙观/天通苑地区,小吃,昌平区,距市中心22.5km
129624171,4.0,1,115,大兴北京新机场地区,小吃,大兴区,距市中心22.6km
12216751,4.0,1,62,首都机场/新国展地区,川菜,顺义区,距市中心22.6km
12067949,4.0,1,56,门头沟/潭柘寺/妙峰山风景区,火锅,门头沟区,距市中心22.6km
18627442,4.0,1,95,,,丰台区,距市中心22.6km
129622200,4.0,1,0,天安门/王府井地区,西餐,东城区,距市中心226m
78509708,4.0,1,138,房山风景区,火锅,房山区,距市中心22.8km
4949282,4.0,1,0,天安门/王府井地区,小吃,东城区,距市中心2.2km
134217303,4.0,1,87,北京站,烧烤,东城区,距市中心2.2km
15642510,4.0,1,57,北京站,日本料理,东城区,距市中心2.2km
131007534,4.0,1,0,北京站,小吃,东城区,距市中心2.2km
7045383,4.0,1,56,前门/天坛公园/崇文门,川菜,西城区,距市中心2.2km
78327099,4.0,1,97,房山风景区,火锅,房山区,距市中心23.1km
22518025,4.0,1,96,环球影城度假区及周边,西餐,通州区,距市中心23.1km
130015807,4.0,1,150,首都机场/新国展地区,火锅,顺义区,距市中心23.1km
16565111,4.0,1,39,环球影城度假区及周边,小吃,通州区,距市中心23.1km
22522722,4.0,1,22,首都机场/新国展地区,咖啡店,顺义区,距市中心23.3km
13629615,4.0,1,41,首都机场/新国展地区,川菜,顺义区,距市中心23.3km
11388930,4.0,1,46,首都机场/新国展地区,东北菜,顺义区,距市中心23.3km
143196450,4.0,1,0,回龙观/天通苑地区,,昌平区,距市中心23.3km
70460275,4.0,1,110,首都机场/新国展地区,火锅,顺义区,距市中心23.3km
133924354,4.0,1,36,回龙观/天通苑地区,面包甜点,昌平区,距市中心23.5km
8279682,4.0,1,32,回龙观/天通苑地区,快餐简餐,昌平区,距市中心23.6km
7047557,4.0,1,70,首都机场/新国展地区,,顺义区,距市中心23.6km
22519482,4.0,1,50,房山风景区,西餐,房山区,距市中心23.6km
134808132,4.0,1,0,回龙观/天通苑地区,,昌平区,距市中心23.6km
134825930,4.0,1,29,回龙观/天通苑地区,快餐简餐,昌平区,距市中心23.6km
22480317,4.0,1,89,通州运河商务区,川菜,通州区,距市中心23.6km
17509085,4.0,1,73,环球影城度假区及周边,,通州区,距市中心23.6km
78233791,4.0,1,81,房山风景区,江浙菜,房山区,距市中心23.6km
289210,4.0,1,61,首都机场/新国展地区,湘菜,顺义区,距市中心23.6km
120810243,4.0,1,96,房山风景区,川菜,房山区,距市中心23.6km
4965627,4.0,1,19,环球影城度假区及周边,快餐简餐,通州区,距市中心23.6km
17521519,4.0,1,14,房山风景区,面包甜点,房山区,距市中心23.8km
130983065,4.0,1,86,环球影城度假区及周边,快餐简餐,通州区,距市中心23.8km
4937316,4.0,1,67,环球影城度假区及周边,北京菜,通州区,距市中心23.8km
18597592,4.0,1,35,北京站,小吃,东城区,距市中心2.3km
136366172,4.0,1,0,西单/金融街地区,火锅,西城区,距市中心2.3km
16549635,4.0,1,75,香山/八大处风景区,小吃,石景山区,距市中心24.3km
134213895,4.0,1,33,回龙观/天通苑地区,快餐简餐,昌平区,距市中心24.3km
78869086,4.0,1,25,房山风景区,面包甜点,房山区,距市中心24.5km
127737109,4.0,1,19,回龙观/天通苑地区,快餐简餐,昌平区,距市中心24.5km
78234039,4.0,1,21,房山风景区,面包甜点,房山区,距市中心24.5km
120818185,4.0,1,97,房山风景区,台湾菜,房山区,距市中心24.6km
134823252,4.0,1,91,房山风景区,北京菜,房山区,距市中心24.6km
78108982,4.0,1,107,,火锅,房山区,距市中心24.6km
78538784,4.0,1,100,房山风景区,火锅,房山区,距市中心24.6km
120802423,4.0,1,91,环球影城度假区及周边,日本料理,通州区,距市中心24.8km
15488283,4.0,1,16,,面包甜点,大兴区,距市中心25.1km
15606044,4.0,1,20,,川菜,门头沟区,距市中心25.3km
15618248,4.0,1,20,,川菜,门头沟区,距市中心25.3km
15117411,4.0,1,18,,面包甜点,大兴区,距市中心25.3km
133771599,4.0,1,113,大兴北京新机场地区,川菜,大兴区,距市中心25.3km
15019256,4.0,1,34,,,大兴区,距市中心25.3km
130045161,4.0,1,32,大兴北京新机场地区,面包甜点,大兴区,距市中心25.3km
120814822,4.0,1,23,,北京菜,门头沟区,距市中心25.5km
129996898,4.0,1,48,总部基地/丰台体育中心/南宫地区,,丰台区,距市中心25.6km
15485265,4.0,1,21,环球影城度假区及周边,小吃,通州区,距市中心25.8km
130971306,4.0,1,112,房山风景区,北京菜,房山区,距市中心25.8km
120823721,4.0,1,0,三里屯/工体/东直门地区,西北菜,东城区,距市中心2.5km
120835132,4.0,1,28,前门/天坛公园/崇文门,快餐简餐,西城区,距市中心2.5km
120823601,4.0,1,55,通州运河商务区,川菜,通州区,距市中心25km
16549708,4.0,1,0,香山/八大处风景区,,门头沟区,距市中心26.3km
129628140,4.0,1,60,门头沟/潭柘寺/妙峰山风景区,,门头沟区,距市中心26.5km
13002511,4.0,1,66,房山风景区,西餐,房山区,距市中心26.6km
78892078,4.0,1,0,,徽菜,大兴区,距市中心26.6km
21540159,4.0,1,16,,小吃,门头沟区,距市中心26.6km
18578473,4.0,1,41,房山风景区,火锅,房山区,距市中心26.6km
77902015,4.0,1,29,大兴北京新机场地区,小吃,大兴区,距市中心26.8km
130980227,4.0,1,39,房山风景区,烧烤,房山区,距市中心26.8km
22521620,4.0,1,48,大兴北京新机场地区,小吃,大兴区,距市中心26.8km
130976623,4.0,1,16,房山风景区,面包甜点,房山区,距市中心26.8km
4965390,4.0,1,0,前门/天坛公园/崇文门,烧烤,西城区,距市中心2.6km
192283,4.0,1,87,,,东城区,距市中心2.6km
79422615,4.0,1,96,天安门/王府井地区,日本料理,东城区,距市中心2.6km
12621345,4.0,1,64,天安门/王府井地区,火锅,东城区,距市中心2.6km
25048186,4.0,1,28,北京站,快餐简餐,东城区,距市中心2.6km
120832576,4.0,1,31,前门/天坛公园/崇文门,快餐简餐,西城区,距市中心2.6km
15680071,4.0,1,42,环球影城度假区及周边,小吃,通州区,距市中心27.1km
15480035,4.0,1,94,通州运河商务区,湘菜,通州区,距市中心27.1km
122628183,4.0,1,0,环球影城度假区及周边,小吃,通州区,距市中心27.3km
18594144,4.0,1,71,房山风景区,烧烤,房山区,距市中心27.5km
4963453,4.0,1,125,顺义温泉休闲区,烧烤,顺义区,距市中心27.8km
62203051,4.0,1,92,,粤菜,西城区,距市中心2.7km
4950962,4.0,1,58,三里屯/工体/东直门地区,西餐,东城区,距市中心2.7km
22521216,4.0,1,116,大兴北京新机场地区,火锅,大兴区,距市中心27km
78804411,4.0,1,31,首都机场/新国展地区,西餐,顺义区,距市中心27km
18590638,4.0,1,102,房山风景区,湘菜,房山区,距市中心28.1km
4962372,4.0,1,68,通州运河商务区,火锅,通州区,距市中心28.1km
122700405,4.0,1,36,房山风景区,快餐简餐,房山区,距市中心28.1km
129610682,4.0,1,0,房山风景区,小吃,房山区,距市中心28.3km
17594729,4.0,1,114,香山/八大处风景区,江浙菜,海淀区,距市中心28.3km
15471946,4.0,1,17,沙河大学城/上庄地区,小吃,昌平区,距市中心28.6km
8303169,4.0,1,59,房山风景区,烧烤,房山区,距市中心28.6km
129610504,4.0,1,0,沙河大学城/上庄地区,面包甜点,昌平区,距市中心28.8km
22514539,4.0,1,76,,西北菜,西城区,距市中心2.8km
120803717,4.0,1,30,西单/金融街地区,西北菜,西城区,距市中心2.8km
22518070,4.0,1,38,三里屯/工体/东直门地区,快餐简餐,东城区,距市中心2.8km
22518284,4.0,1,35,,小吃,西城区,距市中心2.8km
22518964,4.0,1,16,,小吃,西城区,距市中心2.8km
15934428,4.0,1,24,三里屯/工体/东直门地区,快餐简餐,东城区,距市中心2.8km
79423107,4.0,1,18,西单/金融街地区,面包甜点,西城区,距市中心2.8km
22520067,4.0,1,20,三里屯/工体/东直门地区,面包甜点,东城区,距市中心2.8km
78695096,4.0,1,103,沙河大学城/上庄地区,东北菜,昌平区,距市中心29.3km
13501743,4.0,1,14,房山风景区,小吃,房山区,距市中心29.5km
22511110,4.0,1,100,房山风景区,东北菜,房山区,距市中心29.5km
4974937,4.0,1,40,房山风景区,烧烤,房山区,距市中心29.6km
7042631,4.0,1,0,,快餐简餐,房山区,距市中心29.8km
17510504,4.0,1,23,房山风景区,小吃,房山区,距市中心29.8km
8299237,4.0,1,0,大兴北京新机场地区,面包甜点,大兴区,距市中心29km
136361079,4.0,1,0,天安门/王府井地区,快餐简餐,东城区,距市中心2km
18596309,4.0,1,116,房山风景区,面包甜点,房山区,距市中心30.1km
16001940,4.0,1,25,,小吃,昌平区,距市中心30.3km
22516917,4.0,1,89,小汤山温泉度假区,火锅,昌平区,距市中心30.3km
4962942,4.0,1,53,小汤山温泉度假区,,昌平区,距市中心30.3km
15678887,4.0,1,25,,,顺义区,距市中心30.3km
11518837,4.0,1,66,顺义温泉休闲区,火锅,顺义区,距市中心30.5km
8304059,4.0,1,53,,北京菜,房山区,距市中心30.6km
134801073,4.0,1,121,房山风景区,粤菜,房山区,距市中心30.6km
130044439,4.0,1,27,沙河大学城/上庄地区,快餐简餐,昌平区,距市中心30.8km
22517294,4.0,1,62,沙河大学城/上庄地区,面包甜点,昌平区,距市中心30.8km
133776267,4.0,1,0,大兴北京新机场地区,快餐简餐,大兴区,距市中心31.1km
15901870,4.0,1,164,,日本料理,房山区,距市中心31.1km
16540795,4.0,1,64,顺义温泉休闲区,小吃,顺义区,距市中心31.3km
12159712,4.0,1,90,顺义温泉休闲区,火锅,顺义区,距市中心31.3km
13416143,4.0,1,0,,川菜,顺义区,距市中心31.5km
15675515,4.0,1,19,,小吃,顺义区,距市中心31.6km
22518771,4.0,1,30,,快餐简餐,顺义区,距市中心31.8km
79422638,4.0,1,108,顺义温泉休闲区,火锅,顺义区,距市中心31.8km
15959052,4.0,1,32,前门/天坛公园/崇文门,小吃,西城区,距市中心3.1km
120829632,4.0,1,23,西单/金融街地区,咖啡店,西城区,距市中心3.1km
20592662,4.0,1,111,,创意菜,西城区,距市中心3.1km
130030614,4.0,1,0,天安门/王府井地区,小吃,东城区,距市中心3.1km
120821160,4.0,1,59,前门/天坛公园/崇文门,面包甜点,西城区,距市中心3.1km
120834324,4.0,1,96,西单/金融街地区,日本料理,西城区,距市中心3.1km
9366305,4.0,1,0,西单/金融街地区,,西城区,距市中心3.1km
120824063,4.0,1,75,西单/金融街地区,江浙菜,西城区,距市中心3.1km
12200778,4.0,1,71,,,顺义区,距市中心32.1km
25047595,4.0,1,37,顺义温泉休闲区,北京菜,顺义区,距市中心32.3km
131267121,4.0,1,61,大兴北京新机场地区,东北菜,大兴区,距市中心32.5km
15632510,4.0,1,13,,面包甜点,顺义区,距市中心32.7km
15479004,4.0,1,15,,面包甜点,顺义区,距市中心32.7km
8637321,4.0,1,21,沙河大学城/上庄地区,小吃,海淀区,距市中心32.7km
11637169,4.0,1,80,,面包甜点,顺义区,距市中心32.8km
17516229,4.0,1,67,三里屯/工体/东直门地区,北京菜,东城区,距市中心3.2km
129618752,4.0,1,438,北京站,粤菜,朝阳区,距市中心3.2km
78531852,4.0,1,27,,小吃,顺义区,距市中心32km
4975966,4.0,1,35,顺义温泉休闲区,北京菜,顺义区,距市中心33.2km
11601796,4.0,1,13,,快餐简餐,顺义区,距市中心33.7km
21562639,4.0,1,68,沙河大学城/上庄地区,,昌平区,距市中心33.7km
78651332,4.0,1,27,后海/南锣鼓巷地区,面包甜点,东城区,距市中心3.3km
120798636,4.0,1,33,三里屯/工体/东直门地区,烧烤,东城区,距市中心3.3km
4943911,4.0,1,40,后海/南锣鼓巷地区,快餐简餐,西城区,距市中心3.3km
8428985,4.0,1,46,昌平城区/十三陵度假区,小吃,昌平区,距市中心34.6km
13256295,4.0,1,116,,西餐,顺义区,距市中心35.1km
4979888,4.0,1,115,顺义温泉休闲区,海鲜,顺义区,距市中心35.2km
20612313,4.0,1,0,,快餐简餐,房山区,距市中心35.6km
134204768,4.0,1,34,环球影城度假区及周边,面包甜点,通州区,距市中心35.7km
18596937,4.0,1,37,西单/金融街地区,小吃,西城区,距市中心3.5km
4983877,4.0,1,97,顺义温泉休闲区,火锅,顺义区,距市中心35km
5560590,4.0,1,40,门头沟/潭柘寺/妙峰山风景区,农家菜,门头沟区,距市中心36.1km
129628147,4.0,1,56,房山风景区,川菜,房山区,距市中心36.3km
15681837,4.0,1,71,房山风景区,东北菜,房山区,距市中心36.5km
20368065,4.0,1,115,顺义温泉休闲区,火锅,顺义区,距市中心36.7km
4980237,4.0,1,39,,东南亚菜,东城区,距市中心3.6km
136353936,4.0,1,0,昌平城区/十三陵度假区,,昌平区,距市中心37.1km
15997710,4.0,1,96,昌平城区/十三陵度假区,海鲜,昌平区,距市中心37.1km
122742036,4.0,1,30,昌平城区/十三陵度假区,小吃,昌平区,距市中心37.1km
4991469,4.0,1,75,昌平城区/十三陵度假区,火锅,昌平区,距市中心37.1km
120824923,4.0,1,23,昌平城区/十三陵度假区,咖啡店,昌平区,距市中心37.2km
8551356,4.0,1,71,昌平城区/十三陵度假区,自助餐,昌平区,距市中心37.3km
129611184,4.0,1,0,昌平城区/十三陵度假区,快餐简餐,昌平区,距市中心37.3km
78800556,4.0,1,115,房山风景区,粤菜,房山区,距市中心37.6km
12739730,4.0,1,76,,火锅,昌平区,距市中心37.7km
21566081,4.0,1,83,昌平城区/十三陵度假区,火锅,昌平区,距市中心37.8km
21579063,4.0,1,25,,小吃,昌平区,距市中心37.8km
130085909,4.0,1,62,昌平城区/十三陵度假区,韩国料理,昌平区,距市中心37.8km
122699756,4.0,1,0,前门/天坛公园/崇文门,快餐简餐,西城区,距市中心3.7km
130399869,4.0,1,120,三里屯/工体/东直门地区,湘菜,东城区,距市中心3.7km
15492148,4.0,1,34,三里屯/工体/东直门地区,小吃,东城区,距市中心3.7km
8609045,4.0,1,29,,快餐简餐,西城区,距市中心3.7km
132406619,4.0,1,30,天安门/王府井地区,快餐简餐,西城区,距市中心3.7km
78577970,4.0,1,32,西单/金融街地区,小吃,西城区,距市中心3.7km
4944335,4.0,1,94,昌平城区/十三陵度假区,火锅,昌平区,距市中心38.1km
20373059,4.0,1,81,顺义温泉休闲区,东北菜,顺义区,距市中心38.2km
16565822,4.0,1,75,,川菜,昌平区,距市中心38.2km
15485735,4.0,1,74,环球影城度假区及周边,北京菜,通州区,距市中心38.3km
122761849,4.0,1,90,昌平城区/十三陵度假区,烧烤,昌平区,距市中心38.6km
8554813,4.0,1,28,昌平城区/十三陵度假区,面包甜点,昌平区,距市中心38.7km
15467184,4.0,1,69,房山风景区,烧烤,房山区,距市中心39km
226565,4.0,1,50,,鲁菜,西城区,距市中心3km
18513124,4.0,1,0,三里屯/工体/东直门地区,小吃,东城区,距市中心3km
22515671,4.0,1,15,三里屯/工体/东直门地区,面包甜点,东城区,距市中心3km
8561333,4.0,1,38,房山风景区,快餐简餐,房山区,距市中心40.1km
18589240,4.0,1,77,昌平城区/十三陵度假区,东北菜,昌平区,距市中心40.2km
22517244,4.0,1,44,昌平城区/十三陵度假区,咖啡店,昌平区,距市中心40.7km
11139209,4.0,1,18,房山风景区,快餐简餐,房山区,距市中心40km
16564628,4.0,1,69,,北京菜,昌平区,距市中心41.2km
18489543,4.0,1,19,,,房山区,距市中心41.3km
13326411,4.0,1,60,大兴北京新机场地区,,大兴区,距市中心41.8km
4970725,4.0,1,29,,火锅,顺义区,距市中心42.5km
129607610,4.0,1,20,房山风景区,面包甜点,房山区,距市中心42.7km
120827348,4.0,1,0,后海/南锣鼓巷地区,,西城区,距市中心4.2km
132996562,4.0,1,19,三里屯/工体/东直门地区,面包甜点,东城区,距市中心4.2km
16099230,4.0,1,55,天安门/王府井地区,北京菜,西城区,距市中心4.2km
21404507,4.0,1,59,西单/金融街地区,面包甜点,西城区,距市中心4.2km
15953321,4.0,1,17,三里屯/工体/东直门地区,快餐简餐,东城区,距市中心4.2km
4959880,4.0,1,119,三里屯/工体/东直门地区,火锅,东城区,距市中心4.2km
130790491,4.0,1,77,永定门/南站/大红门/南苑地区,小吃,东城区,距市中心4.2km
12202280,4.0,1,121,,湘菜,朝阳区,距市中心4.2km
15667632,4.0,1,47,,小吃,房山区,距市中心43.2km
12688119,4.0,1,85,,,房山区,距市中心43.3km
16096934,4.0,1,20,,快餐简餐,昌平区,距市中心43.7km
133776886,4.0,1,22,大兴北京新机场地区,快餐简餐,大兴区,距市中心44.2km
130393759,4.0,1,97,国贸地区,火锅,朝阳区,距市中心4.4km
120828974,4.0,1,33,永定门/南站/大红门/南苑地区,烧烤,东城区,距市中心4.4km
130029009,4.0,1,32,,面包甜点,西城区,距市中心4.4km
22517956,4.0,1,27,,快餐简餐,丰台区,距市中心4.4km
18543267,4.0,1,53,,,丰台区,距市中心4.4km
7038281,4.0,1,80,,快餐简餐,怀柔区,距市中心44km
118678393,4.0,1,0,后海/南锣鼓巷地区,东南亚菜,东城区,距市中心4.5km
22519103,4.0,1,27,三里屯/工体/东直门地区,火锅,东城区,距市中心4.5km
279512,4.0,1,8,三里屯/工体/东直门地区,小吃,东城区,距市中心4.5km
7048481,4.0,1,128,后海/南锣鼓巷地区,小吃,东城区,距市中心4.5km
16564322,4.0,1,169,国贸地区,西餐,朝阳区,距市中心4.5km
120831388,4.0,1,46,三里屯/工体/东直门地区,日本料理,东城区,距市中心4.5km
15500861,4.0,1,101,后海/南锣鼓巷地区,海鲜,西城区,距市中心4.5km
4941131,4.0,1,58,房山风景区,,房山区,距市中心47.7km
122709538,4.0,1,36,北京西站/丽泽商务区,小吃,西城区,距市中心4.7km
120803329,4.0,1,37,国贸地区,小吃,朝阳区,距市中心4.7km
15971090,4.0,1,125,劲松/潘家园地区,火锅,朝阳区,距市中心4.7km
15598101,4.0,1,42,,面包甜点,西城区,距市中心4.7km
130473539,4.0,1,41,三里屯/工体/东直门地区,面包甜点,东城区,距市中心4.7km
83315315,4.0,1,95,西直门/北京展览馆地区,火锅,西城区,距市中心4.7km
122728847,4.0,1,133,三里屯/工体/东直门地区,川菜,东城区,距市中心4.7km
4937361,4.0,1,32,永定门/南站/大红门/南苑地区,快餐简餐,丰台区,距市中心4.7km
17516203,4.0,1,15,,面包甜点,丰台区,距市中心4.7km
143347880,4.0,1,0,劲松/潘家园地区,徽菜,丰台区,距市中心4.7km
7041639,4.0,1,87,怀柔风景区,,怀柔区,距市中心48.2km
15565535,4.0,1,23,怀柔风景区,西餐,怀柔区,距市中心48.3km
7025690,4.0,1,0,,小吃,怀柔区,距市中心48.8km
21572253,4.0,1,21,,面包甜点,怀柔区,距市中心49.6km
21138602,4.0,1,23,,面包甜点,怀柔区,距市中心49.6km
21138833,4.0,1,83,,火锅,怀柔区,距市中心49.6km
23553468,4.0,1,0,,小吃,怀柔区,距市中心49.6km
21135569,4.0,1,31,,快餐简餐,怀柔区,距市中心49.6km
21141292,4.0,1,17,,面包甜点,怀柔区,距市中心49.6km
16094223,4.0,1,0,,快餐简餐,怀柔区,距市中心49.7km
15570686,4.0,1,99,劲松/潘家园地区,火锅,丰台区,距市中心4.9km
63310768,4.0,1,43,永定门/南站/大红门/南苑地区,快餐简餐,丰台区,距市中心4.9km
6984083,4.0,1,0,永定门/南站/大红门/南苑地区,,丰台区,距市中心4.9km
25046417,4.0,1,126,劲松/潘家园地区,火锅,丰台区,距市中心4.9km
136332725,4.0,1,0,三里屯/工体/东直门地区,川菜,东城区,距市中心4.9km
73420185,4.0,1,71,西单/金融街地区,新疆菜,西城区,距市中心4.9km
13219849,4.0,1,84,西直门/北京展览馆地区,川菜,西城区,距市中心4.9km
68600933,4.0,1,98,后海/南锣鼓巷地区,,西城区,距市中心4km
15592274,4.0,1,37,后海/南锣鼓巷地区,小吃,东城区,距市中心4km
78822712,4.0,1,67,,,西城区,距市中心4km
120823201,4.0,1,70,后海/南锣鼓巷地区,北京菜,东城区,距市中心4km
21392100,4.0,1,0,,快餐简餐,东城区,距市中心4km
118678400,4.0,1,0,后海/南锣鼓巷地区,小吃,东城区,距市中心4km
136347082,4.0,1,0,西单/金融街地区,咖啡店,西城区,距市中心4km
234708,4.0,1,60,,快餐简餐,西城区,距市中心4km
4973220,4.0,1,0,三里屯/工体/东直门地区,北京菜,东城区,距市中心4km
22517179,4.0,1,93,,北京菜,东城区,距市中心4km
4958409,4.0,1,110,,火锅,东城区,距市中心4km
21408072,4.0,1,114,三里屯/工体/东直门地区,火锅,东城区,距市中心4km
196433,4.0,1,40,怀柔风景区,,怀柔区,距市中心50km
262098,4.0,1,70,怀柔风景区,粤菜,怀柔区,距市中心50km
133778735,4.0,1,25,永定门/南站/大红门/南苑地区,小吃,丰台区,距市中心5.2km
78573118,4.0,1,23,,快餐简餐,丰台区,距市中心5.2km
134806908,4.0,1,58,西单/金融街地区,烧烤,西城区,距市中心5.2km
8587131,4.0,1,230,西单/金融街地区,自助餐,西城区,距市中心5.2km
15494530,4.0,1,48,后海/南锣鼓巷地区,小吃,西城区,距市中心5.2km
22521279,4.0,1,41,,小吃,东城区,距市中心5.2km
120813844,4.0,1,97,劲松/潘家园地区,烧烤,朝阳区,距市中心5.2km
22510745,4.0,1,80,三里屯/工体/东直门地区,西餐,朝阳区,距市中心5.2km
79423026,4.0,1,98,马甸/安贞地区,火锅,东城区,距市中心5.2km
4976602,4.0,1,43,劲松/潘家园地区,咖啡店,丰台区,距市中心5.4km
22521098,4.0,1,80,,火锅,丰台区,距市中心5.4km
78047813,4.0,1,56,三里屯/工体/东直门地区,咖啡店,朝阳区,距市中心5.4km
17600869,4.0,1,82,,西餐,丰台区,距市中心5.5km
12474210,4.0,1,307,国贸地区,日本料理,朝阳区,距市中心5.5km
22519060,4.0,1,40,马甸/安贞地区,小吃,西城区,距市中心5.5km
22514699,4.0,1,261,劲松/潘家园地区,海鲜,朝阳区,距市中心5.5km
122712682,4.0,1,38,西单/金融街地区,快餐简餐,西城区,距市中心5.5km
132991915,4.0,1,140,三里屯/工体/东直门地区,面包甜点,东城区,距市中心5.5km
21538152,4.0,1,34,西直门/北京展览馆地区,面包甜点,西城区,距市中心5.5km
15589795,4.0,1,29,西直门/北京展览馆地区,小吃,西城区,距市中心5.5km
135945159,4.0,1,33,永定门/南站/大红门/南苑地区,面包甜点,丰台区,距市中心5.7km
25049653,4.0,1,0,永定门/南站/大红门/南苑地区,,丰台区,距市中心5.7km
22521245,4.0,1,42,,北京菜,朝阳区,距市中心5.7km
130022696,4.0,1,97,西单/金融街地区,日本料理,西城区,距市中心5.7km
21585109,4.0,1,109,,面包甜点,西城区,距市中心5.7km
4982236,4.0,1,35,西直门/北京展览馆地区,快餐简餐,西城区,距市中心5.7km
25040888,4.0,1,98,北京西站/丽泽商务区,火锅,西城区,距市中心5.7km
130820772,4.0,1,29,国展中心地区,面包甜点,东城区,距市中心5.7km
4949314,4.0,1,91,,火锅,西城区,距市中心5.9km
20355260,4.0,1,0,,快餐简餐,西城区,距市中心5.9km
15649506,4.0,1,22,,新疆菜,西城区,距市中心5.9km
18596174,4.0,1,41,北京西站/丽泽商务区,川菜,西城区,距市中心5.9km
4988587,4.0,1,13,,快餐简餐,丰台区,距市中心5km
4939624,4.0,1,76,永定门/南站/大红门/南苑地区,烧烤,丰台区,距市中心5km
194875,4.0,1,50,劲松/潘家园地区,,丰台区,距市中心5km
25042496,4.0,1,37,永定门/南站/大红门/南苑地区,快餐简餐,丰台区,距市中心5km
78715819,4.0,1,35,永定门/南站/大红门/南苑地区,小吃,丰台区,距市中心5km
4982318,4.0,1,14,,面包甜点,西城区,距市中心5km
21540280,4.0,1,26,三里屯/工体/东直门地区,面包甜点,朝阳区,距市中心5km
21539710,4.0,1,18,三里屯/工体/东直门地区,面包甜点,朝阳区,距市中心5km
134204368,4.0,1,123,国贸地区,火锅,朝阳区,距市中心5km
11308249,4.0,1,7,西单/金融街地区,快餐简餐,西城区,距市中心5km
130418539,4.0,1,35,北京西站/丽泽商务区,小吃,西城区,距市中心5km
21579242,4.0,1,66,,面包甜点,朝阳区,距市中心6.2km
4954983,4.0,1,321,,鲁菜,西城区,距市中心6.2km
25052682,4.0,1,15,西直门/北京展览馆地区,面包甜点,西城区,距市中心6.2km
22522139,4.0,1,137,,云南菜,西城区,距市中心6.2km
7038379,4.0,1,187,国展中心地区,面包甜点,朝阳区,距市中心6.2km
20365210,4.0,1,45,北京西站/丽泽商务区,日本料理,西城区,距市中心6.2km
120836551,4.0,1,50,北京西站/丽泽商务区,西北菜,西城区,距市中心6.2km
22522485,4.0,1,32,北京西站/丽泽商务区,小吃,西城区,距市中心6.2km
129603828,4.0,1,0,马甸/安贞地区,快餐简餐,西城区,距市中心6.2km
16565431,4.0,1,43,永定门/南站/大红门/南苑地区,,丰台区,距市中心6.2km
4945834,4.0,1,104,,山西菜,西城区,距市中心6.4km
22517979,4.0,1,20,西直门/北京展览馆地区,咖啡店,西城区,距市中心6.4km
130076579,4.0,1,163,国展中心地区,融合菜,东城区,距市中心6.4km
145081087,4.0,1,0,永定门/南站/大红门/南苑地区,,丰台区,距市中心6.5km
7040719,4.0,1,100,,粤菜,丰台区,距市中心6.5km
15913785,4.0,1,195,劲松/潘家园地区,小吃,丰台区,距市中心6.5km
15942113,4.0,1,82,永定门/南站/大红门/南苑地区,面包甜点,丰台区,距市中心6.5km
139490494,4.0,1,0,永定门/南站/大红门/南苑地区,茶馆/茶室,丰台区,距市中心6.5km
15953289,4.0,1,31,永定门/南站/大红门/南苑地区,面包甜点,丰台区,距市中心6.5km
20580421,4.0,1,0,永定门/南站/大红门/南苑地区,海鲜,丰台区,距市中心6.7km
129622140,4.0,1,27,劲松/潘家园地区,小吃,丰台区,距市中心6.7km
13196995,4.0,1,38,,川菜,丰台区,距市中心6.7km
122739694,4.0,1,46,马甸/安贞地区,西北菜,西城区,距市中心6.7km
73383564,4.0,1,35,西直门/北京展览馆地区,韩国料理,海淀区,距市中心6.7km
120811758,4.0,1,93,马甸/安贞地区,鲁菜,东城区,距市中心6.7km
4940164,4.0,1,18,西单/金融街地区,北京菜,海淀区,距市中心6.7km
15266845,4.0,1,118,天安门/王府井地区,面包甜点,东城区,距市中心697m
15651210,4.0,1,73,,小吃,丰台区,距市中心6.9km
136359817,4.0,1,0,永定门/南站/大红门/南苑地区,,丰台区,距市中心6.9km
17607872,4.0,1,134,,徽菜,海淀区,距市中心6.9km
25055703,4.0,1,70,马甸/安贞地区,北京菜,东城区,距市中心6.9km
130986260,4.0,1,28,北京西站/丽泽商务区,小吃,西城区,距市中心6km
4975955,4.0,1,167,西单/金融街地区,粤菜,西城区,距市中心6km
134217251,4.0,1,53,国展中心地区,烧烤,东城区,距市中心6km
134802381,4.0,1,161,国展中心地区,粤菜,东城区,距市中心6km
133769624,4.0,1,78,马甸/安贞地区,北京菜,东城区,距市中心6km
122763056,4.0,1,20,北京西站/丽泽商务区,快餐简餐,西城区,距市中心6km
90680658,4.0,1,29,国展中心地区,快餐简餐,东城区,距市中心6km
123572992,4.0,1,0,永定门/南站/大红门/南苑地区,西餐,丰台区,距市中心6km
21592717,4.0,1,76,劲松/潘家园地区,川菜,丰台区,距市中心6km
12705037,4.0,1,0,劲松/潘家园地区,快餐简餐,丰台区,距市中心6km
4940542,4.0,1,33,永定门/南站/大红门/南苑地区,小吃,丰台区,距市中心7.2km
78701145,4.0,1,120,燕莎/朝阳公园商业区,日本料理,朝阳区,距市中心7.2km
22520254,4.0,1,79,北京西站/丽泽商务区,西餐,海淀区,距市中心7.2km
127715830,4.0,1,27,马甸/安贞地区,快餐简餐,西城区,距市中心7.2km
4941127,4.0,1,15,马甸/安贞地区,快餐简餐,海淀区,距市中心7.2km
78572113,4.0,1,111,西直门/北京展览馆地区,北京菜,海淀区,距市中心7.2km
120822813,4.0,1,164,永定门/南站/大红门/南苑地区,粤菜,丰台区,距市中心7.2km
22511188,4.0,1,20,永定门/南站/大红门/南苑地区,,丰台区,距市中心7.2km
79422833,4.0,1,95,永定门/南站/大红门/南苑地区,烧烤,丰台区,距市中心7.2km
13782357,4.0,1,86,天安门/王府井地区,,东城区,距市中心730m
4979984,4.0,1,0,前门/天坛公园/崇文门,茶馆/茶室,东城区,距市中心747m
22516434,4.0,1,119,西直门/北京展览馆地区,徽菜,海淀区,距市中心7.4km
17588705,4.0,1,20,北京西站/丽泽商务区,小吃,海淀区,距市中心7.4km
120806297,4.0,1,35,永定门/南站/大红门/南苑地区,快餐简餐,丰台区,距市中心7.4km
129619002,4.0,1,85,永定门/南站/大红门/南苑地区,火锅,丰台区,距市中心7.5km
132794113,4.0,1,0,北京西站/丽泽商务区,面包甜点,丰台区,距市中心7.5km
24962282,4.0,1,181,永定门/南站/大红门/南苑地区,小吃,丰台区,距市中心7.5km
21580947,4.0,1,84,劲松/潘家园地区,火锅,丰台区,距市中心7.5km
17598068,4.0,1,35,,面包甜点,海淀区,距市中心7.5km
120816390,4.0,1,290,燕莎/朝阳公园商业区,西餐,朝阳区,距市中心7.5km
136347543,4.0,1,0,北京西站/丽泽商务区,快餐简餐,西城区,距市中心7.7km
131291646,4.0,1,114,国贸地区,火锅,朝阳区,距市中心7.7km
21566862,4.0,1,67,,川菜,丰台区,距市中心7.7km
12874518,4.0,1,25,天安门/王府井地区,快餐简餐,东城区,距市中心789m
12863109,4.0,1,29,天安门/王府井地区,快餐简餐,东城区,距市中心794m
18603842,4.0,1,19,,西餐,海淀区,距市中心7.9km
13716977,4.0,1,54,马甸/安贞地区,新疆菜,海淀区,距市中心7.9km
4977636,4.0,1,85,,川菜,海淀区,距市中心7km
129630444,4.0,1,29,劲松/潘家园地区,快餐简餐,丰台区,距市中心7km
122755822,4.0,1,41,永定门/南站/大红门/南苑地区,面包甜点,丰台区,距市中心7km
129614787,4.0,1,29,劲松/潘家园地区,快餐简餐,丰台区,距市中心7km
22521891,4.0,1,92,西直门/北京展览馆地区,西餐,海淀区,距市中心7km
7039760,4.0,1,134,燕莎/朝阳公园商业区,烧烤,朝阳区,距市中心8.1km
25040203,4.0,1,37,天安门/王府井地区,小吃,东城区,距市中心829m
12070632,4.0,1,26,天安门/王府井地区,快餐简餐,东城区,距市中心831m
90654729,4.0,1,25,永定门/南站/大红门/南苑地区,火锅,丰台区,距市中心8.3km
25034233,4.0,1,31,北京西站/丽泽商务区,快餐简餐,海淀区,距市中心8.4km
120831705,4.0,1,179,马甸/安贞地区,小吃,海淀区,距市中心8.4km
120826499,4.0,1,45,永定门/南站/大红门/南苑地区,面包甜点,丰台区,距市中心8.5km
78514015,4.0,1,85,,北京菜,海淀区,距市中心8.5km
122735590,4.0,1,4,公主坟/五棵松/石景山游乐园地区,快餐简餐,海淀区,距市中心8.6km
134793257,4.0,1,208,公主坟/五棵松/石景山游乐园地区,粤菜,海淀区,距市中心8.8km
7045983,4.0,1,111,,湘菜,海淀区,距市中心8.8km
62202928,4.0,1,133,中关村/五道口,粤菜,海淀区,距市中心8.8km
255430,4.0,1,25,公主坟/五棵松/石景山游乐园地区,快餐简餐,海淀区,距市中心8.8km
122772083,4.0,1,116,亚运村/奥体中心地区,烧烤,朝阳区,距市中心8.9km
7042790,4.0,1,59,北京西站/丽泽商务区,,丰台区,距市中心8km
129617221,4.0,1,26,永定门/南站/大红门/南苑地区,快餐简餐,丰台区,距市中心8km
20373381,4.0,1,108,,烧烤,丰台区,距市中心8km
15480886,4.0,1,37,北京西站/丽泽商务区,小吃,丰台区,距市中心8km
21572235,4.0,1,42,西直门/北京展览馆地区,面包甜点,海淀区,距市中心8km
21585096,4.0,1,111,中关村/五道口,徽菜,海淀区,距市中心9.1km
18470162,4.0,1,25,天安门/王府井地区,面包甜点,东城区,距市中心949m
130398850,4.0,1,28,公主坟/五棵松/石景山游乐园地区,小吃,海淀区,距市中心9.4km
129628142,4.0,1,38,国贸地区,小吃,朝阳区,距市中心9.4km
17586057,4.0,1,85,北京西站/丽泽商务区,湘菜,丰台区,距市中心9.5km
78506029,4.0,1,108,北京西站/丽泽商务区,北京菜,丰台区,距市中心9.5km
130066517,4.0,1,125,西直门/北京展览馆地区,火锅,海淀区,距市中心9.5km
16566008,4.0,1,20,西直门/北京展览馆地区,北京菜,海淀区,距市中心9.5km
18495223,4.0,1,19,大兴北京新机场地区,面包甜点,大兴区,距市中心9.6km
78381201,4.0,1,53,,咖啡店,海淀区,距市中心9.6km
120830680,4.0,1,109,亚运村/奥体中心地区,火锅,朝阳区,距市中心9.6km
136360532,4.0,1,0,北京西站/丽泽商务区,韩国料理,丰台区,距市中心9.6km
7032165,4.0,1,37,,小吃,海淀区,距市中心9.8km
7037881,4.0,1,12,北京西站/丽泽商务区,小吃,丰台区,距市中心9.8km
22520822,4.0,1,106,北京西站/丽泽商务区,火锅,丰台区,距市中心9.8km
15575471,4.0,1,126,西直门/北京展览馆地区,火锅,海淀区,距市中心9.9km
15910192,4.0,1,165,,,海淀区,距市中心9.9km
63529841,4.0,1,91,亚运村/奥体中心地区,火锅,海淀区,距市中心9km
21584910,4.0,1,73,北京西站/丽泽商务区,江浙菜,丰台区,距市中心9km
4950649,4.0,1,53,中关村/五道口,西餐,海淀区,距市中心9km
4941248,4.0,1,89,,北京菜,海淀区,距市中心9km
17509141,4.0,1,0,古北水镇,面包甜点,密云区,
4978481,4.0,1,0,密云城区,小吃,密云区,
13812417,4.0,1,0,古北水镇,西餐,密云区,
17513822,4.0,1,0,,快餐简餐,密云区,
288740,4.0,1,0,,,密云区,
4944278,4.0,1,22,延庆休闲度假区,烧烤,延庆区,
20330732,4.0,1,0,延庆休闲度假区,面包甜点,延庆区,
4947771,4.0,1,46,顺义温泉休闲区,北京菜,顺义区,
132555117,4.0,1,0,房山风景区,快餐简餐,房山区,
129624696,4.0,1,0,平谷城区,,平谷区,
79443274,4.0,1,0,怀柔风景区,,怀柔区,
16093446,4.0,1,80,怀柔风景区,北京菜,怀柔区,
13213513,4.0,1,40,怀柔风景区,小吃,怀柔区,
23553429,4.0,1,0,怀柔风景区,咖啡店,怀柔区,
20332619,4.0,1,0,,烧烤,怀柔区,
78138297,4.0,1,10,古北水镇,小吃,密云区,
12470165,4.0,1,0,,自助餐,密云区,
15666079,4.0,1,0,,,怀柔区,
120803096,4.0,1,0,延庆休闲度假区,,延庆区,
21384483,4.0,1,0,密云城区,小吃,密云区,
78649216,4.0,1,0,古北水镇,粤菜,密云区,
134201118,4.0,1,0,黑龙潭/桃源仙谷风景区,咖啡店,密云区,
4958237,4.0,1,0,延庆休闲度假区,农家菜,延庆区,
15912822,4.0,1,75,,北京菜,怀柔区,
5559775,4.0,1,0,平谷城区,面包甜点,平谷区,
17509675,4.0,1,0,延庆休闲度假区,西餐,延庆区,
189202,4.0,1,97,,,房山区,
13648749,4.0,1,0,怀柔风景区,农家菜,怀柔区,
11565427,4.0,1,76,,湘菜,怀柔区,
13587652,4.0,1,34,,小吃,怀柔区,
129621674,4.0,1,201,怀柔风景区,北京菜,怀柔区,
15501133,4.0,1,91,,烧烤,怀柔区,
12202743,4.0,1,56,门头沟/潭柘寺/妙峰山风景区,北京菜,门头沟区,
7025355,4.0,1,0,,北京菜,平谷区,
5559429,4.0,1,58,平谷城区,,平谷区,
18483204,4.0,1,0,平谷城区,北京菜,平谷区,
21538540,4.0,1,0,平谷城区,烧烤,平谷区,
21408628,4.0,1,0,平谷城区,火锅,平谷区,
5559543,4.0,1,86,,北京菜,平谷区,
12205961,4.0,1,98,平谷城区,东北菜,平谷区,
15539867,4.0,1,26,,小吃,平谷区,
132553545,4.0,1,31,平谷城区,快餐简餐,平谷区,
16101839,4.0,1,67,平谷城区,火锅,平谷区,
7025164,4.0,1,43,平谷城区,小吃,平谷区,
15632391,4.0,1,53,平谷城区,北京菜,平谷区,
78869206,4.0,1,101,,火锅,平谷区,
129629452,4.0,1,0,平谷城区,,平谷区,
78183124,4.0,1,0,,,平谷区,
5559472,4.0,1,22,,快餐简餐,平谷区,
13014766,4.0,1,189,,,平谷区,
7033247,4.0,1,65,平谷城区,,平谷区,
12213792,4.0,1,89,平谷城区,北京菜,平谷区,
79422565,4.0,1,67,平谷城区,其他,平谷区,
120821315,4.0,1,59,平谷城区,北京菜,平谷区,
21584001,4.0,1,0,延庆休闲度假区,农家菜,延庆区,
79442306,4.0,1,0,延庆休闲度假区,火锅,延庆区,
13748060,4.0,1,0,延庆休闲度假区,农家菜,延庆区,
78646727,4.0,1,0,延庆休闲度假区,火锅,延庆区,
17516310,4.0,1,0,延庆休闲度假区,小吃,延庆区,
17509466,4.0,1,0,,农家菜,延庆区,
4992268,4.0,1,0,延庆休闲度假区,农家菜,延庆区,
4976937,4.0,1,0,延庆休闲度假区,湘菜,延庆区,
78182951,4.0,1,0,延庆休闲度假区,快餐简餐,延庆区,
17518816,4.0,1,0,,农家菜,延庆区,
7029022,4.0,1,71,延庆休闲度假区,火锅,延庆区,
21573914,4.0,1,283,延庆休闲度假区,海鲜,延庆区,
122636674,4.0,1,72,延庆休闲度假区,火锅,延庆区,
79442280,4.0,1,0,延庆休闲度假区,火锅,延庆区,
140781177,4.0,1,0,延庆休闲度假区,咖啡店,延庆区,
7028112,4.0,1,0,延庆休闲度假区,小吃,延庆区,
17514605,4.0,1,68,,东北菜,延庆区,
79422899,4.0,1,69,延庆休闲度假区,其他,延庆区,
17510222,4.0,1,77,,农家菜,延庆区,
120831187,4.0,1,66,延庆休闲度假区,北京菜,延庆区,
77904933,4.0,1,103,延庆休闲度假区,东北菜,延庆区,
4976817,4.0,1,23,延庆休闲度假区,小吃,延庆区,
4971369,4.0,1,54,延庆休闲度假区,火锅,延庆区,
12504621,4.0,1,149,延庆休闲度假区,江浙菜,延庆区,
15155509,4.0,1,16,延庆休闲度假区,小吃,延庆区,
13823429,4.0,1,63,怀柔风景区,北京菜,怀柔区,
130024027,4.0,1,79,怀柔风景区,北京菜,怀柔区,
7029838,4.0,1,73,延庆休闲度假区,湘菜,延庆区,
17515603,4.0,1,0,密云城区,快餐简餐,密云区,
12477441,4.0,1,0,,咖啡店,密云区,
136332753,4.0,1,0,密云城区,火锅,密云区,
13204308,4.0,1,0,,面包甜点,密云区,
12573028,4.0,1,31,密云城区,小吃,密云区,
17510080,4.0,1,24,密云城区,小吃,密云区,
134825079,4.0,1,15,密云城区,快餐简餐,密云区,
7028949,4.0,1,21,,快餐简餐,密云区,
122753019,4.0,1,108,密云水库,东北菜,密云区,
275327,4.0,1,8,,小吃,密云区,
78794695,4.0,1,78,古北水镇,江浙菜,密云区,
7025572,4.0,1,73,密云水库,,密云区,
17511915,4.0,1,0,密云水库,自助餐,密云区,
17510293,4.0,1,0,密云城区,湘菜,密云区,
23537639,4.0,1,23,古北水镇,面包甜点,密云区,
130992340,4.0,1,0,清凉谷风景区,农家菜,密云区,
17510771,4.0,1,43,,,密云区,
335930,4.1,916,42,,快餐简餐,丰台区,距市中心7.2km
4927637,4.1,535,77,前门/天坛公园/崇文门,小吃,东城区,距市中心1.1km
4963026,4.1,387,40,,快餐简餐,丰台区,距市中心5km
8617046,4.1,364,37,,小吃,海淀区,距市中心11.5km
4957802,4.1,362,22,,快餐简餐,海淀区,距市中心17.8km
11432231,4.1,342,43,,小吃,海淀区,距市中心10.9km
4942963,4.1,327,21,,快餐简餐,海淀区,距市中心7.2km
15583874,4.1,320,96,顺义温泉休闲区,火锅,顺义区,距市中心32.5km
22486253,4.1,302,64,天安门/王府井地区,小吃,东城区,距市中心1.8km
15170400,4.1,297,35,北京站,小吃,东城区,距市中心1.5km
7034895,4.1,280,16,上地产业园/西三旗,快餐简餐,海淀区,距市中心18.3km
4944044,4.1,279,45,回龙观/天通苑地区,日本料理,昌平区,距市中心23.6km
342188,4.1,268,34,北京站,快餐简餐,东城区,距市中心1.6km
11358154,4.1,252,33,,小吃,海淀区,距市中心8km
4949136,4.1,235,132,前门/天坛公园/崇文门,北京菜,东城区,距市中心1.1km
4936930,4.1,235,20,后海/南锣鼓巷地区,小吃,西城区,距市中心5km
4956472,4.1,229,37,北京站,快餐简餐,东城区,距市中心1.5km
4989548,4.1,223,75,后海/南锣鼓巷地区,小吃,东城区,距市中心3.7km
4961358,4.1,222,96,,台湾菜,海淀区,距市中心11.4km
7026296,4.1,221,22,通州运河商务区,快餐简餐,通州区,距市中心19.8km
4942307,4.1,209,30,,小吃,海淀区,距市中心9.4km
4968045,4.1,181,430,天安门/王府井地区,北京菜,东城区,距市中心654m
8488280,4.1,171,107,回龙观/天通苑地区,火锅,昌平区,距市中心17.3km
4976746,4.1,168,99,,川菜,西城区,距市中心3km
207414,4.1,166,111,前门/天坛公园/崇文门,日本料理,东城区,距市中心1.3km
4936617,4.1,157,87,马甸/安贞地区,北京菜,西城区,距市中心7.7km
291225,4.1,154,112,西单/金融街地区,日本料理,西城区,距市中心3km
289932,4.1,152,30,,快餐简餐,西城区,距市中心6.7km
11130286,4.1,149,87,中关村/五道口,烧烤,海淀区,距市中心11km
15634567,4.1,141,16,沙河大学城/上庄地区,快餐简餐,昌平区,距市中心29.1km
4948755,4.1,136,27,三里屯/工体/东直门地区,快餐简餐,东城区,距市中心4.7km
4936506,4.1,135,129,前门/天坛公园/崇文门,北京菜,东城区,距市中心3.6km
4960758,4.1,132,38,公主坟/五棵松/石景山游乐园地区,韩国料理,海淀区,距市中心11.4km
15555482,4.1,132,97,,川菜,丰台区,距市中心9.6km
17594716,4.1,129,17,,小吃,西城区,距市中心2.7km
4940427,4.1,127,53,西单/金融街地区,日本料理,西城区,距市中心4km
15466369,4.1,125,22,,快餐简餐,大兴区,距市中心25.1km
13753200,4.1,125,59,后海/南锣鼓巷地区,北京菜,西城区,距市中心4.2km
249745,4.1,122,90,,北京菜,丰台区,距市中心4.9km
8277453,4.1,121,48,昌平城区/十三陵度假区,,昌平区,距市中心37.8km
4942009,4.1,121,102,,川菜,朝阳区,距市中心4.4km
15956509,4.1,116,26,,小吃,东城区,距市中心2.7km
12689314,4.1,115,36,北京西站/丽泽商务区,小吃,丰台区,距市中心9.5km
4980399,4.1,114,76,,韩国料理,海淀区,距市中心11.4km
4944690,4.1,107,36,,小吃,石景山区,距市中心15.5km
4940892,4.1,107,69,西单/金融街地区,韩国料理,西城区,距市中心3km
20611616,4.1,105,37,亦庄地区,快餐简餐,大兴区,距市中心13.4km
7047907,4.1,104,28,天安门/王府井地区,快餐简餐,东城区,距市中心781m
15312582,4.1,103,84,通州运河商务区,海鲜,通州区,距市中心19.8km
4959455,4.1,101,94,中关村/五道口,西餐,海淀区,距市中心11.4km
15623479,4.1,97,15,顺义温泉休闲区,快餐简餐,顺义区,距市中心36.6km
7044047,4.1,95,0,,小吃,石景山区,距市中心20.5km
4969390,4.1,94,51,房山风景区,快餐简餐,房山区,距市中心29.6km
215656,4.1,94,93,天安门/王府井地区,湘菜,西城区,距市中心3.2km
251466,4.1,93,25,西单/金融街地区,小吃,西城区,距市中心3.2km
13057842,4.1,92,99,西直门/北京展览馆地区,云南菜,西城区,距市中心6.2km
15471730,4.1,89,33,天安门/王府井地区,小吃,东城区,距市中心820m
15466216,4.1,86,76,天安门/王府井地区,面包甜点,东城区,距市中心689m
16007302,4.1,83,30,沙河大学城/上庄地区,川菜,昌平区,距市中心28.6km
4965239,4.1,80,46,,快餐简餐,海淀区,距市中心7.4km
11171145,4.1,77,35,通州运河商务区,小吃,通州区,距市中心20.1km
15547341,4.1,75,17,通州运河商务区,快餐简餐,通州区,距市中心20.1km
198166,4.1,73,74,前门/天坛公园/崇文门,小吃,东城区,距市中心3.3km
12070690,4.1,70,28,上地产业园/西三旗,日本料理,海淀区,距市中心15km
11554701,4.1,68,111,,烧烤,丰台区,距市中心13km
13352507,4.1,68,28,后海/南锣鼓巷地区,小吃,东城区,距市中心3.7km
4981971,4.1,67,42,回龙观/天通苑地区,东北菜,昌平区,距市中心20.1km
16555406,4.1,67,134,北京西站/丽泽商务区,烧烤,丰台区,距市中心9.6km
8595511,4.1,66,30,西直门/北京展览馆地区,小吃,海淀区,距市中心9.1km
300166,4.1,65,22,永定门/南站/大红门/南苑地区,小吃,丰台区,距市中心5.4km
15919794,4.1,61,81,沙河大学城/上庄地区,火锅,昌平区,距市中心29.3km
4936590,4.1,59,70,马甸/安贞地区,自助餐,东城区,距市中心5.5km
15479829,4.1,58,64,公主坟/五棵松/石景山游乐园地区,北京菜,海淀区,距市中心6.5km
4940503,4.1,58,33,中关村/五道口,面包甜点,海淀区,距市中心9.3km
4939684,4.1,57,45,北京西站/丽泽商务区,小吃,西城区,距市中心4.7km
8621842,4.1,56,107,昌平城区/十三陵度假区,烧烤,昌平区,距市中心37.1km
15469380,4.1,55,27,北京西站/丽泽商务区,小吃,丰台区,距市中心7.2km
4941677,4.1,51,74,,火锅,东城区,距市中心4km
4936673,4.1,50,103,西直门/北京展览馆地区,烧烤,海淀区,距市中心10.1km
14125162,4.1,50,69,天安门/王府井地区,西北菜,东城区,距市中心2.7km
13001717,4.1,50,101,北京西站/丽泽商务区,北京菜,西城区,距市中心5.9km
8610366,4.1,50,94,燕莎/朝阳公园商业区,粤菜,朝阳区,距市中心6.7km
16098707,4.1,48,53,大兴北京新机场地区,小吃,大兴区,距市中心11.4km
15937309,4.1,48,105,总部基地/丰台体育中心/南宫地区,烧烤,丰台区,距市中心12.8km
4961262,4.1,48,37,,快餐简餐,海淀区,距市中心12km
15890010,4.1,48,40,沙河大学城/上庄地区,东北菜,昌平区,距市中心27km
15481468,4.1,47,116,前门/天坛公园/崇文门,东北菜,东城区,距市中心1.3km
4944030,4.1,47,73,昌平城区/十三陵度假区,西餐,昌平区,距市中心38.2km
4938038,4.1,47,128,三里屯/工体/东直门地区,川菜,东城区,距市中心4.2km
16092574,4.1,47,140,永定门/南站/大红门/南苑地区,火锅,丰台区,距市中心5.7km
15684288,4.1,45,107,回龙观/天通苑地区,火锅,昌平区,距市中心19.6km
7047128,4.1,44,57,永定门/南站/大红门/南苑地区,川菜,丰台区,距市中心11.5km
11266553,4.1,44,9,大兴北京新机场地区,小吃,大兴区,距市中心15.9km
15100220,4.1,43,116,望京/酒仙桥/798地区,创意菜,朝阳区,距市中心12.5km
17003846,4.1,42,115,大兴北京新机场地区,,大兴区,距市中心11.4km
17587525,4.1,42,88,,川菜,朝阳区,距市中心14.1km
7037358,4.1,42,116,古北水镇,烧烤,密云区,
8593990,4.1,41,96,亦庄地区,北京菜,通州区,距市中心17.8km
4940741,4.1,41,99,回龙观/天通苑地区,北京菜,昌平区,距市中心18.8km
8585725,4.1,41,33,大兴北京新机场地区,小吃,大兴区,距市中心19.6km
4946198,4.1,40,36,,咖啡店,西城区,距市中心3km
4940066,4.1,39,92,,粤菜,西城区,距市中心3.6km
4936458,4.1,39,298,西直门/北京展览馆地区,融合菜,海淀区,距市中心7.7km
15467559,4.1,38,75,回龙观/天通苑地区,西餐,昌平区,距市中心22.8km
13097102,4.1,37,115,西直门/北京展览馆地区,创意菜,海淀区,距市中心10.5km
4953464,4.1,37,66,马甸/安贞地区,小吃,西城区,距市中心6.7km
15495007,4.1,37,96,西直门/北京展览馆地区,烧烤,海淀区,距市中心9.5km
4943401,4.1,37,133,,烧烤,海淀区,距市中心9km
7046305,4.1,36,96,望京/酒仙桥/798地区,烧烤,朝阳区,距市中心10.5km
8612752,4.1,34,120,,北京菜,大兴区,距市中心17km
22514654,4.1,34,106,回龙观/天通苑地区,粤菜,昌平区,距市中心19.6km
12208399,4.1,33,36,回龙观/天通苑地区,小吃,昌平区,距市中心22.8km
21566906,4.1,33,29,天安门/王府井地区,小吃,西城区,距市中心3.1km
4975574,4.1,33,42,,西餐,昌平区,距市中心38.2km
16096364,4.1,33,28,,小吃,海淀区,距市中心7.5km
4973342,4.1,32,62,通州运河商务区,北京菜,通州区,距市中心23.8km
12022299,4.1,31,106,通州运河商务区,火锅,通州区,距市中心20.1km
4970204,4.1,31,373,三里屯/工体/东直门地区,粤菜,朝阳区,距市中心5.2km
15940517,4.1,31,254,,日本料理,海淀区,距市中心9.4km
18570338,4.1,30,349,,自助餐,朝阳区,距市中心6.7km
17600447,4.1,28,46,,小吃,丰台区,距市中心10.5km
320333,4.1,28,40,回龙观/天通苑地区,,昌平区,距市中心17.5km
15491352,4.1,28,261,三里屯/工体/东直门地区,西餐,朝阳区,距市中心5.2km
8535096,4.1,27,50,大兴北京新机场地区,北京菜,大兴区,距市中心16.3km
15903747,4.1,26,30,天安门/王府井地区,快餐简餐,东城区,距市中心1km
15477512,4.1,26,114,平谷城区,韩国料理,平谷区,
15488328,4.1,25,91,,川菜,大兴区,距市中心25.3km
16564553,4.1,25,164,国贸地区,川菜,朝阳区,距市中心4.5km
1411066,4.1,24,0,公主坟/五棵松/石景山游乐园地区,,石景山区,距市中心17.1km
4953873,4.1,24,62,回龙观/天通苑地区,小吃,昌平区,距市中心20.5km
16002362,4.1,24,62,西单/金融街地区,川菜,西城区,距市中心2.2km
20606656,4.1,23,109,天安门/王府井地区,北京菜,东城区,距市中心1.1km
15622580,4.1,22,31,公主坟/五棵松/石景山游乐园地区,,石景山区,距市中心15.6km
15488353,4.1,22,18,大兴北京新机场地区,面包甜点,大兴区,距市中心25.3km
12105604,4.1,22,99,,火锅,平谷区,
4940747,4.1,21,64,后海/南锣鼓巷地区,川菜,西城区,距市中心4.5km
15461224,4.1,20,156,望京/酒仙桥/798地区,西餐,朝阳区,距市中心10.3km
8587172,4.1,20,17,大兴北京新机场地区,快餐简餐,大兴区,距市中心18km
4989759,4.1,20,91,小汤山温泉度假区,火锅,昌平区,距市中心28km
20365706,4.1,20,32,,面包甜点,朝阳区,距市中心4.7km
78883555,4.1,20,117,三里屯/工体/东直门地区,烧烤,朝阳区,距市中心4.9km
15932399,4.1,19,24,回龙观/天通苑地区,快餐简餐,昌平区,距市中心23.8km
4972816,4.1,19,69,通州运河商务区,,通州区,距市中心25.1km
17004589,4.1,19,146,三里屯/工体/东直门地区,西餐,东城区,距市中心5km
294763,4.1,19,77,燕莎/朝阳公园商业区,川菜,朝阳区,距市中心8.6km
7040884,4.1,19,80,,烧烤,海淀区,距市中心9km
16562466,4.1,19,202,平谷城区,快餐简餐,平谷区,
16099484,4.1,18,100,中关村/五道口,烧烤,海淀区,距市中心11km
4945539,4.1,18,112,公主坟/五棵松/石景山游乐园地区,烧烤,石景山区,距市中心16.1km
16008389,4.1,17,42,亦庄地区,湘菜,大兴区,距市中心17.1km
7048701,4.1,17,114,门头沟/潭柘寺/妙峰山风景区,火锅,门头沟区,距市中心22.3km
15319406,4.1,17,117,西直门/北京展览馆地区,,海淀区,距市中心6.7km
4964406,4.1,16,74,,东北菜,海淀区,距市中心12.3km
16542793,4.1,16,15,,小吃,大兴区,距市中心14.9km
281732,4.1,16,33,西单/金融街地区,快餐简餐,西城区,距市中心4.9km
4951041,4.1,16,95,,,西城区,距市中心6.2km
196693,4.1,16,0,房山风景区,粤菜,房山区,
8591272,4.1,14,100,亦庄地区,川菜,大兴区,距市中心14.9km
4954561,4.1,14,93,环球影城度假区及周边,火锅,通州区,距市中心20.1km
22518172,4.1,14,42,首都机场/新国展地区,快餐简餐,顺义区,距市中心24.3km
16566131,4.1,14,96,房山风景区,川菜,房山区,距市中心29.6km
12452111,4.1,14,61,房山风景区,小吃,房山区,距市中心30.3km
4947524,4.1,14,128,三里屯/工体/东直门地区,烧烤,东城区,距市中心4.2km
260402,4.1,14,29,永定门/南站/大红门/南苑地区,小吃,西城区,距市中心5.5km
15595610,4.1,13,96,,西餐,昌平区,距市中心37.8km
22301263,4.1,13,107,国贸地区,川菜,朝阳区,距市中心6.2km
20581360,4.1,13,123,燕莎/朝阳公园商业区,北京菜,朝阳区,距市中心7.7km
8562324,4.1,12,131,房山风景区,西北菜,房山区,距市中心21.1km
16565891,4.1,12,32,通州运河商务区,小吃,通州区,距市中心22.8km
22511142,4.1,12,59,昌平城区/十三陵度假区,东北菜,昌平区,距市中心43.6km
17603137,4.1,12,131,三里屯/工体/东直门地区,火锅,朝阳区,距市中心4.7km
336543,4.1,11,0,,快餐简餐,东城区,距市中心<100m
15961186,4.1,11,140,公主坟/五棵松/石景山游乐园地区,烧烤,海淀区,距市中心11.1km
16575620,4.1,11,0,总部基地/丰台体育中心/南宫地区,小吃,丰台区,距市中心12.3km
12082989,4.1,11,78,昌平城区/十三陵度假区,自助餐,昌平区,距市中心37.6km
4937854,4.1,11,54,,,朝阳区,距市中心4.2km
210444,4.1,11,78,西直门/北京展览馆地区,江浙菜,海淀区,距市中心8.5km
15596262,4.1,10,28,,快餐简餐,海淀区,距市中心11.6km
12204579,4.1,10,31,,小吃,丰台区,距市中心16.1km
13951987,4.1,10,38,公主坟/五棵松/石景山游乐园地区,西餐,石景山区,距市中心19.1km
15659072,4.1,10,50,西单/金融街地区,小吃,西城区,距市中心2.1km
4962848,4.1,10,81,首都机场/新国展地区,北京菜,顺义区,距市中心26.3km
7038844,4.1,10,61,,北京菜,西城区,距市中心4.4km
15890550,4.1,10,138,西直门/北京展览馆地区,火锅,西城区,距市中心6.5km
7032287,4.1,10,106,国展中心地区,烧烤,朝阳区,距市中心6.7km
4937060,4.1,10,30,,面包甜点,东城区,距市中心908m
4943975,4.1,9,15,中关村/五道口,快餐简餐,海淀区,距市中心10km
22404247,4.1,9,23,,东北菜,海淀区,距市中心11.6km
15498670,4.1,9,42,中关村/五道口,小吃,海淀区,距市中心12.9km
4938755,4.1,9,96,,韩国料理,丰台区,距市中心13.8km
18558037,4.1,9,25,亦庄地区,西餐,通州区,距市中心21.3km
4946178,4.1,9,84,天安门/王府井地区,北京菜,东城区,距市中心2.3km
11148062,4.1,9,86,房山风景区,火锅,房山区,距市中心29.8km
4958185,4.1,9,88,,小吃,西城区,距市中心3.5km
4956942,4.1,9,68,顺义温泉休闲区,烧烤,顺义区,距市中心36.3km
7021842,4.1,9,87,北京西站/丽泽商务区,北京菜,西城区,距市中心6.5km
188175,4.1,8,242,中关村/五道口,粤菜,海淀区,距市中心10.6km
15883520,4.1,8,100,欢乐谷游乐区,东北菜,朝阳区,距市中心11km
4941161,4.1,8,28,,快餐简餐,海淀区,距市中心12.1km
8588734,4.1,8,40,,咖啡店,大兴区,距市中心13.1km
11344183,4.1,8,18,大兴北京新机场地区,小吃,大兴区,距市中心14.6km
8304063,4.1,8,24,亦庄地区,川菜,大兴区,距市中心14.6km
17516635,4.1,8,17,大兴北京新机场地区,快餐简餐,大兴区,距市中心16km
22517442,4.1,8,86,香山/八大处风景区,北京菜,石景山区,距市中心17.8km
221056,4.1,8,100,,火锅,东城区,距市中心3.8km
7046320,4.1,8,25,前门/天坛公园/崇文门,小吃,西城区,距市中心4km
4947908,4.1,8,26,西单/金融街地区,快餐简餐,西城区,距市中心5.9km
4936164,4.1,8,292,西直门/北京展览馆地区,鲁菜,海淀区,距市中心7.4km
16545361,4.1,8,59,西直门/北京展览馆地区,快餐简餐,海淀区,距市中心7.5km
4958233,4.1,8,177,燕莎/朝阳公园商业区,日本料理,朝阳区,距市中心7.5km
265230,4.1,8,36,永定门/南站/大红门/南苑地区,,丰台区,距市中心7.5km
12209005,4.1,8,76,,火锅,密云区,
12103460,4.1,7,90,,徽菜,大兴区,距市中心11.4km
4953925,4.1,7,56,北京站,,东城区,距市中心1.1km
15474942,4.1,7,26,,小吃,丰台区,距市中心11km
15884660,4.1,7,112,公主坟/五棵松/石景山游乐园地区,西餐,海淀区,距市中心11km
15488458,4.1,7,46,公主坟/五棵松/石景山游乐园地区,小吃,石景山区,距市中心14km
4980784,4.1,7,95,公主坟/五棵松/石景山游乐园地区,火锅,石景山区,距市中心17.1km
12633704,4.1,7,0,公主坟/五棵松/石景山游乐园地区,小吃,石景山区,距市中心17.6km
13946686,4.1,7,63,公主坟/五棵松/石景山游乐园地区,烧烤,石景山区,距市中心17.8km
11311861,4.1,7,42,回龙观/天通苑地区,快餐简餐,昌平区,距市中心18.5km
4955198,4.1,7,18,环球影城度假区及周边,快餐简餐,通州区,距市中心20.8km
16100808,4.1,7,20,亦庄地区,快餐简餐,通州区,距市中心21.3km
12893468,4.1,7,65,顺义温泉休闲区,快餐简餐,顺义区,距市中心36.7km
11352933,4.1,7,35,昌平城区/十三陵度假区,小吃,昌平区,距市中心38.1km
280767,4.1,7,30,昌平城区/十三陵度假区,鲁菜,昌平区,距市中心38.2km
4953812,4.1,7,20,三里屯/工体/东直门地区,快餐简餐,东城区,距市中心4.4km
4992320,4.1,7,102,后海/南锣鼓巷地区,西北菜,西城区,距市中心4.9km
4976445,4.1,7,41,西单/金融街地区,咖啡店,西城区,距市中心5.2km
4955547,4.1,7,30,马甸/安贞地区,快餐简餐,东城区,距市中心5.4km
78529363,4.1,7,80,,,西城区,距市中心6.2km
4941558,4.1,7,103,永定门/南站/大红门/南苑地区,火锅,丰台区,距市中心7.5km
317134,4.1,7,103,,粤菜,东城区,距市中心7km
11160662,4.1,7,45,北京西站/丽泽商务区,小吃,丰台区,距市中心8.5km
4949713,4.1,7,57,西直门/北京展览馆地区,小吃,海淀区,距市中心9.5km
20566348,4.1,7,24,西直门/北京展览馆地区,北京菜,海淀区,距市中心9.5km
4943627,4.2,1891,44,,快餐简餐,丰台区,距市中心7.4km
11998020,4.2,1188,44,西直门/北京展览馆地区,快餐简餐,西城区,距市中心6.5km
20576787,4.2,791,34,前门/天坛公园/崇文门,小吃,西城区,距市中心4.2km
12467724,4.2,757,37,,粤菜,东城区,距市中心7km
4942553,4.2,578,36,,快餐简餐,海淀区,距市中心11.5km
4980613,4.2,572,26,,快餐简餐,丰台区,距市中心7.2km
4968261,4.2,467,81,前门/天坛公园/崇文门,江浙菜,东城区,距市中心1.1km
295924,4.2,459,0,中关村/五道口,快餐简餐,海淀区,距市中心9.6km
12208946,4.2,457,25,回龙观/天通苑地区,快餐简餐,昌平区,距市中心17.1km
4939012,4.2,387,59,公主坟/五棵松/石景山游乐园地区,北京菜,石景山区,距市中心18.8km
11477367,4.2,371,37,永定门/南站/大红门/南苑地区,快餐简餐,丰台区,距市中心6.9km
13422804,4.2,352,34,回龙观/天通苑地区,快餐简餐,昌平区,距市中心23.8km
15494826,4.2,334,32,,面包甜点,东城区,距市中心4km
13918801,4.2,321,20,北京西站/丽泽商务区,快餐简餐,丰台区,距市中心8.3km
4970654,4.2,318,22,马甸/安贞地区,小吃,西城区,距市中心7.7km
4940060,4.2,302,21,中关村/五道口,快餐简餐,海淀区,距市中心11.5km
15176712,4.2,296,35,,快餐简餐,丰台区,距市中心13.5km
4989046,4.2,293,34,永定门/南站/大红门/南苑地区,小吃,丰台区,距市中心6.5km
4957677,4.2,289,57,永定门/南站/大红门/南苑地区,快餐简餐,丰台区,距市中心4.9km
12044483,4.2,284,30,上地产业园/西三旗,快餐简餐,海淀区,距市中心18.8km
4942078,4.2,281,25,回龙观/天通苑地区,快餐简餐,昌平区,距市中心17.1km
7022918,4.2,278,36,,日本料理,丰台区,距市中心5km
15473175,4.2,254,24,上地产业园/西三旗,小吃,昌平区,距市中心18.6km
15986180,4.2,246,20,总部基地/丰台体育中心/南宫地区,快餐简餐,丰台区,距市中心12.5km
307019,4.2,244,33,,快餐简餐,海淀区,距市中心9.8km
4940137,4.2,243,27,马甸/安贞地区,快餐简餐,西城区,距市中心7.9km
4940333,4.2,243,18,北京西站/丽泽商务区,小吃,丰台区,距市中心8km
4968602,4.2,232,24,,小吃,西城区,距市中心5.2km
16566205,4.2,231,87,永定门/南站/大红门/南苑地区,江浙菜,丰台区,距市中心6.9km
15172729,4.2,225,46,公主坟/五棵松/石景山游乐园地区,日本料理,石景山区,距市中心15.5km
11347492,4.2,224,49,大兴北京新机场地区,日本料理,大兴区,距市中心14.6km
4951839,4.2,222,79,,川菜,东城区,距市中心4km
16554178,4.2,219,16,,快餐简餐,海淀区,距市中心11.9km
15592286,4.2,214,24,公主坟/五棵松/石景山游乐园地区,快餐简餐,海淀区,距市中心12km
4946103,4.2,213,34,回龙观/天通苑地区,小吃,昌平区,距市中心18.8km
7028087,4.2,210,26,,快餐简餐,丰台区,距市中心5.5km
4983370,4.2,204,17,香山/八大处风景区,快餐简餐,石景山区,距市中心18.6km
8594981,4.2,201,24,,快餐简餐,通州区,距市中心18.5km
7048696,4.2,195,21,回龙观/天通苑地区,快餐简餐,昌平区,距市中心19km
4953563,4.2,195,22,亦庄地区,快餐简餐,通州区,距市中心20.5km
15886901,4.2,194,74,,自助餐,大兴区,距市中心11.8km
15501051,4.2,190,95,,火锅,东城区,距市中心4.2km
15266829,4.2,185,47,西单/金融街地区,小吃,西城区,距市中心3km
4939720,4.2,183,39,,小吃,西城区,距市中心5.9km
4948793,4.2,179,17,,快餐简餐,海淀区,距市中心12.4km
16098938,4.2,179,12,大兴北京新机场地区,小吃,大兴区,距市中心20.3km
12206792,4.2,178,30,北京西站/丽泽商务区,快餐简餐,丰台区,距市中心7.5km
4943289,4.2,174,63,公主坟/五棵松/石景山游乐园地区,北京菜,石景山区,距市中心16.1km
13028078,4.2,173,92,亦庄地区,烧烤,大兴区,距市中心15.1km
4946039,4.2,170,31,,日本料理,西城区,距市中心6.7km
11637373,4.2,169,28,公主坟/五棵松/石景山游乐园地区,面包甜点,海淀区,距市中心11.4km
4950492,4.2,168,21,上地产业园/西三旗,小吃,昌平区,距市中心19.8km
22518574,4.2,167,28,劲松/潘家园地区,快餐简餐,丰台区,距市中心6.5km
13716678,4.2,157,44,,快餐简餐,昌平区,距市中心41.8km
16564621,4.2,154,87,中关村/五道口,粤菜,海淀区,距市中心11.4km
11979461,4.2,151,42,中关村/五道口,小吃,海淀区,距市中心11.4km
15467151,4.2,149,89,,台湾菜,大兴区,距市中心15.6km
12609371,4.2,149,30,大兴北京新机场地区,快餐简餐,大兴区,距市中心16.8km
4936937,4.2,142,37,回龙观/天通苑地区,快餐简餐,昌平区,距市中心17.6km
15914771,4.2,141,157,首都机场/新国展地区,韩国料理,顺义区,距市中心23.3km
4939758,4.2,141,76,西直门/北京展览馆地区,北京菜,海淀区,距市中心8.6km
4969543,4.2,140,17,回龙观/天通苑地区,面包甜点,昌平区,距市中心20.6km
7032300,4.2,140,99,前门/天坛公园/崇文门,火锅,西城区,距市中心3.5km
328592,4.2,139,70,,川菜,海淀区,距市中心12.4km
4945193,4.2,138,95,前门/天坛公园/崇文门,川菜,东城区,距市中心1.1km
4938973,4.2,136,30,,日本料理,海淀区,距市中心11.6km
4942865,4.2,134,34,总部基地/丰台体育中心/南宫地区,韩国料理,丰台区,距市中心12.8km
16564665,4.2,128,24,沙河大学城/上庄地区,快餐简餐,海淀区,距市中心23.6km
4936685,4.2,128,53,西直门/北京展览馆地区,快餐简餐,西城区,距市中心6.9km
4962682,4.2,128,93,,粤菜,朝阳区,距市中心8.3km
8588095,4.2,127,30,回龙观/天通苑地区,快餐简餐,昌平区,距市中心20.3km
4957765,4.2,126,17,通州运河商务区,快餐简餐,通州区,距市中心22.8km
8585642,4.2,124,46,三里屯/工体/东直门地区,日本料理,东城区,距市中心4.5km
15944200,4.2,123,123,,北京菜,丰台区,距市中心10.5km
11907742,4.2,122,25,北京西站/丽泽商务区,小吃,西城区,距市中心5.5km
25057193,4.2,121,128,国贸地区,火锅,朝阳区,距市中心9.5km
8641111,4.2,113,87,后海/南锣鼓巷地区,火锅,西城区,距市中心4.4km
15550873,4.2,111,34,,日本料理,海淀区,距市中心9.4km
15470892,4.2,109,37,昌平城区/十三陵度假区,韩国料理,昌平区,距市中心37.2km
4936592,4.2,108,72,,自助餐,海淀区,距市中心12.1km
4941132,4.2,107,33,,快餐简餐,海淀区,距市中心12km
62641848,4.2,104,87,前门/天坛公园/崇文门,小吃,西城区,距市中心1.3km
15470264,4.2,104,36,,小吃,丰台区,距市中心4.4km
331697,4.2,102,76,,粤菜,西城区,距市中心2.8km
328469,4.2,99,42,中关村/五道口,火锅,海淀区,距市中心10km
4957970,4.2,99,92,,创意菜,石景山区,距市中心15.5km
7044128,4.2,99,31,劲松/潘家园地区,小吃,丰台区,距市中心6.7km
15473110,4.2,97,31,,面包甜点,海淀区,距市中心11.5km
16552225,4.2,95,35,前门/天坛公园/崇文门,快餐简餐,东城区,距市中心1.3km
4963865,4.2,95,26,前门/天坛公园/崇文门,小吃,西城区,距市中心3.1km
326447,4.2,94,75,,自助餐,密云区,
5560691,4.2,92,24,,面包甜点,门头沟区,距市中心26.1km
4947226,4.2,91,39,天安门/王府井地区,面包甜点,东城区,距市中心714m
7041247,4.2,88,44,,小吃,丰台区,距市中心6.5km
20373193,4.2,86,34,,小吃,海淀区,距市中心9.5km
8592143,4.2,84,45,大兴北京新机场地区,面包甜点,大兴区,距市中心16.6km
15495182,4.2,84,88,,川菜,海淀区,距市中心17.8km
11118279,4.2,82,28,首都机场/新国展地区,小吃,顺义区,距市中心26.3km
16545184,4.2,81,45,,日本料理,丰台区,距市中心13.6km
6938879,4.2,81,202,,江浙菜,东城区,距市中心388m
15504439,4.2,81,119,国贸地区,西餐,朝阳区,距市中心9.6km
12161468,4.2,80,91,大兴北京新机场地区,火锅,大兴区,距市中心25.1km
17597949,4.2,80,28,马甸/安贞地区,快餐简餐,西城区,距市中心7.9km
4985730,4.2,79,58,天安门/王府井地区,小吃,东城区,距市中心3.1km
4952518,4.2,78,109,,火锅,丰台区,距市中心11.4km
11331071,4.2,78,40,,小吃,通州区,距市中心18.5km
307447,4.2,78,39,,快餐简餐,海淀区,距市中心8.6km
4943055,4.2,76,27,,快餐简餐,丰台区,距市中心11.3km
15968644,4.2,76,22,环球影城度假区及周边,北京菜,通州区,距市中心21.5km
4980126,4.2,76,21,亚运村/奥体中心地区,小吃,海淀区,距市中心8.9km
11915240,4.2,75,130,,火锅,石景山区,距市中心14.4km
4944090,4.2,74,38,上地产业园/西三旗,面包甜点,海淀区,距市中心16.1km
15630728,4.2,74,31,环球影城度假区及周边,快餐简餐,通州区,距市中心20.1km
15489755,4.2,73,46,香山/八大处风景区,小吃,海淀区,距市中心20km
15883313,4.2,73,39,环球影城度假区及周边,快餐简餐,通州区,距市中心21.5km
16994070,4.2,71,41,回龙观/天通苑地区,日本料理,昌平区,距市中心18.5km
8640154,4.2,70,31,,快餐简餐,丰台区,距市中心5km
11525477,4.2,70,140,西直门/北京展览馆地区,火锅,海淀区,距市中心9.6km
4977530,4.2,69,71,,川菜,海淀区,距市中心10.6km
17002962,4.2,69,92,总部基地/丰台体育中心/南宫地区,西餐,丰台区,距市中心11.3km
15586676,4.2,69,35,亦庄地区,火锅,大兴区,距市中心13.8km
4943782,4.2,68,26,中关村/五道口,面包甜点,海淀区,距市中心9.6km
4966906,4.2,67,92,回龙观/天通苑地区,北京菜,昌平区,距市中心20.1km
12698284,4.2,66,93,北京西站/丽泽商务区,川菜,丰台区,距市中心9.9km
4953838,4.2,65,67,,湘菜,海淀区,距市中心9.5km
244778,4.2,64,104,西直门/北京展览馆地区,烧烤,西城区,距市中心4.9km
326754,4.2,63,25,,小吃,海淀区,距市中心9.5km
8584760,4.2,61,192,中关村/五道口,西餐,海淀区,距市中心9.9km
4946295,4.2,60,107,,北京菜,通州区,距市中心20.5km
7046304,4.2,59,97,国贸地区,烧烤,朝阳区,距市中心6km
17001283,4.2,59,46,北京西站/丽泽商务区,小吃,丰台区,距市中心9.6km
12066261,4.2,58,26,西单/金融街地区,快餐简餐,西城区,距市中心2.8km
12476949,4.2,58,17,延庆休闲度假区,面包甜点,延庆区,
7043772,4.2,56,24,三里屯/工体/东直门地区,面包甜点,东城区,距市中心4.7km
4982859,4.2,55,64,,火锅,海淀区,距市中心11km
11732283,4.2,55,101,房山风景区,韩国料理,房山区,距市中心29.6km
12498907,4.2,55,70,延庆休闲度假区,自助餐,延庆区,
7032145,4.2,54,45,,小吃,丰台区,距市中心11.3km
7021909,4.2,54,89,,西餐,海淀区,距市中心11.5km
15682674,4.2,54,110,,川菜,海淀区,距市中心7km
4947947,4.2,54,22,,小吃,丰台区,距市中心9.9km
4938095,4.2,53,102,环球影城度假区及周边,北京菜,通州区,距市中心20.3km
4936400,4.2,52,110,北京西站/丽泽商务区,,西城区,距市中心4.7km
16564022,4.2,51,46,,日本料理,丰台区,距市中心10.5km
15503934,4.2,51,63,天安门/王府井地区,快餐简餐,东城区,距市中心1.8km
15459730,4.2,51,20,通州运河商务区,小吃,通州区,距市中心19.8km
16097576,4.2,51,64,沙河大学城/上庄地区,东北菜,海淀区,距市中心29.6km
7675985,4.2,50,47,,日本料理,丰台区,距市中心11.4km
15488029,4.2,50,31,,快餐简餐,门头沟区,距市中心22.6km
318622,4.2,49,114,,东北菜,西城区,距市中心4.5km
13092951,4.2,49,79,西直门/北京展览馆地区,东南亚菜,西城区,距市中心6.2km
7031795,4.2,49,102,西直门/北京展览馆地区,烧烤,海淀区,距市中心7.2km
7023221,4.2,48,22,中关村/五道口,,海淀区,距市中心11km
323461,4.2,47,176,公主坟/五棵松/石景山游乐园地区,湘菜,海淀区,距市中心9.5km
4954677,4.2,46,65,公主坟/五棵松/石景山游乐园地区,东北菜,丰台区,距市中心13.1km
7047382,4.2,46,29,回龙观/天通苑地区,快餐简餐,昌平区,距市中心20.3km
4970854,4.2,46,48,沙河大学城/上庄地区,东北菜,昌平区,距市中心28.6km
323942,4.2,46,30,西直门/北京展览馆地区,小吃,西城区,距市中心5.5km
16565840,4.2,46,94,马甸/安贞地区,西餐,东城区,距市中心6.5km
7023246,4.2,44,106,大兴北京新机场地区,烧烤,丰台区,距市中心12.9km
15623826,4.2,44,258,怀柔风景区,粤菜,怀柔区,
12213099,4.2,43,28,通州运河商务区,小吃,通州区,距市中心20km
16552956,4.2,42,102,,火锅,海淀区,距市中心11.4km
22517815,4.2,42,100,,烧烤,海淀区,距市中心11.6km
7038711,4.2,42,30,顺义温泉休闲区,小吃,顺义区,距市中心32km
4969024,4.2,42,133,,西餐,朝阳区,距市中心7.5km
4937405,4.2,41,80,永定门/南站/大红门/南苑地区,北京菜,丰台区,距市中心10.9km
15893896,4.2,41,116,回龙观/天通苑地区,韩国料理,朝阳区,距市中心16.1km
16564629,4.2,41,108,西直门/北京展览馆地区,西餐,西城区,距市中心6.2km
7041063,4.2,40,81,,北京菜,石景山区,距市中心20.1km
12076533,4.2,40,78,,西餐,石景山区,距市中心20.1km
15935378,4.2,40,64,,小吃,门头沟区,距市中心22.5km
4945699,4.2,40,319,燕莎/朝阳公园商业区,日本料理,朝阳区,距市中心7.5km
4990404,4.2,39,28,,川菜,东城区,距市中心1.3km
16572091,4.2,39,46,西直门/北京展览馆地区,川菜,海淀区,距市中心6.7km
12200434,4.2,38,146,,粤菜,丰台区,距市中心10km
20365669,4.2,38,588,前门/天坛公园/崇文门,创意菜,西城区,距市中心1.6km
15914092,4.2,38,89,上地产业园/西三旗,,海淀区,距市中心17.3km
12200173,4.2,38,85,上地产业园/西三旗,火锅,海淀区,距市中心17.8km
13950868,4.2,38,44,,小吃,丰台区,距市中心5.4km
15457206,4.2,38,164,三里屯/工体/东直门地区,西餐,朝阳区,距市中心5.9km
309122,4.2,38,97,,北京菜,丰台区,距市中心6.5km
4961742,4.2,38,595,,日本料理,朝阳区,距市中心7km
15468047,4.2,37,105,总部基地/丰台体育中心/南宫地区,火锅,丰台区,距市中心11.9km
16100679,4.2,37,29,,小吃,东城区,距市中心1.3km
16555532,4.2,37,36,回龙观/天通苑地区,小吃,昌平区,距市中心19.8km
16098984,4.2,37,33,回龙观/天通苑地区,小吃,昌平区,距市中心22.8km
15460441,4.2,36,81,首都机场/新国展地区,小吃,顺义区,距市中心25.8km
7033580,4.2,36,86,永定门/南站/大红门/南苑地区,烧烤,丰台区,距市中心5km
12208851,4.2,36,100,,湘菜,丰台区,距市中心6.7km
8614099,4.2,35,100,,川菜,大兴区,距市中心16.6km
12216564,4.2,35,23,,快餐简餐,西城区,距市中心2.7km
12708747,4.2,35,177,国贸地区,江浙菜,朝阳区,距市中心6km
21136840,4.2,34,26,中关村/五道口,快餐简餐,海淀区,距市中心11.9km
4940281,4.2,33,92,,北京菜,海淀区,距市中心12.5km
4959174,4.2,33,53,前门/天坛公园/崇文门,小吃,东城区,距市中心3.3km
12202860,4.2,32,112,回龙观/天通苑地区,川菜,朝阳区,距市中心16.1km
12466993,4.2,32,116,上地产业园/西三旗,火锅,昌平区,距市中心18.1km
62201073,4.2,32,41,环球影城度假区及周边,小吃,通州区,距市中心22.3km
4950943,4.2,32,47,,烧烤,东城区,距市中心2.3km
16094231,4.2,32,56,马甸/安贞地区,川菜,西城区,距市中心6.2km
4966903,4.2,32,25,,快餐简餐,丰台区,距市中心7.2km
8300238,4.2,31,43,昌平城区/十三陵度假区,快餐简餐,昌平区,距市中心36.8km
4961058,4.2,31,40,,咖啡店,海淀区,距市中心6.5km
12019944,4.2,30,130,望京/酒仙桥/798地区,西餐,朝阳区,距市中心10.3km
4954498,4.2,30,258,亚运村/奥体中心地区,粤菜,朝阳区,距市中心10.6km
15504589,4.2,30,252,公主坟/五棵松/石景山游乐园地区,自助餐,海淀区,距市中心11km
8589832,4.2,30,67,大兴北京新机场地区,东北菜,大兴区,距市中心18.1km
12206603,4.2,30,92,通州运河商务区,川菜,通州区,距市中心19.8km
4970420,4.2,30,81,房山风景区,川菜,房山区,距市中心24.6km
11637604,4.2,30,26,,面包甜点,顺义区,距市中心32.3km
12211168,4.2,29,36,北京西站/丽泽商务区,快餐简餐,丰台区,距市中心7.2km
16093960,4.2,28,75,,北京菜,海淀区,距市中心11.1km
199914,4.2,28,77,,北京菜,海淀区,距市中心11.4km
4956655,4.2,28,188,天安门/王府井地区,北京菜,东城区,距市中心1.3km
6943530,4.2,28,0,回龙观/天通苑地区,海鲜,昌平区,距市中心20.6km
4927603,4.2,28,50,天安门/王府井地区,小吃,东城区,距市中心2.3km
15942824,4.2,28,232,西单/金融街地区,西餐,西城区,距市中心3km
79423454,4.2,28,52,后海/南锣鼓巷地区,火锅,东城区,距市中心4km
17599698,4.2,28,198,燕莎/朝阳公园商业区,火锅,朝阳区,距市中心6.7km
120831934,4.2,27,181,天安门/王府井地区,火锅,东城区,距市中心1.1km
7037135,4.2,27,92,古北水镇,,密云区,
4956040,4.2,26,44,首都机场/新国展地区,咖啡店,顺义区,距市中心24.3km
17601906,4.2,25,48,,小吃,大兴区,距市中心14.9km
17609674,4.2,25,50,首都机场/新国展地区,面包甜点,顺义区,距市中心23.3km
8493002,4.2,25,36,沙河大学城/上庄地区,,昌平区,距市中心31.5km
4943387,4.2,25,263,三里屯/工体/东直门地区,日本料理,朝阳区,距市中心5.4km
11238663,4.2,25,78,后海/南锣鼓巷地区,火锅,西城区,距市中心5km
15096070,4.2,24,87,天安门/王府井地区,日本料理,东城区,距市中心3km
4936499,4.2,24,39,西直门/北京展览馆地区,小吃,海淀区,距市中心8.5km
15901382,4.2,23,50,沙河大学城/上庄地区,川菜,昌平区,距市中心31.3km
118678576,4.2,23,115,国贸地区,东南亚菜,朝阳区,距市中心4.4km
15987487,4.2,22,107,上地产业园/西三旗,粤菜,海淀区,距市中心18.5km
300965,4.2,22,95,回龙观/天通苑地区,北京菜,昌平区,距市中心19.5km
4977536,4.2,22,174,,日本料理,朝阳区,距市中心7.7km
15978542,4.2,22,148,,火锅,朝阳区,距市中心9.8km
17514096,4.2,22,62,古北水镇,咖啡店,密云区,
268535,4.2,21,34,总部基地/丰台体育中心/南宫地区,,丰台区,距市中心13km
15482984,4.2,21,201,沙河大学城/上庄地区,西餐,海淀区,距市中心28.3km
15579744,4.2,21,48,沙河大学城/上庄地区,小吃,昌平区,距市中心28.6km
12210844,4.2,21,98,后海/南锣鼓巷地区,火锅,东城区,距市中心3.2km
18482300,4.2,21,316,西单/金融街地区,自助餐,西城区,距市中心4.4km
341208,4.2,21,92,,云南菜,东城区,距市中心4km
4941791,4.2,21,153,劲松/潘家园地区,江浙菜,朝阳区,距市中心5.2km
15967117,4.2,21,28,,快餐简餐,海淀区,距市中心7.5km
22521982,4.2,20,103,,火锅,海淀区,距市中心11.5km
15927346,4.2,20,105,公主坟/五棵松/石景山游乐园地区,北京菜,石景山区,距市中心17.8km
4958349,4.2,20,148,前门/天坛公园/崇文门,北京菜,西城区,距市中心2.7km
12466422,4.2,20,42,,小吃,西城区,距市中心2.8km
15910293,4.2,20,93,北京西站/丽泽商务区,烧烤,丰台区,距市中心7.2km
15462132,4.2,20,80,西直门/北京展览馆地区,川菜,海淀区,距市中心7.2km
22288354,4.2,20,111,燕莎/朝阳公园商业区,云南菜,朝阳区,距市中心7.5km
5563706,4.2,20,108,,北京菜,怀柔区,
4939700,4.2,19,81,总部基地/丰台体育中心/南宫地区,湘菜,丰台区,距市中心13km
4938969,4.2,19,21,,,海淀区,距市中心17.6km
16546430,4.2,19,23,环球影城度假区及周边,小吃,通州区,距市中心21.5km
4936552,4.2,19,172,国贸地区,东南亚菜,朝阳区,距市中心4.5km
4936225,4.2,19,145,西单/金融街地区,江浙菜,西城区,距市中心5.4km
12074778,4.2,19,54,,新疆菜,西城区,距市中心5.9km
15470841,4.2,18,13,中关村/五道口,快餐简餐,海淀区,距市中心13km
12524657,4.2,18,14,西直门/北京展览馆地区,小吃,西城区,距市中心5.5km
196340,4.2,18,240,燕莎/朝阳公园商业区,自助餐,朝阳区,距市中心6.7km
4942217,4.2,18,28,,鲁菜,海淀区,距市中心9.5km
78886580,4.2,17,116,北京西站/丽泽商务区,烧烤,丰台区,距市中心10.1km
79422392,4.2,17,124,望京/酒仙桥/798地区,面包甜点,朝阳区,距市中心10.6km
79422110,4.2,17,55,前门/天坛公园/崇文门,北京菜,西城区,距市中心1.1km
11599621,4.2,17,0,天安门/王府井地区,小吃,东城区,距市中心1km
8587984,4.2,17,39,大兴北京新机场地区,小吃,大兴区,距市中心20.8km
15681215,4.2,17,133,,北京菜,大兴区,距市中心25.1km
4970128,4.2,17,126,昌平城区/十三陵度假区,江浙菜,昌平区,距市中心35.7km
15476008,4.2,17,98,昌平城区/十三陵度假区,火锅,昌平区,距市中心38.7km
11265441,4.2,17,73,,火锅,西城区,距市中心5.5km
15457910,4.2,17,12,公主坟/五棵松/石景山游乐园地区,小吃,海淀区,距市中心9km
8555154,4.2,16,37,大兴北京新机场地区,小吃,大兴区,距市中心18.3km
12037123,4.2,16,16,回龙观/天通苑地区,快餐简餐,昌平区,距市中心19.1km
4943549,4.2,16,34,西单/金融街地区,小吃,西城区,距市中心3.2km
16576269,4.2,16,109,国贸地区,粤菜,朝阳区,距市中心9.8km
133784964,4.2,15,26,中关村/五道口,小吃,海淀区,距市中心11.5km
11253434,4.2,15,19,,快餐简餐,海淀区,距市中心11km
7048766,4.2,15,144,望京/酒仙桥/798地区,日本料理,朝阳区,距市中心12.9km
4970339,4.2,15,20,后海/南锣鼓巷地区,小吃,西城区,距市中心5.5km
15566444,4.2,14,36,,面包甜点,海淀区,距市中心11.4km
20580112,4.2,14,122,中关村/五道口,东南亚菜,海淀区,距市中心11.6km
11915341,4.2,14,144,大兴北京新机场地区,火锅,大兴区,距市中心11km
15917163,4.2,14,103,,火锅,石景山区,距市中心17.8km
25039355,4.2,14,148,上地产业园/西三旗,川菜,海淀区,距市中心23.3km
4948463,4.2,14,96,首都机场/新国展地区,北京菜,顺义区,距市中心24.6km
4970238,4.2,14,41,房山风景区,咖啡店,房山区,距市中心24.6km
13023385,4.2,14,39,,快餐简餐,丰台区,距市中心4.9km
22516530,4.2,14,137,三里屯/工体/东直门地区,西餐,朝阳区,距市中心5km
450840,4.2,13,57,中关村/五道口,咖啡店,海淀区,距市中心10km
15472786,4.2,13,31,,小吃,海淀区,距市中心12.1km
134202216,4.2,13,50,大兴北京新机场地区,,大兴区,距市中心14.6km
16547052,4.2,13,96,大兴北京新机场地区,川菜,大兴区,距市中心19.5km
12164141,4.2,13,65,总部基地/丰台体育中心/南宫地区,川菜,丰台区,距市中心20.8km
15665918,4.2,13,21,,小吃,海淀区,距市中心20km
16995463,4.2,13,92,亦庄地区,烧烤,通州区,距市中心21.8km
12245509,4.2,13,0,昌平城区/十三陵度假区,火锅,昌平区,距市中心37.1km
12204233,4.2,12,76,,湖北菜,海淀区,距市中心11km
230311,4.2,12,70,公主坟/五棵松/石景山游乐园地区,,石景山区,距市中心13.5km
223468,4.2,12,50,上地产业园/西三旗,云南菜,海淀区,距市中心18km
4936593,4.2,12,61,首都机场/新国展地区,西餐,顺义区,距市中心21.3km
16544868,4.2,12,24,房山风景区,快餐简餐,房山区,距市中心26.6km
4936151,4.2,12,258,国贸地区,自助餐,朝阳区,距市中心2.6km
4944711,4.2,12,114,天安门/王府井地区,北京菜,东城区,距市中心3.1km
4936915,4.2,12,116,燕莎/朝阳公园商业区,火锅,朝阳区,距市中心6km
16093299,4.2,12,112,,自助餐,丰台区,距市中心9.8km
17587790,4.2,11,26,中关村/五道口,小吃,海淀区,距市中心11.6km
15477052,4.2,11,144,公主坟/五棵松/石景山游乐园地区,面包甜点,海淀区,距市中心12km
4941344,4.2,11,102,,川菜,石景山区,距市中心16.6km
15481523,4.2,11,29,上地产业园/西三旗,快餐简餐,海淀区,距市中心17.1km
7036650,4.2,11,83,环球影城度假区及周边,火锅,通州区,距市中心21.3km
22516757,4.2,11,139,西单/金融街地区,火锅,西城区,距市中心3.1km
7038143,4.2,11,175,,北京菜,朝阳区,距市中心5km
15976089,4.2,11,117,马甸/安贞地区,北京菜,西城区,距市中心6.7km
22485277,4.2,11,28,燕莎/朝阳公园商业区,面包甜点,朝阳区,距市中心7.7km
13333753,4.2,11,164,燕莎/朝阳公园商业区,日本料理,朝阳区,距市中心7km
6985371,4.2,10,1359,中关村/五道口,日本料理,海淀区,距市中心15km
4963035,4.2,10,31,公主坟/五棵松/石景山游乐园地区,快餐简餐,海淀区,距市中心16.1km
16003432,4.2,10,65,小汤山温泉度假区,川菜,昌平区,距市中心25.5km
4937309,4.2,10,210,三里屯/工体/东直门地区,川菜,东城区,距市中心4.5km
15465272,4.2,10,54,国展中心地区,,东城区,距市中心5.5km
6943714,4.2,10,0,怀柔风景区,西餐,怀柔区,
11668601,4.2,9,84,,面包甜点,朝阳区,距市中心10.1km
4952011,4.2,9,300,北京西站/丽泽商务区,徽菜,丰台区,距市中心10km
4971124,4.2,9,24,,面包甜点,海淀区,距市中心11.5km
22521852,4.2,9,85,天安门/王府井地区,江浙菜,东城区,距市中心1.3km
4986571,4.2,9,94,前门/天坛公园/崇文门,湘菜,西城区,距市中心1.5km
11151349,4.2,9,129,公主坟/五棵松/石景山游乐园地区,小吃,石景山区,距市中心16.6km
12122102,4.2,9,45,上地产业园/西三旗,小吃,海淀区,距市中心18km
16097770,4.2,9,37,房山风景区,小吃,房山区,距市中心26.5km
4939895,4.2,9,57,,,昌平区,距市中心37.3km
20611940,4.2,9,119,,火锅,东城区,距市中心4.2km
20593916,4.2,9,20,国贸地区,面包甜点,朝阳区,距市中心6.2km
22520265,4.2,9,26,,面包甜点,朝阳区,距市中心7.7km
220887,4.2,9,73,,火锅,怀柔区,
22515838,4.2,8,255,,江浙菜,海淀区,距市中心10.6km
299221,4.2,8,260,中关村/五道口,湘菜,海淀区,距市中心10km
11428491,4.2,8,104,,火锅,东城区,距市中心1.3km
17603280,4.2,8,82,昌平城区/十三陵度假区,烧烤,昌平区,距市中心37.3km
78531259,4.2,8,126,,火锅,东城区,距市中心4.4km
4944727,4.2,8,149,,火锅,东城区,距市中心4km
18586564,4.2,8,272,亚运村/奥体中心地区,江浙菜,朝阳区,距市中心9.3km
21136493,4.2,7,64,传媒大学/管庄地区,川菜,朝阳区,距市中心15.9km
4948657,4.2,7,48,天安门/王府井地区,小吃,东城区,距市中心1km
17589225,4.2,7,49,,川菜,昌平区,距市中心37.6km
18523590,4.2,7,98,,海鲜,西城区,距市中心3km
4952819,4.2,7,443,,粤菜,东城区,距市中心3km
18605220,4.2,7,250,昌平城区/十三陵度假区,,昌平区,距市中心50km
16007356,4.2,6,39,中关村/五道口,面包甜点,海淀区,距市中心11.5km
4963728,4.2,6,55,中关村/五道口,咖啡店,海淀区,距市中心12.5km
8589394,4.2,6,48,大兴北京新机场地区,小吃,大兴区,距市中心13.8km
4946512,4.2,6,35,公主坟/五棵松/石景山游乐园地区,快餐简餐,石景山区,距市中心16.1km
15556748,4.2,6,0,前门/天坛公园/崇文门,火锅,东城区,距市中心1.6km
16995543,4.2,6,22,亦庄地区,小吃,大兴区,距市中心17km
4968080,4.2,6,48,亦庄地区,火锅,通州区,距市中心18.5km
13553815,4.2,6,65,香山/八大处风景区,湘菜,石景山区,距市中心18.8km
21540128,4.2,6,67,亦庄地区,面包甜点,通州区,距市中心21.3km
7046676,4.2,6,131,首都机场/新国展地区,快餐简餐,顺义区,距市中心24.3km
13394922,4.2,6,32,首都机场/新国展地区,小吃,顺义区,距市中心24.5km
18582624,4.2,6,91,门头沟/潭柘寺/妙峰山风景区,,门头沟区,距市中心25.8km
15574383,4.2,6,27,天安门/王府井地区,小吃,东城区,距市中心2.5km
18569845,4.2,6,0,房山风景区,快餐简餐,房山区,距市中心26.3km
73410827,4.2,6,23,北京站,小吃,东城区,距市中心2.6km
8298929,4.2,6,0,房山风景区,川菜,房山区,距市中心28.8km
15541840,4.2,6,23,,小吃,房山区,距市中心29km
6983529,4.2,6,97,小汤山温泉度假区,火锅,昌平区,距市中心30.1km
5560719,4.2,6,98,门头沟/潭柘寺/妙峰山风景区,北京菜,门头沟区,距市中心32.3km
78072867,4.2,6,127,,小吃,朝阳区,距市中心3.5km
11119905,4.2,6,30,三里屯/工体/东直门地区,小吃,东城区,距市中心4.2km
7021918,4.2,6,66,天安门/王府井地区,小吃,西城区,距市中心4km
78257726,4.2,6,25,,面包甜点,朝阳区,距市中心4km
15472917,4.2,6,32,,快餐简餐,丰台区,距市中心5km
8593944,4.2,6,65,西直门/北京展览馆地区,东北菜,海淀区,距市中心6.5km
21587104,4.2,6,31,,面包甜点,东城区,距市中心886m
17600651,4.2,6,143,,徽菜,丰台区,距市中心9.4km
20608353,4.2,6,211,,日本料理,大兴区,距市中心9.5km
189972,4.2,5,144,望京/酒仙桥/798地区,韩国料理,朝阳区,距市中心12km
11152006,4.2,5,44,,火锅,大兴区,距市中心13.8km
4958115,4.2,5,119,首都机场/新国展地区,北京菜,朝阳区,距市中心16.3km
5553462,4.2,5,76,上地产业园/西三旗,湘菜,海淀区,距市中心16.3km
4945878,4.2,5,27,天安门/王府井地区,西餐,东城区,距市中心1.6km
13979102,4.2,5,203,公主坟/五棵松/石景山游乐园地区,小吃,石景山区,距市中心17.1km
11090502,4.2,5,51,回龙观/天通苑地区,火锅,昌平区,距市中心17.5km
15608178,4.2,5,25,公主坟/五棵松/石景山游乐园地区,面包甜点,石景山区,距市中心18.1km
16994755,4.2,5,0,回龙观/天通苑地区,小吃,昌平区,距市中心18.6km
15909798,4.2,5,61,通州运河商务区,东北菜,通州区,距市中心24.1km
18553970,4.2,5,104,大兴北京新机场地区,火锅,大兴区,距市中心26.6km
4942927,4.2,5,52,首都机场/新国展地区,,顺义区,距市中心26.8km
11215828,4.2,5,69,沙河大学城/上庄地区,火锅,海淀区,距市中心27.3km
8539963,4.2,5,88,大兴北京新机场地区,北京菜,大兴区,距市中心27.8km
15608109,4.2,5,16,,小吃,昌平区,距市中心30.6km
4959017,4.2,5,51,顺义温泉休闲区,火锅,顺义区,距市中心31.3km
11359874,4.2,5,50,顺义温泉休闲区,小吃,顺义区,距市中心31.6km
7046759,4.2,5,68,天安门/王府井地区,小吃,东城区,距市中心3.1km
13756785,4.2,5,367,顺义温泉休闲区,日本料理,顺义区,距市中心33km
18542231,4.2,5,0,,咖啡店,昌平区,距市中心34km
17508423,4.2,5,59,,东北菜,昌平区,距市中心38.7km
4965089,4.2,5,132,房山风景区,火锅,房山区,距市中心43.1km
7049718,4.2,5,49,,小吃,房山区,距市中心43.6km
228958,4.2,5,25,西直门/北京展览馆地区,小吃,西城区,距市中心4.5km
17006823,4.2,5,118,,徽菜,东城区,距市中心5.2km
287605,4.2,5,34,,川菜,西城区,距市中心5.5km
22522171,4.2,5,96,,北京菜,西城区,距市中心5.9km
17001415,4.2,5,92,,火锅,东城区,距市中心6.5km
4962418,4.2,5,26,西直门/北京展览馆地区,快餐简餐,西城区,距市中心6km
7032106,4.2,5,36,,小吃,海淀区,距市中心7.2km
4936284,4.2,5,27,天安门/王府井地区,快餐简餐,东城区,距市中心737m
62205421,4.2,5,95,马甸/安贞地区,,海淀区,距市中心7.5km
4937159,4.2,5,82,马甸/安贞地区,快餐简餐,海淀区,距市中心7.5km
8626201,4.2,5,52,,快餐简餐,丰台区,距市中心7.9km
12215132,4.2,5,22,北京西站/丽泽商务区,小吃,海淀区,距市中心7km
22520823,4.2,5,107,,火锅,海淀区,距市中心8.4km
15937379,4.2,5,47,西直门/北京展览馆地区,快餐简餐,海淀区,距市中心9.6km
12467082,4.2,5,103,,,海淀区,距市中心9km
15488191,4.2,5,84,,,怀柔区,
5559708,4.2,5,78,平谷城区,北京菜,平谷区,
5559675,4.2,5,103,,,平谷区,
17521671,4.2,5,0,延庆休闲度假区,快餐简餐,延庆区,
13571048,4.2,5,63,延庆休闲度假区,火锅,延庆区,
18594925,4.2,5,107,,西北菜,密云区,
4960682,4.3,2313,35,永定门/南站/大红门/南苑地区,快餐简餐,丰台区,距市中心4.9km
4948753,4.3,1579,22,三里屯/工体/东直门地区,快餐简餐,东城区,距市中心4.9km
4927596,4.3,1537,128,天安门/王府井地区,火锅,东城区,距市中心1.1km
296156,4.3,1300,30,回龙观/天通苑地区,,昌平区,距市中心23.3km
15557491,4.3,987,39,北京站,快餐简餐,东城区,距市中心1.6km
11228457,4.3,923,79,通州运河商务区,江浙菜,通州区,距市中心19.8km
11998011,4.3,664,45,马甸/安贞地区,快餐简餐,海淀区,距市中心7.7km
4945328,4.3,653,43,回龙观/天通苑地区,快餐简餐,昌平区,距市中心23.6km
15467720,4.3,588,75,天安门/王府井地区,北京菜,东城区,距市中心1.1km
16001345,4.3,555,36,三里屯/工体/东直门地区,快餐简餐,东城区,距市中心4.7km
4952198,4.3,532,38,永定门/南站/大红门/南苑地区,快餐简餐,丰台区,距市中心5km
7035121,4.3,532,80,,江浙菜,海淀区,距市中心9.5km
15503454,4.3,521,76,中关村/五道口,火锅,海淀区,距市中心11.8km
4944291,4.3,503,23,中关村/五道口,快餐简餐,海淀区,距市中心9.5km
4949418,4.3,500,18,,小吃,海淀区,距市中心7.4km
11610445,4.3,491,77,回龙观/天通苑地区,火锅,昌平区,距市中心22.8km
11601733,4.3,477,0,回龙观/天通苑地区,快餐简餐,昌平区,距市中心22.1km
4967460,4.3,468,81,公主坟/五棵松/石景山游乐园地区,快餐简餐,石景山区,距市中心14.6km
15960423,4.3,453,39,回龙观/天通苑地区,快餐简餐,昌平区,距市中心17.3km
11737307,4.3,428,87,公主坟/五棵松/石景山游乐园地区,川菜,海淀区,距市中心16.1km
4976906,4.3,427,29,西直门/北京展览馆地区,快餐简餐,西城区,距市中心6.2km
4955499,4.3,422,41,西直门/北京展览馆地区,小吃,海淀区,距市中心10.1km
4953006,4.3,412,78,劲松/潘家园地区,火锅,丰台区,距市中心6.7km
4938432,4.3,389,22,北京西站/丽泽商务区,快餐简餐,西城区,距市中心4.2km
15966842,4.3,385,70,,北京菜,丰台区,距市中心10.5km
4953029,4.3,369,23,,小吃,西城区,距市中心6.5km
4938904,4.3,355,21,,小吃,西城区,距市中心4.2km
4965937,4.3,352,22,天安门/王府井地区,快餐简餐,东城区,距市中心1.3km
12741859,4.3,352,99,大兴北京新机场地区,粤菜,大兴区,距市中心14.9km
8585893,4.3,349,69,环球影城度假区及周边,火锅,通州区,距市中心21.6km
8280517,4.3,346,95,回龙观/天通苑地区,湘菜,昌平区,距市中心23.6km
315068,4.3,336,17,,快餐简餐,石景山区,距市中心15.9km
12112912,4.3,335,68,中关村/五道口,日本料理,海淀区,距市中心11.4km
4939383,4.3,333,43,中关村/五道口,小吃,海淀区,距市中心9.9km
12111302,4.3,329,36,,小吃,海淀区,距市中心11km
4940601,4.3,325,24,中关村/五道口,快餐简餐,海淀区,距市中心11.1km
4956464,4.3,323,76,公主坟/五棵松/石景山游乐园地区,日本料理,石景山区,距市中心17.5km
4969440,4.3,322,28,,快餐简餐,东城区,距市中心3.7km
305031,4.3,322,19,,小吃,东城区,距市中心6km
4936008,4.3,307,199,前门/天坛公园/崇文门,北京菜,西城区,距市中心2km
4977629,4.3,287,23,西单/金融街地区,快餐简餐,西城区,距市中心4.7km
15498202,4.3,279,35,中关村/五道口,面包甜点,海淀区,距市中心14.4km
15949462,4.3,279,96,国贸地区,海鲜,朝阳区,距市中心9.8km
13905527,4.3,273,27,西单/金融街地区,小吃,西城区,距市中心5km
15897828,4.3,269,23,,快餐简餐,石景山区,距市中心13.1km
335921,4.3,267,51,通州运河商务区,快餐简餐,通州区,距市中心25km
338132,4.3,267,49,西单/金融街地区,小吃,西城区,距市中心3km
15498631,4.3,258,103,上地产业园/西三旗,粤菜,海淀区,距市中心15.3km
4968603,4.3,256,22,,小吃,西城区,距市中心5.2km
15915283,4.3,255,30,西直门/北京展览馆地区,快餐简餐,海淀区,距市中心7.4km
4950976,4.3,253,72,前门/天坛公园/崇文门,火锅,西城区,距市中心2.7km
4942261,4.3,250,25,西单/金融街地区,小吃,西城区,距市中心3.2km
8591468,4.3,241,69,北京站,火锅,东城区,距市中心1.8km
4939039,4.3,241,67,昌平城区/十三陵度假区,东北菜,昌平区,距市中心37.1km
15462903,4.3,241,23,公主坟/五棵松/石景山游乐园地区,快餐简餐,海淀区,距市中心9km
18607360,4.3,240,46,,快餐简餐,昌平区,距市中心23.6km
22517190,4.3,237,34,顺义温泉休闲区,快餐简餐,顺义区,距市中心32.5km
4948866,4.3,236,29,三里屯/工体/东直门地区,面包甜点,东城区,距市中心4.9km
4941747,4.3,236,66,北京西站/丽泽商务区,日本料理,西城区,距市中心7.2km
15995785,4.3,232,47,天安门/王府井地区,小吃,东城区,距市中心2.5km
11141375,4.3,227,104,大兴北京新机场地区,火锅,大兴区,距市中心14.6km
7021847,4.3,227,95,前门/天坛公园/崇文门,新疆菜,西城区,距市中心4km
4977072,4.3,226,36,永定门/南站/大红门/南苑地区,快餐简餐,丰台区,距市中心4.9km
4989494,4.3,225,159,西单/金融街地区,火锅,西城区,距市中心2.6km
4958708,4.3,220,48,,小吃,丰台区,距市中心4.9km
8587428,4.3,219,65,,火锅,西城区,距市中心3km
4936560,4.3,212,170,前门/天坛公园/崇文门,北京菜,东城区,距市中心660m
304532,4.3,210,70,三里屯/工体/东直门地区,火锅,东城区,距市中心4.9km
15172024,4.3,204,24,永定门/南站/大红门/南苑地区,小吃,丰台区,距市中心7.9km
15901411,4.3,201,31,,小吃,海淀区,距市中心11.1km
15477742,4.3,200,19,前门/天坛公园/崇文门,小吃,东城区,距市中心2.6km
8591186,4.3,197,27,,面包甜点,海淀区,距市中心11.3km
15470731,4.3,196,13,香山/八大处风景区,快餐简餐,海淀区,距市中心15.6km
8590391,4.3,192,30,西单/金融街地区,快餐简餐,西城区,距市中心2.8km
11732216,4.3,189,35,回龙观/天通苑地区,韩国料理,昌平区,距市中心19.6km
13938763,4.3,187,19,回龙观/天通苑地区,快餐简餐,昌平区,距市中心21.1km
12147413,4.3,187,53,,小吃,西城区,距市中心4.7km
4939763,4.3,182,165,,北京菜,丰台区,距市中心7km
4943347,4.3,180,18,公主坟/五棵松/石景山游乐园地区,快餐简餐,石景山区,距市中心17.8km
15484050,4.3,180,30,,小吃,西城区,距市中心2.7km
4949859,4.3,177,72,环球影城度假区及周边,日本料理,通州区,距市中心21.3km
4938013,4.3,176,165,天安门/王府井地区,火锅,东城区,距市中心864m
7044042,4.3,174,101,望京/酒仙桥/798地区,火锅,朝阳区,距市中心13km
11979761,4.3,170,56,大兴北京新机场地区,小吃,大兴区,距市中心14.8km
4949646,4.3,170,42,三里屯/工体/东直门地区,面包甜点,东城区,距市中心4.9km
8593924,4.3,170,23,马甸/安贞地区,快餐简餐,西城区,距市中心6.4km
11313222,4.3,169,22,总部基地/丰台体育中心/南宫地区,快餐简餐,丰台区,距市中心13.1km
8610378,4.3,169,31,,快餐简餐,大兴区,距市中心17.5km
15471806,4.3,168,17,香山/八大处风景区,快餐简餐,石景山区,距市中心20.8km
4937885,4.3,166,104,,火锅,海淀区,距市中心10.5km
218744,4.3,164,110,西单/金融街地区,火锅,西城区,距市中心5.7km
8591923,4.3,163,54,,面包甜点,昌平区,距市中心23.6km
15319095,4.3,162,27,前门/天坛公园/崇文门,快餐简餐,东城区,距市中心1.1km
13881773,4.3,162,19,大兴北京新机场地区,快餐简餐,丰台区,距市中心12.9km
4963066,4.3,159,12,大兴北京新机场地区,快餐简餐,大兴区,距市中心21.1km
15587125,4.3,157,29,,快餐简餐,丰台区,距市中心8km
15927400,4.3,156,27,,小吃,东城区,距市中心3.3km
4948887,4.3,153,78,,自助餐,西城区,距市中心2.8km
15650544,4.3,152,95,环球影城度假区及周边,西餐,通州区,距市中心21.6km
4952954,4.3,151,20,,快餐简餐,丰台区,距市中心10.8km
4981868,4.3,151,20,,快餐简餐,东城区,距市中心2.5km
4940306,4.3,150,37,回龙观/天通苑地区,快餐简餐,昌平区,距市中心17.1km
4950380,4.3,150,90,天安门/王府井地区,粤菜,东城区,距市中心798m
15460295,4.3,147,29,,快餐简餐,石景山区,距市中心20.1km
342176,4.3,147,32,永定门/南站/大红门/南苑地区,快餐简餐,丰台区,距市中心5km
8609883,4.3,147,54,,小吃,海淀区,距市中心7km
215703,4.3,145,96,马甸/安贞地区,北京菜,西城区,距市中心5.5km
15958998,4.3,145,28,北京西站/丽泽商务区,西餐,丰台区,距市中心9.6km
12070691,4.3,143,25,西单/金融街地区,快餐简餐,西城区,距市中心2.8km
15506007,4.3,142,81,,西餐,大兴区,距市中心16.8km
15033221,4.3,140,103,回龙观/天通苑地区,自助餐,昌平区,距市中心20.5km
15602636,4.3,140,15,回龙观/天通苑地区,小吃,昌平区,距市中心20.6km
15579713,4.3,139,84,马甸/安贞地区,粤菜,西城区,距市中心5.7km
15460200,4.3,138,24,亚运村/奥体中心地区,面包甜点,朝阳区,距市中心10.5km
15458109,4.3,138,70,,火锅,丰台区,距市中心11.3km
11142447,4.3,138,113,,日本料理,石景山区,距市中心20.1km
4938018,4.3,138,30,西直门/北京展览馆地区,日本料理,海淀区,距市中心6.7km
12215974,4.3,137,84,环球影城度假区及周边,火锅,通州区,距市中心21.6km
15571228,4.3,137,21,劲松/潘家园地区,快餐简餐,丰台区,距市中心5.7km
15899507,4.3,137,35,永定门/南站/大红门/南苑地区,西餐,丰台区,距市中心6.5km
15948319,4.3,136,53,沙河大学城/上庄地区,东北菜,昌平区,距市中心28.8km
15464189,4.3,135,30,回龙观/天通苑地区,快餐简餐,昌平区,距市中心20.1km
4939458,4.3,134,25,,面包甜点,海淀区,距市中心11.5km
4955138,4.3,133,17,上地产业园/西三旗,快餐简餐,海淀区,距市中心16.1km
4970236,4.3,133,26,房山风景区,快餐简餐,房山区,距市中心24.6km
4957946,4.3,132,41,,快餐简餐,顺义区,距市中心32.6km
7035183,4.3,131,53,顺义温泉休闲区,西餐,顺义区,距市中心32.5km
7022861,4.3,131,31,北京西站/丽泽商务区,快餐简餐,丰台区,距市中心8.3km
231968,4.3,130,76,,西餐,丰台区,距市中心11.3km
331098,4.3,129,19,总部基地/丰台体育中心/南宫地区,快餐简餐,丰台区,距市中心12km
4952812,4.3,129,68,西直门/北京展览馆地区,其他,海淀区,距市中心7.2km
12162768,4.3,127,64,上地产业园/西三旗,小吃,海淀区,距市中心16.3km
16447892,4.3,126,25,房山风景区,小吃,房山区,距市中心22.8km
7033684,4.3,126,0,西直门/北京展览馆地区,小吃,西城区,距市中心6.2km
4941662,4.3,126,27,马甸/安贞地区,快餐简餐,海淀区,距市中心7.7km
4993006,4.3,125,34,房山风景区,快餐简餐,房山区,距市中心29.8km
16540456,4.3,125,86,,川菜,海淀区,距市中心8.4km
4936048,4.3,124,454,国贸地区,粤菜,朝阳区,距市中心4.4km
13878675,4.3,121,29,,快餐简餐,大兴区,距市中心13.6km
11394339,4.3,119,36,,小吃,大兴区,距市中心16km
24918327,4.3,119,592,国贸地区,自助餐,朝阳区,距市中心5.5km
11756419,4.3,116,105,回龙观/天通苑地区,川菜,昌平区,距市中心19.6km
4953865,4.3,115,60,前门/天坛公园/崇文门,快餐简餐,东城区,距市中心1.1km
15584413,4.3,115,59,总部基地/丰台体育中心/南宫地区,小吃,丰台区,距市中心12.8km
11732273,4.3,115,119,公主坟/五棵松/石景山游乐园地区,烧烤,石景山区,距市中心20.1km
4947634,4.3,113,94,国贸地区,粤菜,朝阳区,距市中心4.5km
15589221,4.3,112,41,天安门/王府井地区,小吃,东城区,距市中心1.1km
15505629,4.3,112,44,永定门/南站/大红门/南苑地区,新疆菜,丰台区,距市中心5.2km
249160,4.3,111,113,,火锅,海淀区,距市中心10km
8553189,4.3,111,37,回龙观/天通苑地区,小吃,昌平区,距市中心19.1km
4984686,4.3,111,30,环球影城度假区及周边,快餐简餐,通州区,距市中心20.3km
4950600,4.3,111,133,西直门/北京展览馆地区,川菜,西城区,距市中心5.5km
11114918,4.3,109,76,大兴北京新机场地区,东南亚菜,大兴区,距市中心14.5km
16100004,4.3,108,19,回龙观/天通苑地区,快餐简餐,昌平区,距市中心19.3km
15647111,4.3,107,43,大兴北京新机场地区,日本料理,大兴区,距市中心10.8km
8628547,4.3,107,46,,日本料理,海淀区,距市中心11.5km
12206508,4.3,107,91,环球影城度假区及周边,粤菜,通州区,距市中心21.6km
15638052,4.3,104,43,首都机场/新国展地区,韩国料理,顺义区,距市中心25.1km
330010,4.3,103,16,,快餐简餐,丰台区,距市中心12km
8305600,4.3,103,35,房山风景区,小吃,房山区,距市中心30.1km
4948002,4.3,102,114,回龙观/天通苑地区,烧烤,昌平区,距市中心20.6km
4944602,4.3,102,27,昌平城区/十三陵度假区,快餐简餐,昌平区,距市中心38.5km
11176650,4.3,100,44,,快餐简餐,石景山区,距市中心15.5km
339050,4.3,100,30,北京站,快餐简餐,东城区,距市中心1.6km
216154,4.3,100,82,昌平城区/十三陵度假区,川菜,昌平区,距市中心37.7km
15590843,4.3,99,29,亦庄地区,快餐简餐,大兴区,距市中心16.6km
13858928,4.3,98,30,,其他,海淀区,距市中心17.6km
4942384,4.3,98,108,房山风景区,北京菜,房山区,距市中心29.6km
8585857,4.3,96,28,上地产业园/西三旗,面包甜点,海淀区,距市中心17.8km
4937952,4.3,96,48,中关村/五道口,小吃,海淀区,距市中心8.9km
15678614,4.3,95,32,上地产业园/西三旗,小吃,昌平区,距市中心18.6km
8586168,4.3,95,103,大兴北京新机场地区,北京菜,大兴区,距市中心19.8km
4943079,4.3,95,43,三里屯/工体/东直门地区,韩国料理,东城区,距市中心4km
7039357,4.3,95,103,西直门/北京展览馆地区,川菜,西城区,距市中心6.2km
8588179,4.3,94,34,大兴北京新机场地区,小吃,大兴区,距市中心20.3km
15488483,4.3,93,107,回龙观/天通苑地区,川菜,昌平区,距市中心20.3km
228149,4.3,92,24,西直门/北京展览馆地区,小吃,海淀区,距市中心9.3km
12070703,4.3,91,32,,快餐简餐,昌平区,距市中心23.6km
11270437,4.3,90,22,,小吃,门头沟区,距市中心25.3km
15472989,4.3,90,65,,火锅,海淀区,距市中心8.5km
13057892,4.3,89,90,中关村/五道口,云南菜,海淀区,距市中心11.3km
276081,4.3,89,76,,小吃,丰台区,距市中心4.9km
12066594,4.3,88,94,,火锅,大兴区,距市中心15.6km
4938615,4.3,87,27,,小吃,海淀区,距市中心11.6km
16541575,4.3,87,15,,快餐简餐,顺义区,距市中心32.2km
4956963,4.3,87,26,西单/金融街地区,快餐简餐,西城区,距市中心5km
15981927,4.3,87,22,马甸/安贞地区,小吃,西城区,距市中心7.5km
295114,4.3,87,34,,面包甜点,丰台区,距市中心8.5km
4960176,4.3,86,26,通州运河商务区,面包甜点,通州区,距市中心19.5km
15018170,4.3,86,58,沙河大学城/上庄地区,小吃,昌平区,距市中心28.8km
338275,4.3,85,24,,小吃,海淀区,距市中心17.1km
15655518,4.3,85,35,首都机场/新国展地区,快餐简餐,顺义区,距市中心21.6km
4962419,4.3,85,192,天安门/王府井地区,西餐,西城区,距市中心3.3km
16566082,4.3,85,198,国贸地区,西餐,朝阳区,距市中心4.5km
15319045,4.3,85,27,,快餐简餐,丰台区,距市中心5km
15476183,4.3,84,32,上地产业园/西三旗,日本料理,昌平区,距市中心18.8km
22520672,4.3,84,152,燕莎/朝阳公园商业区,川菜,朝阳区,距市中心8km
15499899,4.3,84,100,,川菜,丰台区,距市中心9.6km
15495843,4.3,83,55,,日本料理,东城区,距市中心1.1km
15923973,4.3,83,37,回龙观/天通苑地区,韩国料理,昌平区,距市中心18.5km
15546251,4.3,83,22,回龙观/天通苑地区,快餐简餐,昌平区,距市中心20.6km
4937198,4.3,81,101,望京/酒仙桥/798地区,北京菜,朝阳区,距市中心10.5km
328142,4.3,81,55,西单/金融街地区,东北菜,西城区,距市中心4.7km
4936892,4.3,81,143,天安门/王府井地区,东南亚菜,东城区,距市中心773m
15922298,4.3,80,42,,小吃,石景山区,距市中心20.1km
78237190,4.3,80,586,后海/南锣鼓巷地区,日本料理,西城区,距市中心4.5km
11525480,4.3,80,120,国展中心地区,火锅,朝阳区,距市中心6.2km
15677124,4.3,79,87,中关村/五道口,火锅,海淀区,距市中心10.6km
15918848,4.3,79,110,,西北菜,海淀区,距市中心11.3km
15486092,4.3,79,101,,川菜,大兴区,距市中心11.8km
16564875,4.3,78,29,公主坟/五棵松/石景山游乐园地区,快餐简餐,海淀区,距市中心11.4km
17007982,4.3,78,93,望京/酒仙桥/798地区,烧烤,朝阳区,距市中心11.6km
334675,4.3,78,143,,北京菜,海淀区,距市中心13km
4984679,4.3,78,126,望京/酒仙桥/798地区,火锅,朝阳区,距市中心13km
5553793,4.3,78,38,上地产业园/西三旗,小吃,海淀区,距市中心18.1km
4939801,4.3,78,25,大兴北京新机场地区,面包甜点,大兴区,距市中心18.6km
4957783,4.3,78,37,中关村/五道口,面包甜点,海淀区,距市中心9.9km
4941435,4.3,77,94,后海/南锣鼓巷地区,,东城区,距市中心3.7km
15098659,4.3,76,92,望京/酒仙桥/798地区,粤菜,朝阳区,距市中心11.1km
4955609,4.3,76,118,中关村/五道口,烧烤,海淀区,距市中心11.4km
4982079,4.3,75,127,三里屯/工体/东直门地区,日本料理,东城区,距市中心4.5km
17509620,4.3,75,139,三里屯/工体/东直门地区,闽菜,朝阳区,距市中心5.2km
15476264,4.3,75,47,,日本料理,海淀区,距市中心8.5km
15470249,4.3,74,18,大兴北京新机场地区,快餐简餐,大兴区,距市中心15.6km
295465,4.3,74,31,环球影城度假区及周边,快餐简餐,通州区,距市中心22.1km
15598510,4.3,74,30,沙河大学城/上庄地区,快餐简餐,昌平区,距市中心28.8km
15393577,4.3,74,353,国贸地区,自助餐,朝阳区,距市中心4.5km
4959997,4.3,74,97,三里屯/工体/东直门地区,烧烤,朝阳区,距市中心5km
4944026,4.3,73,36,,快餐简餐,丰台区,距市中心11km
8617411,4.3,73,125,,北京菜,大兴区,距市中心17.3km
7037637,4.3,73,20,总部基地/丰台体育中心/南宫地区,快餐简餐,丰台区,距市中心18.3km
16101594,4.3,73,134,北京西站/丽泽商务区,火锅,丰台区,距市中心9.6km
8625296,4.3,72,82,通州运河商务区,东北菜,通州区,距市中心21.6km
4956453,4.3,72,30,西单/金融街地区,小吃,西城区,距市中心2.8km
15939706,4.3,72,32,,快餐简餐,西城区,距市中心3.2km
4966499,4.3,72,167,三里屯/工体/东直门地区,江浙菜,朝阳区,距市中心3.8km
11610836,4.3,72,30,,面包甜点,西城区,距市中心4.2km
13950751,4.3,71,33,上地产业园/西三旗,小吃,昌平区,距市中心18.6km
201287,4.3,71,76,房山风景区,北京菜,房山区,距市中心30km
4976643,4.3,71,101,昌平城区/十三陵度假区,川菜,昌平区,距市中心37.1km
4964375,4.3,71,93,马甸/安贞地区,烧烤,海淀区,距市中心9km
4956033,4.3,70,31,回龙观/天通苑地区,咖啡店,昌平区,距市中心18.5km
8301506,4.3,70,41,大兴北京新机场地区,小吃,大兴区,距市中心20.3km
4983980,4.3,70,188,三里屯/工体/东直门地区,西餐,朝阳区,距市中心5.2km
11186539,4.3,69,102,,北京菜,海淀区,距市中心10.6km
12211909,4.3,69,113,前门/天坛公园/崇文门,烧烤,东城区,距市中心1.3km
12118429,4.3,69,108,,烧烤,东城区,距市中心2.5km
21575315,4.3,69,34,国展中心地区,小吃,东城区,距市中心6km
15503882,4.3,68,94,,西餐,海淀区,距市中心12.5km
15458189,4.3,68,62,回龙观/天通苑地区,山西菜,昌平区,距市中心19.8km
15546463,4.3,67,56,,小吃,大兴区,距市中心14.1km
11162428,4.3,67,36,大兴北京新机场地区,咖啡店,大兴区,距市中心14.4km
15971221,4.3,67,67,上地产业园/西三旗,东北菜,海淀区,距市中心15km
15481246,4.3,67,69,通州运河商务区,东北菜,通州区,距市中心21.3km
4976801,4.3,67,76,前门/天坛公园/崇文门,北京菜,东城区,距市中心876m
11163691,4.3,66,56,前门/天坛公园/崇文门,火锅,东城区,距市中心1.3km
12206237,4.3,66,100,西单/金融街地区,火锅,西城区,距市中心3.2km
15475181,4.3,66,22,马甸/安贞地区,小吃,海淀区,距市中心8.5km
15942681,4.3,65,42,,火锅,西城区,距市中心2.7km
13728172,4.3,65,99,永定门/南站/大红门/南苑地区,烧烤,丰台区,距市中心8.1km
4936091,4.3,64,141,前门/天坛公园/崇文门,山西菜,西城区,距市中心2.2km
4941101,4.3,64,68,,,东城区,距市中心3.3km
12147412,4.3,64,52,西直门/北京展览馆地区,小吃,西城区,距市中心5.2km
4942051,4.3,64,104,,海鲜,朝阳区,距市中心7.5km
16549940,4.3,63,127,公主坟/五棵松/石景山游乐园地区,川菜,海淀区,距市中心11.1km
15473724,4.3,63,36,大兴北京新机场地区,快餐简餐,大兴区,距市中心13.9km
186655,4.3,62,54,,烧烤,海淀区,距市中心10.1km
4946755,4.3,62,51,,新疆菜,东城区,距市中心4km
269134,4.3,62,28,,面包甜点,平谷区,
4950647,4.3,60,130,,鲁菜,西城区,距市中心3.7km
7036470,4.3,60,40,后海/南锣鼓巷地区,面包甜点,西城区,距市中心4.5km
24978251,4.3,60,143,国贸地区,西餐,朝阳区,距市中心4km
4943576,4.3,60,145,天安门/王府井地区,本帮菜,东城区,距市中心751m
8586662,4.3,59,93,亦庄地区,西餐,大兴区,距市中心13.9km
16093953,4.3,59,99,总部基地/丰台体育中心/南宫地区,北京菜,丰台区,距市中心24.1km
4988640,4.3,59,103,,北京菜,昌平区,距市中心38.5km
8299142,4.3,59,17,昌平城区/十三陵度假区,快餐简餐,昌平区,距市中心38.8km
7047605,4.3,59,37,永定门/南站/大红门/南苑地区,咖啡店,丰台区,距市中心4.9km
4938537,4.3,58,83,西直门/北京展览馆地区,西北菜,西城区,距市中心5.7km
328459,4.3,58,121,,韩国料理,西城区,距市中心5km
15684708,4.3,58,45,,小吃,丰台区,距市中心6.7km
15480964,4.3,57,141,中关村/五道口,韩国料理,海淀区,距市中心12.1km
16571561,4.3,57,37,回龙观/天通苑地区,小吃,昌平区,距市中心17.1km
4945535,4.3,57,41,后海/南锣鼓巷地区,快餐简餐,西城区,距市中心5km
8624159,4.3,56,69,大兴北京新机场地区,北京菜,大兴区,距市中心13.3km
22489264,4.3,56,302,燕莎/朝阳公园商业区,西餐,朝阳区,距市中心7.7km
11525233,4.3,56,85,,湖北菜,海淀区,距市中心8.8km
15172640,4.3,55,26,前门/天坛公园/崇文门,面包甜点,东城区,距市中心3.1km
11084604,4.3,55,24,马甸/安贞地区,小吃,西城区,距市中心6.9km
15959227,4.3,54,105,环球影城度假区及周边,北京菜,通州区,距市中心23.1km
4943070,4.3,54,49,后海/南锣鼓巷地区,,东城区,距市中心4km
22518083,4.3,53,61,环球影城度假区及周边,面包甜点,通州区,距市中心23.1km
13930931,4.3,52,71,环球影城度假区及周边,,通州区,距市中心20.1km
12035160,4.3,52,85,沙河大学城/上庄地区,山西菜,海淀区,距市中心27.5km
16551869,4.3,52,193,三里屯/工体/东直门地区,粤菜,朝阳区,距市中心5km
4956777,4.3,52,28,西直门/北京展览馆地区,快餐简餐,海淀区,距市中心7.2km
8431725,4.3,51,90,顺义温泉休闲区,火锅,顺义区,距市中心30.6km
15475584,4.3,51,36,,快餐简餐,西城区,距市中心5.2km
4941133,4.3,51,30,北京西站/丽泽商务区,快餐简餐,丰台区,距市中心8km
15557762,4.3,50,49,,小吃,丰台区,距市中心11.8km
15471672,4.3,50,111,回龙观/天通苑地区,火锅,昌平区,距市中心18.3km
7049446,4.3,50,208,天安门/王府井地区,自助餐,东城区,距市中心1.8km
8553577,4.3,50,54,房山风景区,小吃,房山区,距市中心29.6km
11637459,4.3,50,31,永定门/南站/大红门/南苑地区,面包甜点,丰台区,距市中心5km
15932451,4.3,49,94,,,大兴区,距市中心13.6km
4990111,4.3,49,0,总部基地/丰台体育中心/南宫地区,,丰台区,距市中心15.3km
17008469,4.3,49,95,顺义温泉休闲区,烧烤,顺义区,距市中心32.5km
11524072,4.3,49,114,西单/金融街地区,云南菜,西城区,距市中心5.2km
5563705,4.3,49,115,怀柔风景区,北京菜,怀柔区,
4941710,4.3,47,52,,火锅,海淀区,距市中心11.5km
12985961,4.3,47,115,,西北菜,丰台区,距市中心13.8km
8644485,4.3,47,28,回龙观/天通苑地区,面包甜点,昌平区,距市中心18.3km
14146818,4.3,47,52,,快餐简餐,西城区,距市中心2.7km
4936769,4.3,47,96,房山风景区,北京菜,房山区,距市中心29.6km
4940591,4.3,47,81,昌平城区/十三陵度假区,烧烤,昌平区,距市中心38.1km
15658829,4.3,47,40,西直门/北京展览馆地区,快餐简餐,西城区,距市中心5.5km
15458015,4.3,46,153,望京/酒仙桥/798地区,粤菜,朝阳区,距市中心11.4km
4945143,4.3,45,35,前门/天坛公园/崇文门,面包甜点,东城区,距市中心1.1km
4938929,4.3,45,113,北京西站/丽泽商务区,北京菜,丰台区,距市中心6.2km
314538,4.3,45,65,西直门/北京展览馆地区,西北菜,海淀区,距市中心9.5km
6999251,4.3,44,90,总部基地/丰台体育中心/南宫地区,西餐,丰台区,距市中心12.3km
4966540,4.3,44,166,,江浙菜,丰台区,距市中心13.8km
4936768,4.3,44,88,,北京菜,海淀区,距市中心18.1km
4949783,4.3,44,50,,小吃,丰台区,距市中心23.6km
7033042,4.3,44,65,北京西站/丽泽商务区,东北菜,西城区,距市中心6.7km
15483338,4.3,44,37,马甸/安贞地区,,西城区,距市中心7.7km
4936851,4.3,43,90,,东北菜,西城区,距市中心5.7km
4941402,4.3,43,14,西直门/北京展览馆地区,快餐简餐,海淀区,距市中心9.9km
130975712,4.3,42,162,三里屯/工体/东直门地区,火锅,朝阳区,距市中心5.2km
4952514,4.3,41,44,,小吃,丰台区,距市中心12.3km
12216305,4.3,41,25,,快餐简餐,西城区,距市中心4.2km
4964345,4.3,41,36,西直门/北京展览馆地区,咖啡店,海淀区,距市中心6.7km
11104216,4.3,41,54,永定门/南站/大红门/南苑地区,北京菜,丰台区,距市中心7km
452250,4.3,40,350,国贸地区,自助餐,朝阳区,距市中心2.8km
302387,4.3,40,41,西单/金融街地区,快餐简餐,西城区,距市中心3.2km
11484416,4.3,39,42,,面包甜点,海淀区,距市中心11.5km
339879,4.3,39,0,前门/天坛公园/崇文门,鲁菜,西城区,距市中心1.1km
309373,4.3,39,52,中关村/五道口,西北菜,海淀区,距市中心14.8km
11103336,4.3,39,111,环球影城度假区及周边,粤菜,通州区,距市中心22.1km
4936910,4.3,39,76,北京站,川菜,东城区,距市中心2.2km
12589210,4.3,39,103,国展中心地区,粤菜,朝阳区,距市中心6.2km
25046425,4.3,39,133,,粤菜,海淀区,距市中心8.8km
4954500,4.3,39,102,西直门/北京展览馆地区,烧烤,海淀区,距市中心9.1km
17003850,4.3,38,38,上地产业园/西三旗,快餐简餐,海淀区,距市中心16km
8519853,4.3,38,67,回龙观/天通苑地区,,昌平区,距市中心20.8km
7050186,4.3,38,108,环球影城度假区及周边,火锅,通州区,距市中心21km
4938273,4.3,38,94,国展中心地区,北京菜,朝阳区,距市中心6.2km
7039825,4.3,38,31,天安门/王府井地区,快餐简餐,东城区,距市中心834m
307616,4.3,37,41,房山风景区,小吃,房山区,距市中心29.3km
15949271,4.3,36,96,北京西站/丽泽商务区,烧烤,丰台区,距市中心10km
194843,4.3,36,68,望京/酒仙桥/798地区,韩国料理,朝阳区,距市中心11.1km
4981915,4.3,36,84,中关村/五道口,烧烤,海淀区,距市中心12.4km
16564664,4.3,36,59,国贸地区,北京菜,朝阳区,距市中心4.5km
15912267,4.3,36,116,劲松/潘家园地区,川菜,朝阳区,距市中心7.2km
293004,4.3,36,251,永定门/南站/大红门/南苑地区,海鲜,丰台区,距市中心7km
4937988,4.3,36,117,燕莎/朝阳公园商业区,面包甜点,朝阳区,距市中心7km
23514524,4.3,36,598,天安门/王府井地区,粤菜,东城区,距市中心938m
7043029,4.3,35,86,天安门/王府井地区,火锅,东城区,距市中心2.5km
15266859,4.3,35,145,西单/金融街地区,日本料理,西城区,距市中心2.7km
112177888,4.3,35,1000,国贸地区,西餐,朝阳区,距市中心6.4km
15549408,4.3,33,107,,川菜,西城区,距市中心3.8km
130969727,4.3,32,56,前门/天坛公园/崇文门,北京菜,西城区,距市中心1.1km
13798974,4.3,32,87,永定门/南站/大红门/南苑地区,北京菜,丰台区,距市中心11km
14890204,4.3,32,130,公主坟/五棵松/石景山游乐园地区,火锅,石景山区,距市中心16.6km
4977056,4.3,32,50,顺义温泉休闲区,面包甜点,顺义区,距市中心36.7km
15618875,4.3,32,73,,快餐简餐,丰台区,距市中心5km
15555623,4.3,31,160,望京/酒仙桥/798地区,海鲜,朝阳区,距市中心10.5km
4976311,4.3,31,25,回龙观/天通苑地区,快餐简餐,昌平区,距市中心22.5km
17009671,4.3,31,31,环球影城度假区及周边,小吃,通州区,距市中心24.8km
4946053,4.3,31,38,前门/天坛公园/崇文门,小吃,东城区,距市中心3.6km
120828942,4.3,31,209,三里屯/工体/东直门地区,,朝阳区,距市中心3.8km
291713,4.3,31,177,后海/南锣鼓巷地区,江浙菜,西城区,距市中心4.9km
7046616,4.3,31,25,永定门/南站/大红门/南苑地区,快餐简餐,丰台区,距市中心5.4km
12213424,4.3,31,72,,火锅,东城区,距市中心5.9km
15504396,4.3,31,48,,面包甜点,东城区,距市中心7km
12742027,4.3,30,39,大兴北京新机场地区,咖啡店,大兴区,距市中心14.5km
15957253,4.3,30,88,,川菜,丰台区,距市中心5.4km
12208244,4.3,30,87,马甸/安贞地区,火锅,东城区,距市中心7.2km
4951044,4.3,29,17,中关村/五道口,面包甜点,海淀区,距市中心11.5km
4982552,4.3,29,62,,火锅,石景山区,距市中心14km
4953291,4.3,29,104,前门/天坛公园/崇文门,小吃,东城区,距市中心1.5km
12127842,4.3,29,80,,烧烤,大兴区,距市中心18.1km
15099094,4.3,29,98,劲松/潘家园地区,烧烤,丰台区,距市中心6.7km
11152489,4.3,29,24,北京西站/丽泽商务区,小吃,丰台区,距市中心7.9km
15269901,4.3,29,81,怀柔风景区,,怀柔区,
4946355,4.3,29,108,密云水库,农家菜,密云区,
22510669,4.3,28,189,望京/酒仙桥/798地区,烧烤,朝阳区,距市中心10.1km
15486360,4.3,28,113,中关村/五道口,火锅,海淀区,距市中心11.9km
450869,4.3,28,123,,粤菜,东城区,距市中心1.1km
22521695,4.3,28,29,,快餐简餐,大兴区,距市中心13.1km
8595152,4.3,28,62,回龙观/天通苑地区,小吃,昌平区,距市中心17.5km
8543462,4.3,28,100,回龙观/天通苑地区,川菜,昌平区,距市中心20.8km
4936879,4.3,28,88,总部基地/丰台体育中心/南宫地区,北京菜,丰台区,距市中心23.8km
6942462,4.3,28,84,沙河大学城/上庄地区,韩国料理,昌平区,距市中心27.3km
4983288,4.3,28,123,三里屯/工体/东直门地区,,东城区,距市中心4.9km
4938089,4.3,28,50,亚运村/奥体中心地区,咖啡店,海淀区,距市中心8.9km
14135721,4.3,28,0,延庆休闲度假区,,延庆区,
4951007,4.3,27,24,,快餐简餐,石景山区,距市中心14km
11599925,4.3,27,104,,川菜,石景山区,距市中心17.8km
4974591,4.3,27,50,,小吃,丰台区,距市中心22.8km
16564589,4.3,27,176,国贸地区,西餐,朝阳区,距市中心4.5km
7036992,4.3,27,0,后海/南锣鼓巷地区,火锅,西城区,距市中心4.5km
25056832,4.3,27,179,国贸地区,西餐,朝阳区,距市中心4.5km
13201320,4.3,27,177,三里屯/工体/东直门地区,火锅,东城区,距市中心5km
229223,4.3,27,150,,川菜,海淀区,距市中心8.9km
16554200,4.3,26,26,,小吃,海淀区,距市中心11.5km
11815015,4.3,26,32,,快餐简餐,丰台区,距市中心13.1km
15571893,4.3,26,42,回龙观/天通苑地区,快餐简餐,昌平区,距市中心22.5km
11550572,4.3,26,91,首都机场/新国展地区,北京菜,顺义区,距市中心23.8km
231997,4.3,26,409,国贸地区,酒吧/酒馆,朝阳区,距市中心4.5km
4936006,4.3,26,65,后海/南锣鼓巷地区,西北菜,西城区,距市中心5km
7035667,4.3,26,21,西直门/北京展览馆地区,小吃,海淀区,距市中心6.9km
15898563,4.3,26,19,,面包甜点,东城区,距市中心6.9km
15490716,4.3,26,90,,北京菜,朝阳区,距市中心7.5km
196768,4.3,26,104,,韩国料理,朝阳区,距市中心8.6km
16564185,4.3,26,165,国贸地区,江浙菜,朝阳区,距市中心9.8km
12471478,4.3,26,59,延庆休闲度假区,西餐,延庆区,
11545128,4.3,25,17,上地产业园/西三旗,快餐简餐,昌平区,距市中心18.3km
4941759,4.3,25,76,西单/金融街地区,川菜,西城区,距市中心2.3km
16564291,4.3,25,44,,面包甜点,西城区,距市中心4.5km
4956429,4.3,25,50,天安门/王府井地区,咖啡店,东城区,距市中心579m
12695048,4.3,25,95,西直门/北京展览馆地区,川菜,海淀区,距市中心6.7km
15096376,4.3,25,126,国展中心地区,火锅,朝阳区,距市中心6.9km
15986840,4.3,25,99,,火锅,丰台区,距市中心6.9km
220938,4.3,25,91,马甸/安贞地区,火锅,海淀区,距市中心8km
15997871,4.3,25,99,,火锅,丰台区,距市中心9.6km
15169762,4.3,25,31,,小吃,延庆区,
12106917,4.3,24,123,,火锅,朝阳区,距市中心10km
4961778,4.3,24,42,,小吃,海淀区,距市中心12.5km
21384475,4.3,24,98,亦庄地区,西北菜,大兴区,距市中心15.3km
8639006,4.3,24,427,房山风景区,自助餐,丰台区,距市中心28.6km
16005096,4.3,24,17,天安门/王府井地区,快餐简餐,东城区,距市中心3.2km
11538176,4.3,24,23,后海/南锣鼓巷地区,小吃,西城区,距市中心3.7km
13629810,4.3,24,128,北京西站/丽泽商务区,火锅,海淀区,距市中心8.6km
15053753,4.3,23,20,中关村/五道口,小吃,海淀区,距市中心14.3km
341611,4.3,23,93,三里屯/工体/东直门地区,北京菜,东城区,距市中心4.7km
22460265,4.3,23,120,后海/南锣鼓巷地区,北京菜,西城区,距市中心5.4km
17610714,4.3,23,73,,火锅,朝阳区,距市中心6.7km
24885513,4.3,23,88,中关村/五道口,新疆菜,海淀区,距市中心9.9km
15665334,4.3,22,109,回龙观/天通苑地区,火锅,昌平区,距市中心17.8km
15265476,4.3,22,47,公主坟/五棵松/石景山游乐园地区,小吃,石景山区,距市中心17.8km
4940170,4.3,22,162,三里屯/工体/东直门地区,日本料理,朝阳区,距市中心5.2km
4992490,4.3,22,106,三里屯/工体/东直门地区,川菜,朝阳区,距市中心5.2km
18628394,4.3,22,38,三里屯/工体/东直门地区,快餐简餐,朝阳区,距市中心5km
12467877,4.3,22,53,,,东城区,距市中心7km
4941886,4.3,22,21,中关村/五道口,快餐简餐,海淀区,距市中心9.3km
4938870,4.3,22,398,公主坟/五棵松/石景山游乐园地区,粤菜,海淀区,距市中心9.6km
7031712,4.3,22,96,中关村/五道口,川菜,海淀区,距市中心9.9km
15911776,4.3,21,98,,火锅,丰台区,距市中心10.5km
4944411,4.3,21,96,,火锅,海淀区,距市中心11.8km
337098,4.3,21,40,天安门/王府井地区,咖啡店,东城区,距市中心1.1km
15480419,4.3,21,55,,小吃,大兴区,距市中心11km
12028623,4.3,21,116,上地产业园/西三旗,韩国料理,海淀区,距市中心16.1km
12212897,4.3,21,35,,川菜,丰台区,距市中心21.3km
12671350,4.3,21,42,北京西站/丽泽商务区,小吃,西城区,距市中心4.2km
190008,4.3,21,79,三里屯/工体/东直门地区,湘菜,东城区,距市中心4.4km
188980,4.3,21,121,西直门/北京展览馆地区,海鲜,海淀区,距市中心7km
11525235,4.3,21,92,马甸/安贞地区,湖北菜,海淀区,距市中心8.1km
4946664,4.3,20,96,望京/酒仙桥/798地区,韩国料理,朝阳区,距市中心11.6km
16575025,4.3,20,118,总部基地/丰台体育中心/南宫地区,韩国料理,丰台区,距市中心11km
15944566,4.3,20,96,,火锅,丰台区,距市中心11km
11115167,4.3,20,33,公主坟/五棵松/石景山游乐园地区,小吃,石景山区,距市中心18.3km
15457774,4.3,20,194,北京站,自助餐,东城区,距市中心1.8km
15100088,4.3,20,76,回龙观/天通苑地区,小吃,昌平区,距市中心20.3km
8538714,4.3,20,98,回龙观/天通苑地区,烧烤,昌平区,距市中心20.5km
15475003,4.3,20,101,回龙观/天通苑地区,创意菜,昌平区,距市中心20.6km
4964618,4.3,20,99,顺义温泉休闲区,,顺义区,距市中心31.6km
7022334,4.3,20,94,后海/南锣鼓巷地区,酒吧/酒馆,东城区,距市中心3.7km
15226835,4.3,20,0,,韩国料理,东城区,距市中心4.2km
15461667,4.3,20,35,,日本料理,怀柔区,距市中心49.7km
4963401,4.3,20,117,三里屯/工体/东直门地区,川菜,东城区,距市中心4.9km
15477736,4.3,20,30,劲松/潘家园地区,日本料理,丰台区,距市中心5.2km
25043451,4.3,20,118,国贸地区,烧烤,朝阳区,距市中心5.9km
4982527,4.3,20,38,国贸地区,小吃,朝阳区,距市中心6.4km
16565978,4.3,20,111,,火锅,东城区,距市中心6.5km
4959487,4.3,20,32,马甸/安贞地区,小吃,海淀区,距市中心8km
4953977,4.3,19,143,北京西站/丽泽商务区,川菜,丰台区,距市中心10.3km
4955137,4.3,19,47,中关村/五道口,小吃,海淀区,距市中心11.5km
90654443,4.3,19,58,望京/酒仙桥/798地区,咖啡店,朝阳区,距市中心11.9km
8537125,4.3,19,24,回龙观/天通苑地区,快餐简餐,昌平区,距市中心20.3km
24380430,4.3,19,47,,小吃,门头沟区,距市中心25.3km
8584841,4.3,19,123,天安门/王府井地区,北京菜,东城区,距市中心2.5km
7029963,4.3,19,0,通州运河商务区,小吃,通州区,距市中心27.3km
11493428,4.3,19,21,昌平城区/十三陵度假区,小吃,昌平区,距市中心37km
4940589,4.3,19,125,,火锅,昌平区,距市中心39.2km
4944512,4.3,19,112,三里屯/工体/东直门地区,火锅,东城区,距市中心4.2km
4936728,4.3,19,70,,北京菜,东城区,距市中心4km
16551796,4.3,19,125,,火锅,丰台区,距市中心5.2km
4936734,4.3,19,100,劲松/潘家园地区,,朝阳区,距市中心5.4km
12204185,4.3,19,89,北京西站/丽泽商务区,火锅,丰台区,距市中心8km
332766,4.3,19,100,中关村/五道口,火锅,海淀区,距市中心9.8km
20612723,4.3,18,71,,烧烤,大兴区,距市中心15.5km
12213141,4.3,18,83,房山风景区,,房山区,距市中心26.3km
62561412,4.3,18,74,三里屯/工体/东直门地区,烧烤,东城区,距市中心4km
234950,4.3,18,64,西直门/北京展览馆地区,,西城区,距市中心5km
215948,4.3,18,101,马甸/安贞地区,湘菜,西城区,距市中心6.7km
20602236,4.3,18,99,燕莎/朝阳公园商业区,西餐,朝阳区,距市中心7.2km
4938426,4.3,18,98,中关村/五道口,川菜,海淀区,距市中心8.6km
18619714,4.3,18,29,中关村/五道口,咖啡店,海淀区,距市中心9.5km
16576739,4.3,18,77,,烧烤,怀柔区,
200325,4.3,17,121,望京/酒仙桥/798地区,西餐,朝阳区,距市中心10.4km
7032093,4.3,17,42,公主坟/五棵松/石景山游乐园地区,小吃,海淀区,距市中心10.6km
16555265,4.3,17,119,通州运河商务区,火锅,通州区,距市中心22.8km
4948923,4.3,17,81,,火锅,丰台区,距市中心22.8km
15492044,4.3,17,127,,西餐,大兴区,距市中心25.3km
15481036,4.3,17,46,房山风景区,川菜,房山区,距市中心26.6km
4938205,4.3,17,106,三里屯/工体/东直门地区,北京菜,朝阳区,距市中心2.7km
25003298,4.3,17,172,国贸地区,川菜,朝阳区,距市中心4.5km
12392255,4.3,17,319,西单/金融街地区,湖北菜,西城区,距市中心5.2km
4944523,4.3,17,4,马甸/安贞地区,快餐简餐,西城区,距市中心5.5km
4937302,4.3,17,64,北京西站/丽泽商务区,东北菜,丰台区,距市中心7.5km
122722378,4.3,17,256,延庆休闲度假区,,延庆区,
11554831,4.3,16,75,,江浙菜,丰台区,距市中心13.1km
22516758,4.3,16,108,前门/天坛公园/崇文门,烧烤,东城区,距市中心1.3km
13350217,4.3,16,167,香山/八大处风景区,北京菜,海淀区,距市中心16.8km
15481895,4.3,16,135,首都机场/新国展地区,粤菜,顺义区,距市中心23.3km
17587923,4.3,16,214,西单/金融街地区,自助餐,西城区,距市中心2.8km
12200943,4.3,16,49,,,昌平区,距市中心30km
4936830,4.3,16,86,西直门/北京展览馆地区,湘菜,西城区,距市中心5.2km
25040647,4.3,16,3178,三里屯/工体/东直门地区,西餐,朝阳区,距市中心5.5km
15095600,4.3,16,187,燕莎/朝阳公园商业区,北京菜,朝阳区,距市中心7km
79422784,4.3,16,110,国贸地区,烧烤,朝阳区,距市中心8.5km
4940020,4.3,16,45,,快餐简餐,海淀区,距市中心8.5km
7021841,4.3,16,121,,川菜,海淀区,距市中心9.5km
7048324,4.3,16,51,,西餐,平谷区,
342082,4.3,15,39,中关村/五道口,快餐简餐,海淀区,距市中心11.6km
4938625,4.3,15,18,,快餐简餐,海淀区,距市中心13.6km
15458575,4.3,15,70,,西餐,石景山区,距市中心15.5km
4957882,4.3,15,34,回龙观/天通苑地区,快餐简餐,昌平区,距市中心20.1km
329477,4.3,15,73,西单/金融街地区,湘菜,西城区,距市中心2.2km
15474595,4.3,15,9,,快餐简餐,西城区,距市中心2km
8574137,4.3,15,25,沙河大学城/上庄地区,,昌平区,距市中心31.3km
4958084,4.3,15,100,三里屯/工体/东直门地区,川菜,东城区,距市中心4km
201435,4.3,15,180,燕莎/朝阳公园商业区,西餐,朝阳区,距市中心5.9km
4947027,4.3,15,61,永定门/南站/大红门/南苑地区,火锅,丰台区,距市中心7.5km
16004308,4.3,15,128,,火锅,朝阳区,距市中心7.7km
7048680,4.3,15,46,永定门/南站/大红门/南苑地区,小吃,丰台区,距市中心7.7km
25039697,4.3,15,357,燕莎/朝阳公园商业区,北京菜,朝阳区,距市中心7.9km
4987398,4.3,15,186,中关村/五道口,日本料理,海淀区,距市中心9.6km
13547065,4.3,14,71,北京西站/丽泽商务区,小吃,丰台区,距市中心10km
17588365,4.3,14,152,公主坟/五棵松/石景山游乐园地区,西餐,海淀区,距市中心11km
4967357,4.3,14,136,天安门/王府井地区,创意菜,东城区,距市中心173m
13229003,4.3,14,102,环球影城度假区及周边,,通州区,距市中心26.3km
17513954,4.3,14,21,房山风景区,快餐简餐,房山区,距市中心28.6km
25053519,4.3,14,80,西单/金融街地区,面包甜点,西城区,距市中心3.5km
4966761,4.3,14,106,,火锅,昌平区,距市中心36.1km
20594052,4.3,14,93,国贸地区,粤菜,朝阳区,距市中心6.2km
15500921,4.3,14,100,北京西站/丽泽商务区,北京菜,丰台区,距市中心9.6km
4949527,4.3,13,53,北京西站/丽泽商务区,川菜,丰台区,距市中心11.5km
15594240,4.3,13,38,公主坟/五棵松/石景山游乐园地区,咖啡店,海淀区,距市中心11km
8593869,4.3,13,156,亦庄地区,火锅,大兴区,距市中心14.8km
17009712,4.3,13,104,上地产业园/西三旗,烧烤,海淀区,距市中心15km
11085412,4.3,13,108,公主坟/五棵松/石景山游乐园地区,海鲜,石景山区,距市中心17.1km
11104176,4.3,13,88,,川菜,石景山区,距市中心17.8km
11330169,4.3,13,19,亦庄地区,快餐简餐,大兴区,距市中心17km
265790,4.3,13,29,回龙观/天通苑地区,小吃,昌平区,距市中心18km
15981001,4.3,13,109,香山/八大处风景区,火锅,石景山区,距市中心24.1km
22520231,4.3,13,135,天安门/王府井地区,创意菜,东城区,距市中心2.6km
22453274,4.3,13,224,三里屯/工体/东直门地区,西餐,东城区,距市中心2.8km
131904844,4.3,13,57,西单/金融街地区,面包甜点,西城区,距市中心3.1km
4952899,4.3,13,35,西单/金融街地区,咖啡店,西城区,距市中心4.2km
4965929,4.3,13,37,,咖啡店,丰台区,距市中心4.9km
16093306,4.3,13,17,马甸/安贞地区,快餐简餐,西城区,距市中心7.9km
15648671,4.3,13,30,西直门/北京展览馆地区,小吃,海淀区,距市中心7km
4960619,4.3,13,180,,韩国料理,朝阳区,距市中心8.1km
7047650,4.3,13,38,,咖啡店,海淀区,距市中心8.9km
15470368,4.3,12,25,公主坟/五棵松/石景山游乐园地区,快餐简餐,海淀区,距市中心10.5km
4941973,4.3,12,63,,,丰台区,距市中心12.3km
21414893,4.3,12,86,总部基地/丰台体育中心/南宫地区,江浙菜,丰台区,距市中心12.8km
22519461,4.3,12,112,公主坟/五棵松/石景山游乐园地区,烧烤,石景山区,距市中心14.6km
4942244,4.3,12,61,总部基地/丰台体育中心/南宫地区,川菜,丰台区,距市中心15.1km
12213705,4.3,12,44,总部基地/丰台体育中心/南宫地区,,丰台区,距市中心16.3km
8626119,4.3,12,74,,,石景山区,距市中心18.8km
4944088,4.3,12,62,香山/八大处风景区,,石景山区,距市中心19.1km
8588057,4.3,12,22,大兴北京新机场地区,快餐简餐,大兴区,距市中心19.1km
4962868,4.3,12,99,通州运河商务区,烧烤,通州区,距市中心21.1km
12214455,4.3,12,119,回龙观/天通苑地区,火锅,昌平区,距市中心21.3km
12216572,4.3,12,19,环球影城度假区及周边,小吃,通州区,距市中心21.5km
4958633,4.3,12,92,,川菜,丰台区,距市中心23.6km
15458688,4.3,12,64,顺义温泉休闲区,川菜,顺义区,距市中心31.3km
7022349,4.3,12,71,,,门头沟区,距市中心31.5km
4936831,4.3,12,30,西单/金融街地区,小吃,西城区,距市中心3.5km
197417,4.3,12,22,永定门/南站/大红门/南苑地区,小吃,西城区,距市中心3.7km
15949000,4.3,12,88,西单/金融街地区,江浙菜,西城区,距市中心3km
16102234,4.3,12,248,后海/南锣鼓巷地区,西餐,西城区,距市中心4.2km
4944814,4.3,12,0,,粤菜,房山区,距市中心43km
15978484,4.3,12,35,马甸/安贞地区,快餐简餐,东城区,距市中心5.5km
11551806,4.3,12,83,国展中心地区,烧烤,朝阳区,距市中心5.7km
4942250,4.3,12,27,,日本料理,海淀区,距市中心9.6km
12764952,4.3,12,27,国贸地区,小吃,朝阳区,距市中心9.6km
7042048,4.3,11,26,中关村/五道口,快餐简餐,海淀区,距市中心11.3km
193304,4.3,11,30,,小吃,海淀区,距市中心11.6km
98014190,4.3,11,50,前门/天坛公园/崇文门,面包甜点,东城区,距市中心1.1km
18518926,4.3,11,56,大兴北京新机场地区,粤菜,丰台区,距市中心15km
4981722,4.3,11,101,回龙观/天通苑地区,火锅,昌平区,距市中心19.3km
15474611,4.3,11,169,首都机场/新国展地区,西餐,顺义区,距市中心23.1km
4955434,4.3,11,57,天安门/王府井地区,火锅,东城区,距市中心2.3km
8545452,4.3,11,21,昌平城区/十三陵度假区,快餐简餐,昌平区,距市中心37km
131269822,4.3,11,45,三里屯/工体/东直门地区,面包甜点,东城区,距市中心4.2km
68417624,4.3,11,92,三里屯/工体/东直门地区,酒吧/酒馆,东城区,距市中心4.9km
16552285,4.3,11,175,三里屯/工体/东直门地区,日本料理,朝阳区,距市中心5.2km
21408360,4.3,11,133,国贸地区,云南菜,朝阳区,距市中心6km
4939167,4.3,11,120,,鲁菜,丰台区,距市中心9km
13789458,4.3,11,292,怀柔风景区,自助餐,怀柔区,
263640,4.3,10,60,总部基地/丰台体育中心/南宫地区,火锅,丰台区,距市中心10.4km
22520213,4.3,10,32,,面包甜点,海淀区,距市中心11.4km
18532348,4.3,10,109,,湘菜,东城区,距市中心1.1km
16995264,4.3,10,164,,鲁菜,朝阳区,距市中心13.5km
20612076,4.3,10,168,天安门/王府井地区,西餐,东城区,距市中心1.3km
15497070,4.3,10,140,大兴北京新机场地区,火锅,大兴区,距市中心14.4km
13913507,4.3,10,100,,,大兴区,距市中心15.1km
8609613,4.3,10,97,上地产业园/西三旗,西餐,海淀区,距市中心15.3km
134800992,4.3,10,105,回龙观/天通苑地区,火锅,昌平区,距市中心18.3km
4949124,4.3,10,139,,自助餐,东城区,距市中心1km
13235012,4.3,10,97,大兴北京新机场地区,川菜,大兴区,距市中心20.3km
4942753,4.3,10,24,回龙观/天通苑地区,小吃,昌平区,距市中心20.5km
15557834,4.3,10,62,门头沟/潭柘寺/妙峰山风景区,西北菜,门头沟区,距市中心22.3km
15635020,4.3,10,398,西单/金融街地区,北京菜,西城区,距市中心4.2km
5563773,4.3,10,12,,小吃,怀柔区,距市中心49.7km
189058,4.3,10,136,,烧烤,西城区,距市中心5.5km
120829624,4.3,10,168,三里屯/工体/东直门地区,酒吧/酒馆,朝阳区,距市中心5.5km
120815714,4.3,10,49,马甸/安贞地区,粤菜,朝阳区,距市中心6.5km
15470049,4.3,10,39,西单/金融街地区,,西城区,距市中心6km
4948045,4.3,10,80,,快餐简餐,朝阳区,距市中心7.2km
15455783,4.3,10,38,中关村/五道口,面包甜点,海淀区,距市中心9.8km
17513291,4.3,10,58,延庆休闲度假区,,延庆区,
11188466,4.3,10,50,,农家菜,延庆区,
20373356,4.3,9,76,前门/天坛公园/崇文门,咖啡店,东城区,距市中心1.1km
4938624,4.3,9,23,,快餐简餐,海淀区,距市中心13.6km
15933367,4.3,9,83,通州运河商务区,自助餐,通州区,距市中心19.8km
4941153,4.3,9,96,环球影城度假区及周边,湘菜,通州区,距市中心20.1km
4941164,4.3,9,77,北京站,北京菜,东城区,距市中心2.2km
15100093,4.3,9,96,环球影城度假区及周边,北京菜,通州区,距市中心28.8km
15493608,4.3,9,48,,北京菜,东城区,距市中心3.5km
16104955,4.3,9,61,后海/南锣鼓巷地区,火锅,西城区,距市中心3.8km
4951996,4.3,9,159,,韩国料理,朝阳区,距市中心4.4km
195521,4.3,9,86,前门/天坛公园/崇文门,,西城区,距市中心4km
120797610,4.3,9,176,燕莎/朝阳公园商业区,日本料理,朝阳区,距市中心5.4km
15963890,4.3,9,82,燕莎/朝阳公园商业区,日本料理,朝阳区,距市中心6.7km
202870,4.3,9,107,北京西站/丽泽商务区,川菜,海淀区,距市中心7km
21585604,4.3,9,65,,面包甜点,海淀区,距市中心8.6km
5563860,4.3,9,69,,北京菜,怀柔区,
11128521,4.3,9,105,古北水镇,西餐,密云区,
7048288,4.3,8,92,,江西菜,海淀区,距市中心10.5km
4936775,4.3,8,217,中关村/五道口,江浙菜,海淀区,距市中心10.8km
8588577,4.3,8,83,,西餐,海淀区,距市中心10.9km
70461588,4.3,8,99,中关村/五道口,川菜,海淀区,距市中心11.5km
11735856,4.3,8,81,大兴北京新机场地区,湖北菜,丰台区,距市中心11.8km
13237534,4.3,8,79,大兴北京新机场地区,小吃,大兴区,距市中心13.8km
79423054,4.3,8,43,前门/天坛公园/崇文门,小吃,东城区,距市中心1.3km
4939926,4.3,8,103,中关村/五道口,,海淀区,距市中心13km
12796108,4.3,8,0,,粤菜,大兴区,距市中心14.5km
199271,4.3,8,20,天安门/王府井地区,小吃,东城区,距市中心1.6km
8559920,4.3,8,66,,,大兴区,距市中心17km
4936714,4.3,8,27,公主坟/五棵松/石景山游乐园地区,面包甜点,石景山区,距市中心18.3km
11692854,4.3,8,59,公主坟/五棵松/石景山游乐园地区,新疆菜,石景山区,距市中心18.5km
15985058,4.3,8,58,,火锅,通州区,距市中心21.1km
12212006,4.3,8,73,,北京菜,海淀区,距市中心22.3km
13299694,4.3,8,47,房山风景区,快餐简餐,房山区,距市中心23.5km
11129605,4.3,8,58,,东北菜,大兴区,距市中心25.3km
15486357,4.3,8,85,环球影城度假区及周边,川菜,通州区,距市中心25km
15496634,4.3,8,1128,国贸地区,日本料理,朝阳区,距市中心2.6km
15458810,4.3,8,87,沙河大学城/上庄地区,乐园,海淀区,距市中心28.8km
12205341,4.3,8,0,房山风景区,快餐简餐,房山区,距市中心30.3km
15505088,4.3,8,77,顺义温泉休闲区,北京菜,顺义区,距市中心32.8km
4960660,4.3,8,38,顺义温泉休闲区,快餐简餐,顺义区,距市中心33.2km
4969400,4.3,8,116,顺义温泉休闲区,韩国料理,顺义区,距市中心36.6km
12491187,4.3,8,29,,小吃,西城区,距市中心4.2km
15606268,4.3,8,65,永定门/南站/大红门/南苑地区,北京菜,丰台区,距市中心4.7km
7034845,4.3,8,0,,,东城区,距市中心4.7km
4936295,4.3,8,80,前门/天坛公园/崇文门,,西城区,距市中心4km
16563967,4.3,8,85,劲松/潘家园地区,日本料理,朝阳区,距市中心5.2km
13357550,4.3,8,105,西直门/北京展览馆地区,北京菜,西城区,距市中心6.2km
4967930,4.3,8,65,西直门/北京展览馆地区,创意菜,海淀区,距市中心6.2km
4946452,4.3,8,112,西直门/北京展览馆地区,火锅,西城区,距市中心6.2km
20611891,4.3,8,83,,东北菜,丰台区,距市中心6.5km
15478631,4.3,8,260,西单/金融街地区,日本料理,西城区,距市中心6km
17590539,4.3,8,95,西直门/北京展览馆地区,烧烤,海淀区,距市中心7.2km
15472663,4.3,8,39,,快餐简餐,海淀区,距市中心7.7km
4936805,4.3,8,398,天安门/王府井地区,日本料理,东城区,距市中心865m
22514674,4.3,8,93,公主坟/五棵松/石景山游乐园地区,粤菜,海淀区,距市中心9km
79421959,4.3,7,111,中关村/五道口,火锅,海淀区,距市中心10.9km
13047209,4.3,7,52,大兴北京新机场地区,川菜,大兴区,距市中心11.4km
11103201,4.3,7,125,,韩国料理,海淀区,距市中心11.4km
15950734,4.3,7,113,中关村/五道口,东南亚菜,海淀区,距市中心11.5km
16550220,4.3,7,37,,咖啡店,大兴区,距市中心11.8km
4946285,4.3,7,143,亚运村/奥体中心地区,火锅,朝阳区,距市中心11.8km
12212406,4.3,7,68,公主坟/五棵松/石景山游乐园地区,小吃,海淀区,距市中心12.1km
4939923,4.3,7,12,中关村/五道口,快餐简餐,海淀区,距市中心12.6km
11477178,4.3,7,48,大兴北京新机场地区,火锅,大兴区,距市中心14.4km
4956306,4.3,7,72,,快餐简餐,海淀区,距市中心15.3km
21124677,4.3,7,85,上地产业园/西三旗,川菜,海淀区,距市中心15km
16564000,4.3,7,198,上地产业园/西三旗,日本料理,海淀区,距市中心16.5km
13376187,4.3,7,33,,小吃,石景山区,距市中心16.6km
15887367,4.3,7,108,香山/八大处风景区,烧烤,石景山区,距市中心17.3km
4947003,4.3,7,21,公主坟/五棵松/石景山游乐园地区,面包甜点,石景山区,距市中心18.1km
11228468,4.3,7,175,回龙观/天通苑地区,鲁菜,昌平区,距市中心18.3km
15471523,4.3,7,51,房山风景区,咖啡店,房山区,距市中心23.6km
78509815,4.3,7,79,房山风景区,江浙菜,房山区,距市中心24.6km
15467525,4.3,7,251,沙河大学城/上庄地区,西餐,海淀区,距市中心27.6km
4944694,4.3,7,42,,川菜,西城区,距市中心2.7km
200972,4.3,7,175,沙河大学城/上庄地区,自助餐,海淀区,距市中心28.8km
13803288,4.3,7,41,三里屯/工体/东直门地区,咖啡店,东城区,距市中心2.8km
78840875,4.3,7,115,顺义温泉休闲区,烧烤,顺义区,距市中心32.3km
21140568,4.3,7,92,昌平城区/十三陵度假区,北京菜,昌平区,距市中心36.3km
17593537,4.3,7,65,,面包甜点,顺义区,距市中心39.2km
235870,4.3,7,18,,快餐简餐,怀柔区,距市中心49.5km
4946772,4.3,7,174,西单/金融街地区,,西城区,距市中心4km
7021906,4.3,7,90,,北京菜,西城区,距市中心5.9km
18532764,4.3,7,31,西直门/北京展览馆地区,小吃,西城区,距市中心6.2km
4939641,4.3,7,74,,湖北菜,丰台区,距市中心6.2km
20612420,4.3,7,148,永定门/南站/大红门/南苑地区,北京菜,丰台区,距市中心6.5km
17602877,4.3,7,55,燕莎/朝阳公园商业区,小吃,朝阳区,距市中心6.9km
20592683,4.3,7,122,国贸地区,江浙菜,朝阳区,距市中心6km
22515757,4.3,7,260,燕莎/朝阳公园商业区,火锅,朝阳区,距市中心7km
4954788,4.3,7,74,,,丰台区,距市中心8.4km
13994405,4.3,7,487,,,海淀区,距市中心8.5km
4980618,4.3,7,94,马甸/安贞地区,小吃,海淀区,距市中心8.5km
4977146,4.3,7,196,,湘菜,海淀区,距市中心9.5km
4948749,4.3,7,81,天安门/王府井地区,粤菜,东城区,距市中心996m
12466134,4.3,7,63,延庆休闲度假区,火锅,延庆区,
17591327,4.3,7,112,,川菜,密云区,
11136147,4.3,6,213,中关村/五道口,创意菜,海淀区,距市中心10.5km
13468371,4.3,6,10,大兴北京新机场地区,快餐简餐,大兴区,距市中心11.6km
4937861,4.3,6,37,中关村/五道口,咖啡店,海淀区,距市中心11.8km
11529585,4.3,6,36,中关村/五道口,,海淀区,距市中心11.9km
4942628,4.3,6,46,天安门/王府井地区,咖啡店,东城区,距市中心1.1km
4952701,4.3,6,92,中关村/五道口,湘菜,海淀区,距市中心11km
15685292,4.3,6,88,,湘菜,朝阳区,距市中心11km
4982410,4.3,6,103,上地产业园/西三旗,湘菜,海淀区,距市中心16.6km
13186474,4.3,6,0,,面包甜点,石景山区,距市中心19.1km
15500981,4.3,6,15,通州运河商务区,小吃,通州区,距市中心19.6km
16998735,4.3,6,0,通州运河商务区,川菜,通州区,距市中心20.1km
11248415,4.3,6,13,大兴北京新机场地区,面包甜点,大兴区,距市中心20km
15956231,4.3,6,72,首都机场/新国展地区,西餐,朝阳区,距市中心21.1km
18483182,4.3,6,18,通州运河商务区,快餐简餐,通州区,距市中心21.6km
16094192,4.3,6,0,首都机场/新国展地区,,顺义区,距市中心22.5km
18628637,4.3,6,106,回龙观/天通苑地区,北京菜,昌平区,距市中心23.8km
4942402,4.3,6,104,首都机场/新国展地区,,顺义区,距市中心23.8km
15557163,4.3,6,427,首都机场/新国展地区,西餐,顺义区,距市中心23.8km
18552460,4.3,6,127,首都机场/新国展地区,咖啡店,顺义区,距市中心24.8km
5560585,4.3,6,83,,,门头沟区,距市中心25.1km
15458803,4.3,6,66,房山风景区,,房山区,距市中心26.3km
15880426,4.3,6,20,房山风景区,,房山区,距市中心26.5km
18561996,4.3,6,190,顺义温泉休闲区,粤菜,顺义区,距市中心26km
62204313,4.3,6,99,,湘菜,西城区,距市中心2.8km
22521224,4.3,6,100,大兴北京新机场地区,火锅,大兴区,距市中心31.1km
22517747,4.3,6,102,天安门/王府井地区,快餐简餐,东城区,距市中心3.2km
4975322,4.3,6,113,西单/金融街地区,烧烤,西城区,距市中心3.2km
8302968,4.3,6,20,,小吃,昌平区,距市中心35.8km
22519992,4.3,6,120,,西餐,顺义区,距市中心36.8km
22515478,4.3,6,34,后海/南锣鼓巷地区,面包甜点,东城区,距市中心3.7km
15498878,4.3,6,93,西单/金融街地区,江浙菜,西城区,距市中心3km
7023383,4.3,6,109,,东南亚菜,朝阳区,距市中心4.5km
120824521,4.3,6,91,西单/金融街地区,火锅,西城区,距市中心4.7km
18562566,4.3,6,89,国贸地区,粤菜,朝阳区,距市中心4.7km
22521055,4.3,6,155,劲松/潘家园地区,火锅,丰台区,距市中心4.7km
15629929,4.3,6,248,,北京菜,丰台区,距市中心5.2km
4945206,4.3,6,55,,川菜,西城区,距市中心5km
120816110,4.3,6,149,国展中心地区,小吃,东城区,距市中心6.2km
4939411,4.3,6,68,,新疆菜,丰台区,距市中心6.5km
12204759,4.3,6,18,北京西站/丽泽商务区,快餐简餐,西城区,距市中心6.5km
15495577,4.3,6,48,西直门/北京展览馆地区,面包甜点,海淀区,距市中心6.7km
11124856,4.3,6,46,西直门/北京展览馆地区,西餐,海淀区,距市中心6.7km
6936663,4.3,6,226,西直门/北京展览馆地区,日本料理,海淀区,距市中心7.7km
4947491,4.3,6,74,,自助餐,海淀区,距市中心8.5km
22520655,4.3,6,94,西直门/北京展览馆地区,火锅,海淀区,距市中心8km
78347766,4.3,6,0,北京西站/丽泽商务区,火锅,丰台区,距市中心9.6km
16566254,4.3,6,39,天安门/王府井地区,小吃,东城区,距市中心996m
15667722,4.3,6,61,平谷城区,小吃,平谷区,
11650826,4.3,6,6,古北水镇,快餐简餐,密云区,
13263256,4.3,6,0,,火锅,平谷区,
16556136,4.3,6,0,平谷城区,咖啡店,平谷区,
12900755,4.3,6,83,延庆休闲度假区,咖啡店,延庆区,
78574647,4.3,5,26,北京西站/丽泽商务区,小吃,丰台区,距市中心10.1km
7035441,4.3,5,27,中关村/五道口,快餐简餐,海淀区,距市中心10.9km
12542945,4.3,5,41,中关村/五道口,咖啡店,海淀区,距市中心10km
24388879,4.3,5,32,前门/天坛公园/崇文门,小吃,东城区,距市中心1.1km
17509820,4.3,5,30,中关村/五道口,面包甜点,海淀区,距市中心12.1km
20612801,4.3,5,105,,,大兴区,距市中心12.4km
15504621,4.3,5,74,公主坟/五棵松/石景山游乐园地区,咖啡店,石景山区,距市中心14.5km
15471715,4.3,5,125,大兴北京新机场地区,自助餐,大兴区,距市中心14.8km
15582465,4.3,5,34,,小吃,西城区,距市中心1.5km
16565638,4.3,5,110,公主坟/五棵松/石景山游乐园地区,北京菜,石景山区,距市中心17.3km
22514514,4.3,5,58,香山/八大处风景区,西北菜,石景山区,距市中心17.8km
8553667,4.3,5,55,,快餐简餐,大兴区,距市中心17km
79423037,4.3,5,98,大兴北京新机场地区,北京菜,大兴区,距市中心20.3km
133940863,4.3,5,0,亦庄地区,北京菜,通州区,距市中心21.6km
11136966,4.3,5,166,首都机场/新国展地区,日本料理,顺义区,距市中心23.3km
11471769,4.3,5,24,环球影城度假区及周边,小吃,通州区,距市中心23.6km
4937836,4.3,5,269,西单/金融街地区,粤菜,西城区,距市中心2.7km
79422996,4.3,5,124,西单/金融街地区,烧烤,西城区,距市中心3km
16099270,4.3,5,115,国贸地区,烧烤,朝阳区,距市中心5.5km
15478505,4.3,5,186,三里屯/工体/东直门地区,日本料理,东城区,距市中心5km
78093131,4.3,5,105,,日本料理,朝阳区,距市中心6.5km
22521590,4.3,5,99,永定门/南站/大红门/南苑地区,烧烤,丰台区,距市中心7.2km
16557461,4.3,5,44,永定门/南站/大红门/南苑地区,小吃,丰台区,距市中心7km
4936316,4.3,5,135,,湖北菜,海淀区,距市中心8.5km
24912255,4.3,5,35,中关村/五道口,西餐,海淀区,距市中心9.9km
4946129,4.3,5,84,密云水库,素食,密云区,
184034,4.3,4,50,天安门/王府井地区,,东城区,距市中心<100m
16566267,4.3,4,190,望京/酒仙桥/798地区,火锅,朝阳区,距市中心10.5km
15911286,4.3,4,20,,小吃,海淀区,距市中心10.9km
120800942,4.3,4,6,中关村/五道口,小吃,海淀区,距市中心10km
21575619,4.3,4,41,总部基地/丰台体育中心/南宫地区,快餐简餐,丰台区,距市中心11.3km
4949692,4.3,4,47,中关村/五道口,小吃,海淀区,距市中心11.4km
4937262,4.3,4,204,,日本料理,海淀区,距市中心11.5km
4993562,4.3,4,19,中关村/五道口,小吃,海淀区,距市中心11.5km
4940979,4.3,4,40,,咖啡店,海淀区,距市中心11.5km
62204349,4.3,4,26,,面包甜点,海淀区,距市中心11.8km
7022610,4.3,4,55,前门/天坛公园/崇文门,快餐简餐,东城区,距市中心1.1km
120834887,4.3,4,70,前门/天坛公园/崇文门,日本料理,东城区,距市中心1.1km
17593281,4.3,4,87,公主坟/五棵松/石景山游乐园地区,北京菜,海淀区,距市中心11km
15938740,4.3,4,105,,面包甜点,海淀区,距市中心12.1km
15936758,4.3,4,21,,快餐简餐,丰台区,距市中心12.4km
21138478,4.3,4,145,,烧烤,朝阳区,距市中心12.5km
4970132,4.3,4,96,中关村/五道口,韩国料理,海淀区,距市中心12km
15652662,4.3,4,59,,面包甜点,石景山区,距市中心13.1km
4947233,4.3,4,25,中关村/五道口,快餐简餐,海淀区,距市中心13.1km
129629512,4.3,4,110,中关村/五道口,烧烤,海淀区,距市中心13.3km
15473357,4.3,4,21,亦庄地区,快餐简餐,大兴区,距市中心13.6km
20368027,4.3,4,70,亦庄地区,面包甜点,大兴区,距市中心13.6km
8596507,4.3,4,17,前门/天坛公园/崇文门,小吃,西城区,距市中心1.3km
22510762,4.3,4,108,,火锅,东城区,距市中心1.3km
15559125,4.3,4,0,,面包甜点,石景山区,距市中心14.1km
21558449,4.3,4,19,公主坟/五棵松/石景山游乐园地区,快餐简餐,石景山区,距市中心14.1km
21398856,4.3,4,48,大兴北京新机场地区,日本料理,大兴区,距市中心14.6km
13204468,4.3,4,116,大兴北京新机场地区,韩国料理,大兴区,距市中心14.6km
4963308,4.3,4,88,,创意菜,大兴区,距市中心15.5km
21384485,4.3,4,59,香山/八大处风景区,面包甜点,海淀区,距市中心15.5km
8528254,4.3,4,54,亦庄地区,川菜,大兴区,距市中心15.5km
17599151,4.3,4,145,上地产业园/西三旗,小吃,海淀区,距市中心16.6km
198815,4.3,4,131,,,东城区,距市中心1.6km
15596924,4.3,4,86,,快餐简餐,石景山区,距市中心18.1km
16998650,4.3,4,52,,快餐简餐,大兴区,距市中心18.3km
4942494,4.3,4,63,公主坟/五棵松/石景山游乐园地区,,石景山区,距市中心18.3km
12511056,4.3,4,26,亦庄地区,快餐简餐,通州区,距市中心18.5km
12201429,4.3,4,14,回龙观/天通苑地区,小吃,昌平区,距市中心18.8km
17509919,4.3,4,292,北京站,,东城区,距市中心1.8km
4992958,4.3,4,19,亦庄地区,快餐简餐,通州区,距市中心21.1km
4962167,4.3,4,54,,,丰台区,距市中心21.3km
15473589,4.3,4,28,回龙观/天通苑地区,小吃,昌平区,距市中心21.3km
4959839,4.3,4,48,总部基地/丰台体育中心/南宫地区,,丰台区,距市中心21.5km
15110481,4.3,4,88,回龙观/天通苑地区,韩国料理,昌平区,距市中心22.3km
15172150,4.3,4,40,首都机场/新国展地区,咖啡店,顺义区,距市中心23.1km
12210452,4.3,4,39,房山风景区,快餐简餐,房山区,距市中心23.1km
15172066,4.3,4,34,首都机场/新国展地区,西餐,顺义区,距市中心23.3km
129623243,4.3,4,112,沙河大学城/上庄地区,火锅,海淀区,距市中心23.5km
78790821,4.3,4,19,,面包甜点,门头沟区,距市中心24.1km
15492984,4.3,4,70,环球影城度假区及周边,新疆菜,通州区,距市中心24.8km
17002708,4.3,4,51,通州运河商务区,西餐,通州区,距市中心25km
305910,4.3,4,37,北京站,快餐简餐,东城区,距市中心2.6km
4956738,4.3,4,75,,自助餐,西城区,距市中心2.7km
4942109,4.3,4,94,通州运河商务区,火锅,顺义区,距市中心27km
22514727,4.3,4,41,,湖北菜,西城区,距市中心2.8km
4971807,4.3,4,49,小汤山温泉度假区,,昌平区,距市中心30.5km
15675681,4.3,4,31,,小吃,昌平区,距市中心30.6km
17516361,4.3,4,115,房山风景区,小吃,房山区,距市中心31.1km
4974543,4.3,4,0,环球影城度假区及周边,北京菜,通州区,距市中心31.8km
8590194,4.3,4,48,大兴北京新机场地区,,大兴区,距市中心32.8km
122741177,4.3,4,107,天安门/王府井地区,火锅,东城区,距市中心3.2km
8305098,4.3,4,35,昌平城区/十三陵度假区,快餐简餐,昌平区,距市中心33.8km
4989780,4.3,4,0,顺义温泉休闲区,,顺义区,距市中心38.2km
22510808,4.3,4,83,国贸地区,烧烤,朝阳区,距市中心3.8km
4962519,4.3,4,81,天安门/王府井地区,火锅,东城区,距市中心3km
8589902,4.3,4,83,房山风景区,火锅,房山区,距市中心41.2km
13090773,4.3,4,54,,东北菜,房山区,距市中心42.2km
133769866,4.3,4,180,国贸地区,北京菜,朝阳区,距市中心4.2km
4976757,4.3,4,124,三里屯/工体/东直门地区,川菜,东城区,距市中心4.2km
243610,4.3,4,40,前门/天坛公园/崇文门,,西城区,距市中心4.2km
8584786,4.3,4,140,后海/南锣鼓巷地区,,东城区,距市中心4.4km
4961614,4.3,4,51,,咖啡店,东城区,距市中心4.5km
21414223,4.3,4,124,,火锅,朝阳区,距市中心4.5km
70434662,4.3,4,130,三里屯/工体/东直门地区,火锅,东城区,距市中心4.5km
21408018,4.3,4,36,,咖啡店,丰台区,距市中心4.9km
4947455,4.3,4,22,北京西站/丽泽商务区,小吃,西城区,距市中心4.9km
4956696,4.3,4,49,永定门/南站/大红门/南苑地区,小吃,丰台区,距市中心4.9km
4936525,4.3,4,158,三里屯/工体/东直门地区,西餐,东城区,距市中心4km
16553327,4.3,4,33,三里屯/工体/东直门地区,快餐简餐,朝阳区,距市中心5.2km
22520222,4.3,4,44,国展中心地区,咖啡店,东城区,距市中心5.2km
4951226,4.3,4,102,西单/金融街地区,北京菜,西城区,距市中心5.2km
4939764,4.3,4,82,西单/金融街地区,北京菜,西城区,距市中心5.4km
22515862,4.3,4,263,北京西站/丽泽商务区,江浙菜,西城区,距市中心5.4km
15497508,4.3,4,37,三里屯/工体/东直门地区,面包甜点,朝阳区,距市中心5.5km
7042008,4.3,4,65,,川菜,丰台区,距市中心5km
4957441,4.3,4,49,永定门/南站/大红门/南苑地区,小吃,西城区,距市中心5km
4964433,4.3,4,166,,徽菜,海淀区,距市中心6.2km
4950778,4.3,4,52,西直门/北京展览馆地区,小吃,西城区,距市中心6.5km
4937851,4.3,4,104,,北京菜,朝阳区,距市中心6.7km
129605788,4.3,4,25,西直门/北京展览馆地区,小吃,海淀区,距市中心6.9km
11626050,4.3,4,40,国贸地区,咖啡店,朝阳区,距市中心6km
8634716,4.3,4,18,北京西站/丽泽商务区,快餐简餐,海淀区,距市中心7.2km
4943136,4.3,4,45,北京西站/丽泽商务区,快餐简餐,西城区,距市中心7.4km
13314101,4.3,4,55,北京西站/丽泽商务区,川菜,丰台区,距市中心7.9km
4990100,4.3,4,145,燕莎/朝阳公园商业区,日本料理,朝阳区,距市中心7km
4936809,4.3,4,39,天安门/王府井地区,快餐简餐,东城区,距市中心800m
15481657,4.3,4,160,天安门/王府井地区,自助餐,东城区,距市中心839m
4948134,4.3,4,0,,,东城区,距市中心859m
22515460,4.3,4,102,亚运村/奥体中心地区,小吃,朝阳区,距市中心8.5km
4947668,4.3,4,59,公主坟/五棵松/石景山游乐园地区,小吃,海淀区,距市中心8.5km
7032952,4.3,4,50,中关村/五道口,小吃,海淀区,距市中心8km
4952389,4.3,4,87,西直门/北京展览馆地区,川菜,海淀区,距市中心9.3km
79422083,4.3,4,96,中关村/五道口,烧烤,海淀区,距市中心9.5km
4936780,4.3,4,32,前门/天坛公园/崇文门,面包甜点,东城区,距市中心984m
5563768,4.3,4,145,怀柔风景区,烧烤,怀柔区,
12909576,4.3,4,110,,新疆菜,平谷区,
12653151,4.3,4,96,怀柔风景区,面包甜点,怀柔区,
12466968,4.3,4,90,密云水库,,密云区,
16563931,4.3,4,218,,其他,房山区,
7023996,4.3,4,62,,,平谷区,
4971520,4.3,4,70,,北京菜,延庆区,
12474105,4.3,4,61,延庆休闲度假区,农家菜,延庆区,
4964256,4.3,4,56,延庆休闲度假区,,延庆区,
13170698,4.3,4,102,延庆休闲度假区,东北菜,延庆区,
17509446,4.3,4,124,古北水镇,,密云区,
70457580,4.3,3,143,望京/酒仙桥/798地区,面包甜点,朝阳区,距市中心11.5km
15956560,4.3,3,33,,海鲜,海淀区,距市中心11.6km
15555956,4.3,3,29,公主坟/五棵松/石景山游乐园地区,,海淀区,距市中心11km
15477588,4.3,3,57,,快餐简餐,海淀区,距市中心12.5km
4941409,4.3,3,11,,快餐简餐,海淀区,距市中心12.5km
4939372,4.3,3,82,公主坟/五棵松/石景山游乐园地区,火锅,石景山区,距市中心13.1km
15887472,4.3,3,24,,快餐简餐,丰台区,距市中心13.1km
15943498,4.3,3,203,,粤菜,丰台区,距市中心13.1km
15493436,4.3,3,28,,川菜,石景山区,距市中心13.4km
22516463,4.3,3,94,,徽菜,大兴区,距市中心13.6km
11286481,4.3,3,84,大兴北京新机场地区,川菜,大兴区,距市中心13.8km
12931146,4.3,3,96,,火锅,大兴区,距市中心13km
133763346,4.3,3,0,大兴北京新机场地区,日本料理,大兴区,距市中心14.4km
78116692,4.3,3,41,大兴北京新机场地区,小吃,大兴区,距市中心14.6km
7028297,4.3,3,48,公主坟/五棵松/石景山游乐园地区,小吃,石景山区,距市中心15.3km
15956278,4.3,3,42,亦庄地区,咖啡店,大兴区,距市中心15km
18594263,4.3,3,37,公主坟/五棵松/石景山游乐园地区,快餐简餐,石景山区,距市中心15km
12515056,4.3,3,13,上地产业园/西三旗,,海淀区,距市中心16.5km
11550075,4.3,3,78,,火锅,大兴区,距市中心16.6km
336802,4.3,3,27,,快餐简餐,东城区,距市中心1.6km
4938653,4.3,3,180,天安门/王府井地区,自助餐,东城区,距市中心1.6km
4946304,4.3,3,93,,粤菜,石景山区,距市中心16km
22520821,4.3,3,108,回龙观/天通苑地区,火锅,朝阳区,距市中心16km
15903694,4.3,3,63,回龙观/天通苑地区,融合菜,昌平区,距市中心17.1km
21136137,4.3,3,100,上地产业园/西三旗,烧烤,海淀区,距市中心17.1km
129600919,4.3,3,34,亦庄地区,烧烤,通州区,距市中心17.8km
17001480,4.3,3,107,公主坟/五棵松/石景山游乐园地区,火锅,石景山区,距市中心17.8km
15676423,4.3,3,27,亦庄地区,川菜,大兴区,距市中心17km
15566886,4.3,3,49,,北京菜,石景山区,距市中心18.1km
4976507,4.3,3,46,公主坟/五棵松/石景山游乐园地区,快餐简餐,石景山区,距市中心18.3km
16994019,4.3,3,0,回龙观/天通苑地区,川菜,昌平区,距市中心18.5km
12475856,4.3,3,46,公主坟/五棵松/石景山游乐园地区,面包甜点,石景山区,距市中心18.6km
4938697,4.3,3,95,北京站,西餐,东城区,距市中心1.8km
13224701,4.3,3,15,香山/八大处风景区,小吃,石景山区,距市中心19.1km
22521010,4.3,3,90,总部基地/丰台体育中心/南宫地区,韩国料理,丰台区,距市中心19.6km
8567672,4.3,3,29,回龙观/天通苑地区,快餐简餐,昌平区,距市中心19.6km
22518167,4.3,3,103,,北京菜,通州区,距市中心19.8km
244102,4.3,3,48,香山/八大处风景区,,海淀区,距市中心20.1km
22516289,4.3,3,51,,小吃,石景山区,距市中心20.1km
11500237,4.3,3,60,回龙观/天通苑地区,川菜,昌平区,距市中心20.3km
15480003,4.3,3,80,回龙观/天通苑地区,烧烤,昌平区,距市中心20.3km
15456433,4.3,3,84,回龙观/天通苑地区,,昌平区,距市中心20.3km
296847,4.3,3,37,,快餐简餐,海淀区,距市中心20.3km
6942788,4.3,3,54,回龙观/天通苑地区,,昌平区,距市中心20.5km
16564128,4.3,3,30,,小吃,石景山区,距市中心21.1km
15592244,4.3,3,60,香山/八大处风景区,,石景山区,距市中心21.3km
15145197,4.3,3,41,环球影城度假区及周边,咖啡店,通州区,距市中心21.5km
8634856,4.3,3,97,回龙观/天通苑地区,火锅,昌平区,距市中心22.3km
12468471,4.3,3,88,北京站,西北菜,东城区,距市中心2.2km
15491557,4.3,3,87,通州运河商务区,北京菜,通州区,距市中心23.1km
134203510,4.3,3,47,回龙观/天通苑地区,小吃,昌平区,距市中心23.6km
79422647,4.3,3,108,首都机场/新国展地区,烧烤,顺义区,距市中心23km
122751257,4.3,3,82,房山风景区,新疆菜,房山区,距市中心24.5km
22290248,4.3,3,0,首都机场/新国展地区,咖啡店,顺义区,距市中心24.6km
21138950,4.3,3,17,香山/八大处风景区,快餐简餐,石景山区,距市中心24.8km
129623041,4.3,3,35,沙河大学城/上庄地区,面包甜点,海淀区,距市中心25.3km
11458105,4.3,3,51,,川菜,门头沟区,距市中心25km
4965664,4.3,3,0,首都机场/新国展地区,小吃,顺义区,距市中心26.3km
8568388,4.3,3,0,大兴北京新机场地区,北京菜,大兴区,距市中心26.6km
8299504,4.3,3,0,大兴北京新机场地区,快餐简餐,大兴区,距市中心26.8km
11257773,4.3,3,25,沙河大学城/上庄地区,,昌平区,距市中心27.8km
4981577,4.3,3,75,天安门/王府井地区,川菜,东城区,距市中心2.7km
12572833,4.3,3,0,房山风景区,川菜,房山区,距市中心28.8km
15932578,4.3,3,30,沙河大学城/上庄地区,快餐简餐,昌平区,距市中心28.8km
12472006,4.3,3,79,房山风景区,川菜,房山区,距市中心28.8km
15489314,4.3,3,64,三里屯/工体/东直门地区,小吃,东城区,距市中心2.8km
16007912,4.3,3,19,首都机场/新国展地区,快餐简餐,顺义区,距市中心29.1km
15556004,4.3,3,0,房山风景区,快餐简餐,房山区,距市中心29.6km
7025424,4.3,3,18,顺义温泉休闲区,快餐简餐,顺义区,距市中心29.8km
16995135,4.3,3,21,天安门/王府井地区,烧烤,东城区,距市中心2km
120805631,4.3,3,0,房山风景区,西餐,房山区,距市中心30.5km
4941334,4.3,3,112,顺义温泉休闲区,韩国料理,顺义区,距市中心31.1km
15473396,4.3,3,21,,快餐简餐,房山区,距市中心31.3km
4971891,4.3,3,22,顺义温泉休闲区,快餐简餐,顺义区,距市中心31.8km
4965828,4.3,3,109,,鲁菜,顺义区,距市中心32.7km
11089015,4.3,3,33,,火锅,顺义区,距市中心32.8km
18596694,4.3,3,108,国贸地区,日本料理,朝阳区,距市中心3.2km
17598934,4.3,3,153,,面包甜点,顺义区,距市中心32km
4982928,4.3,3,88,,北京菜,顺义区,距市中心33.5km
7049149,4.3,3,23,,快餐简餐,顺义区,距市中心33.6km
16565912,4.3,3,27,后海/南锣鼓巷地区,小吃,东城区,距市中心3.5km
21413914,4.3,3,123,前门/天坛公园/崇文门,火锅,西城区,距市中心3.5km
15544314,4.3,3,0,,川菜,房山区,距市中心36.1km
12497712,4.3,3,103,顺义温泉休闲区,火锅,顺义区,距市中心36.7km
79423209,4.3,3,43,昌平城区/十三陵度假区,小吃,昌平区,距市中心37.1km
21391968,4.3,3,19,顺义温泉休闲区,西北菜,顺义区,距市中心37.5km
78879802,4.3,3,92,,北京菜,房山区,距市中心38.2km
4958999,4.3,3,20,昌平城区/十三陵度假区,江西菜,昌平区,距市中心38.7km
4974555,4.3,3,63,房山风景区,,房山区,距市中心39.3km
21141454,4.3,3,15,,面包甜点,西城区,距市中心3km
78599101,4.3,3,22,,咖啡店,西城区,距市中心3km
185132,4.3,3,93,三里屯/工体/东直门地区,自助餐,东城区,距市中心4.2km
22514308,4.3,3,273,天安门/王府井地区,,西城区,距市中心4.2km
15663699,4.3,3,42,昌平城区/十三陵度假区,快餐简餐,昌平区,距市中心43.5km
4947981,4.3,3,90,顺义温泉休闲区,火锅,顺义区,距市中心45.3km
4992940,4.3,3,44,,咖啡店,丰台区,距市中心4.9km
7032803,4.3,3,13,前门/天坛公园/崇文门,快餐简餐,西城区,距市中心4km
4979517,4.3,3,48,,面包甜点,东城区,距市中心4km
15464881,4.3,3,60,,西餐,东城区,距市中心5.2km
12624560,4.3,3,72,,,丰台区,距市中心5.2km
20612996,4.3,3,24,,面包甜点,东城区,距市中心5.2km
13417114,4.3,3,43,永定门/南站/大红门/南苑地区,小吃,西城区,距市中心5.4km
6942599,4.3,3,173,北京西站/丽泽商务区,鲁菜,西城区,距市中心5.5km
15975869,4.3,3,41,,小吃,西城区,距市中心5.9km
4939956,4.3,3,80,西单/金融街地区,火锅,西城区,距市中心5.9km
11315894,4.3,3,59,,川菜,丰台区,距市中心5km
7047628,4.3,3,40,三里屯/工体/东直门地区,咖啡店,东城区,距市中心5km
22514613,4.3,3,54,北京西站/丽泽商务区,,西城区,距市中心5km
17011486,4.3,3,24,,烧烤,西城区,距市中心6.2km
21587619,4.3,3,55,西直门/北京展览馆地区,小吃,西城区,距市中心6.2km
7040873,4.3,3,38,劲松/潘家园地区,咖啡店,丰台区,距市中心6.2km
18625718,4.3,3,97,,江浙菜,朝阳区,距市中心6.2km
22287312,4.3,3,133,西直门/北京展览馆地区,西餐,西城区,距市中心6.2km
265294,4.3,3,18,,快餐简餐,丰台区,距市中心6.4km
4938016,4.3,3,107,,火锅,朝阳区,距市中心6.5km
15958305,4.3,3,18,永定门/南站/大红门/南苑地区,小吃,丰台区,距市中心6.7km
4956989,4.3,3,42,,北京菜,朝阳区,距市中心6.7km
21129874,4.3,3,86,,西餐,东城区,距市中心6.9km
20596973,4.3,3,125,,川菜,朝阳区,距市中心6km
15555924,4.3,3,38,,快餐简餐,丰台区,距市中心7.2km
4992179,4.3,3,0,永定门/南站/大红门/南苑地区,快餐简餐,丰台区,距市中心7.2km
335875,4.3,3,36,马甸/安贞地区,快餐简餐,西城区,距市中心7.4km
14981859,4.3,3,37,,川菜,海淀区,距市中心7.7km
22522368,4.3,3,24,,小吃,丰台区,距市中心7.7km
15479342,4.3,3,26,永定门/南站/大红门/南苑地区,小吃,丰台区,距市中心8.3km
322756,4.3,3,71,,,海淀区,距市中心8.8km
15985258,4.3,3,94,公主坟/五棵松/石景山游乐园地区,火锅,海淀区,距市中心8.9km
6942510,4.3,3,0,永定门/南站/大红门/南苑地区,,丰台区,距市中心8km
12943869,4.3,3,23,北京西站/丽泽商务区,小吃,丰台区,距市中心9.3km
4944791,4.3,3,32,,快餐简餐,海淀区,距市中心9.5km
21140715,4.3,3,0,,火锅,大兴区,距市中心9.5km
4944862,4.3,3,28,,快餐简餐,海淀区,距市中心9.6km
8610883,4.3,3,79,北京西站/丽泽商务区,川菜,丰台区,距市中心9.6km
15586252,4.3,3,92,北京西站/丽泽商务区,粤菜,丰台区,距市中心9.6km
16565311,4.3,3,115,国贸地区,川菜,朝阳区,距市中心9.6km
22521551,4.3,3,92,中关村/五道口,,海淀区,距市中心9.9km
308124,4.3,3,50,总部基地/丰台体育中心/南宫地区,,丰台区,距市中心9km
22510682,4.3,3,98,公主坟/五棵松/石景山游乐园地区,川菜,海淀区,距市中心9km
12474560,4.3,3,65,延庆休闲度假区,烧烤,延庆区,
8094603,4.3,3,20,延庆休闲度假区,快餐简餐,延庆区,
5564271,4.3,3,0,,北京菜,怀柔区,
15976667,4.3,3,94,,北京菜,怀柔区,
4991691,4.3,3,126,房山风景区,西餐,房山区,
15571619,4.3,3,109,怀柔风景区,,怀柔区,
5564160,4.3,3,52,,北京菜,怀柔区,
15495085,4.3,3,43,,小吃,怀柔区,
7038467,4.3,3,62,,北京菜,房山区,
8595689,4.3,3,59,,快餐简餐,房山区,
4992591,4.3,3,0,延庆休闲度假区,火锅,延庆区,
80125646,4.3,3,0,平谷城区,酒吧/酒馆,平谷区,
320305,4.3,3,40,平谷城区,小吃,平谷区,
16094259,4.3,3,0,,,平谷区,
5559501,4.3,3,70,,农家菜,平谷区,
7025694,4.3,3,57,,,平谷区,
15995008,4.3,3,0,,北京菜,平谷区,
5559551,4.3,3,118,平谷城区,北京菜,平谷区,
15989677,4.3,3,68,平谷城区,川菜,平谷区,
79443772,4.3,3,0,延庆休闲度假区,火锅,延庆区,
17519857,4.3,3,31,延庆休闲度假区,快餐简餐,延庆区,
18537141,4.3,3,76,延庆休闲度假区,,延庆区,
13217937,4.3,3,45,延庆休闲度假区,火锅,延庆区,
12913045,4.3,3,20,延庆休闲度假区,小吃,延庆区,
4955833,4.3,3,68,,火锅,延庆区,
13274260,4.3,3,28,延庆休闲度假区,自助餐,延庆区,
13374209,4.3,3,50,,农家菜,延庆区,
17519642,4.3,3,68,延庆休闲度假区,川菜,延庆区,
11405221,4.3,3,60,,面包甜点,密云区,
4943254,4.3,3,70,密云水库,快餐简餐,密云区,
11602012,4.3,3,75,密云城区,东北菜,密云区,
11998031,4.4,3580,49,劲松/潘家园地区,快餐简餐,丰台区,距市中心6.2km
4927584,4.4,2008,184,前门/天坛公园/崇文门,北京菜,西城区,距市中心1.1km
4927621,4.4,1605,31,后海/南锣鼓巷地区,小吃,东城区,距市中心4.2km
4935770,4.4,938,25,西单/金融街地区,小吃,西城区,距市中心4.9km
4983759,4.4,808,37,昌平城区/十三陵度假区,小吃,昌平区,距市中心37.2km
11997930,4.4,681,40,,快餐简餐,西城区,距市中心2.7km
4946019,4.4,680,26,西单/金融街地区,快餐简餐,西城区,距市中心4.2km
11910391,4.4,674,29,,快餐简餐,丰台区,距市中心6.7km
11492295,4.4,669,39,,快餐简餐,海淀区,距市中心11.5km
15172051,4.4,669,115,大兴北京新机场地区,川菜,大兴区,距市中心14.6km
4938568,4.4,654,37,,小吃,丰台区,距市中心4.5km
4943478,4.4,641,29,,快餐简餐,朝阳区,距市中心3.5km
332282,4.4,610,75,中关村/五道口,火锅,海淀区,距市中心12.4km
16542794,4.4,602,44,中关村/五道口,快餐简餐,海淀区,距市中心11.3km
4958328,4.4,595,40,,快餐简餐,丰台区,距市中心5km
16543171,4.4,579,33,回龙观/天通苑地区,小吃,昌平区,距市中心20.6km
7503606,4.4,578,73,上地产业园/西三旗,火锅,海淀区,距市中心16.1km
15960700,4.4,567,73,北京西站/丽泽商务区,江浙菜,丰台区,距市中心9.6km
12501342,4.4,564,34,永定门/南站/大红门/南苑地区,小吃,丰台区,距市中心5km
4937425,4.4,527,74,,火锅,海淀区,距市中心12.4km
15478745,4.4,516,38,西单/金融街地区,快餐简餐,西城区,距市中心3km
11909734,4.4,514,38,三里屯/工体/东直门地区,快餐简餐,朝阳区,距市中心4.2km
4951780,4.4,510,25,三里屯/工体/东直门地区,快餐简餐,东城区,距市中心3.7km
4942554,4.4,493,39,北京西站/丽泽商务区,快餐简餐,西城区,距市中心6.2km
15890283,4.4,481,26,上地产业园/西三旗,快餐简餐,昌平区,距市中心18.8km
16098974,4.4,478,19,,快餐简餐,海淀区,距市中心9.4km
8608554,4.4,471,26,,快餐简餐,大兴区,距市中心13km
15172836,4.4,462,122,,川菜,西城区,距市中心2.7km
4944332,4.4,457,85,西单/金融街地区,火锅,西城区,距市中心2.8km
4946363,4.4,452,26,西单/金融街地区,西餐,西城区,距市中心5.7km
15114591,4.4,450,50,,快餐简餐,石景山区,距市中心20.1km
15096337,4.4,436,95,,火锅,大兴区,距市中心11.8km
11979758,4.4,434,48,,小吃,丰台区,距市中心5km
4936683,4.4,432,40,中关村/五道口,小吃,海淀区,距市中心9.9km
4951987,4.4,431,74,公主坟/五棵松/石景山游乐园地区,火锅,海淀区,距市中心11.4km
4953811,4.4,429,49,,小吃,海淀区,距市中心12.1km
4977411,4.4,429,104,公主坟/五棵松/石景山游乐园地区,川菜,海淀区,距市中心8.9km
4944498,4.4,426,27,西直门/北京展览馆地区,快餐简餐,海淀区,距市中心8.4km
336621,4.4,425,30,,快餐简餐,海淀区,距市中心11.9km
4965490,4.4,425,75,西直门/北京展览馆地区,江浙菜,西城区,距市中心6.2km
4956675,4.4,419,29,中关村/五道口,快餐简餐,海淀区,距市中心9.8km
15675548,4.4,417,34,,小吃,大兴区,距市中心11.8km
15112196,4.4,414,21,中关村/五道口,快餐简餐,海淀区,距市中心11.6km
338141,4.4,412,96,,烧烤,海淀区,距市中心12km
4983943,4.4,408,111,望京/酒仙桥/798地区,川菜,朝阳区,距市中心12.9km
13300002,4.4,402,32,,快餐简餐,丰台区,距市中心11.3km
4955450,4.4,402,97,公主坟/五棵松/石景山游乐园地区,烧烤,石景山区,距市中心14.3km
4954886,4.4,396,78,劲松/潘家园地区,火锅,丰台区,距市中心6.2km
4945498,4.4,394,70,,火锅,海淀区,距市中心11.3km
4944905,4.4,387,37,,快餐简餐,海淀区,距市中心7.7km
12471024,4.4,385,40,上地产业园/西三旗,快餐简餐,海淀区,距市中心15km
199360,4.4,379,65,亚运村/奥体中心地区,北京菜,海淀区,距市中心9km
4944949,4.4,376,31,昌平城区/十三陵度假区,快餐简餐,昌平区,距市中心38km
4959171,4.4,375,39,,快餐简餐,海淀区,距市中心12.1km
4952124,4.4,375,30,首都机场/新国展地区,快餐简餐,顺义区,距市中心26km
15486122,4.4,374,65,,北京菜,丰台区,距市中心12.3km
4942503,4.4,362,47,环球影城度假区及周边,快餐简餐,通州区,距市中心22.1km
4945436,4.4,357,40,昌平城区/十三陵度假区,快餐简餐,昌平区,距市中心37.3km
13824818,4.4,357,93,西单/金融街地区,西餐,西城区,距市中心3km
7046782,4.4,354,80,西直门/北京展览馆地区,火锅,西城区,距市中心6km
11998004,4.4,352,41,顺义温泉休闲区,快餐简餐,顺义区,距市中心36.2km
4969277,4.4,350,73,上地产业园/西三旗,火锅,海淀区,距市中心17.1km
329691,4.4,349,75,永定门/南站/大红门/南苑地区,北京菜,西城区,距市中心5.9km
7040955,4.4,348,97,西直门/北京展览馆地区,新疆菜,海淀区,距市中心9.4km
8622845,4.4,347,95,,新疆菜,海淀区,距市中心12km
11166035,4.4,346,108,公主坟/五棵松/石景山游乐园地区,烧烤,海淀区,距市中心11km
11212177,4.4,342,101,,烧烤,丰台区,距市中心4.5km
4992414,4.4,341,42,香山/八大处风景区,快餐简餐,石景山区,距市中心17.8km
7025165,4.4,341,73,通州运河商务区,快餐简餐,通州区,距市中心20.1km
332118,4.4,338,40,中关村/五道口,火锅,海淀区,距市中心12.3km
15172800,4.4,336,107,,川菜,大兴区,距市中心25.3km
4947878,4.4,334,30,永定门/南站/大红门/南苑地区,快餐简餐,丰台区,距市中心5.5km
7031064,4.4,333,26,望京/酒仙桥/798地区,西餐,朝阳区,距市中心11.4km
4940648,4.4,329,63,望京/酒仙桥/798地区,火锅,朝阳区,距市中心11.4km
15906213,4.4,327,58,总部基地/丰台体育中心/南宫地区,北京菜,丰台区,距市中心12.9km
8587525,4.4,319,51,西单/金融街地区,小吃,西城区,距市中心3.7km
7023476,4.4,314,56,,北京菜,海淀区,距市中心12.5km
4951605,4.4,310,26,环球影城度假区及周边,快餐简餐,通州区,距市中心24km
12524212,4.4,309,31,环球影城度假区及周边,快餐简餐,通州区,距市中心21.5km
4950403,4.4,308,113,,川菜,丰台区,距市中心4.9km
4940459,4.4,304,18,国展中心地区,小吃,东城区,距市中心6.2km
15468576,4.4,302,34,中关村/五道口,快餐简餐,海淀区,距市中心9.9km
16552888,4.4,301,136,望京/酒仙桥/798地区,闽菜,朝阳区,距市中心10.3km
4951168,4.4,294,46,大兴北京新机场地区,快餐简餐,丰台区,距市中心11.9km
4956511,4.4,294,27,,小吃,海淀区,距市中心12.1km
16992847,4.4,285,0,前门/天坛公园/崇文门,江浙菜,东城区,距市中心1.1km
11998081,4.4,285,33,,快餐简餐,顺义区,距市中心32.5km
17601804,4.4,284,73,北京西站/丽泽商务区,火锅,丰台区,距市中心9.6km
16094206,4.4,282,31,前门/天坛公园/崇文门,快餐简餐,东城区,距市中心1.3km
4940602,4.4,280,38,通州运河商务区,面包甜点,通州区,距市中心19.6km
4990864,4.4,280,55,,西北菜,海淀区,距市中心7km
4952646,4.4,279,26,公主坟/五棵松/石景山游乐园地区,快餐简餐,海淀区,距市中心11.4km
294808,4.4,277,28,西单/金融街地区,快餐简餐,西城区,距市中心2.8km
15934370,4.4,274,76,,火锅,丰台区,距市中心12.9km
4936115,4.4,271,40,中关村/五道口,小吃,海淀区,距市中心8.6km
8587360,4.4,266,35,大兴北京新机场地区,快餐简餐,大兴区,距市中心11.4km
4970583,4.4,265,37,天安门/王府井地区,快餐简餐,东城区,距市中心1.6km
4957585,4.4,258,19,中关村/五道口,小吃,海淀区,距市中心12.4km
4971664,4.4,257,37,昌平城区/十三陵度假区,快餐简餐,昌平区,距市中心38.5km
15937612,4.4,256,13,沙河大学城/上庄地区,快餐简餐,昌平区,距市中心24.8km
4961882,4.4,254,35,天安门/王府井地区,小吃,东城区,距市中心1km
15647240,4.4,251,34,,快餐简餐,石景山区,距市中心13.1km
16564745,4.4,251,71,总部基地/丰台体育中心/南宫地区,烧烤,丰台区,距市中心13km
4975527,4.4,249,31,北京西站/丽泽商务区,快餐简餐,丰台区,距市中心10.5km
8608327,4.4,247,98,大兴北京新机场地区,火锅,大兴区,距市中心16.6km
4976412,4.4,246,30,,小吃,海淀区,距市中心11km
17598007,4.4,243,0,,西餐,大兴区,距市中心25.3km
7022407,4.4,242,103,西单/金融街地区,烧烤,西城区,距市中心2.8km
11637460,4.4,242,28,昌平城区/十三陵度假区,面包甜点,昌平区,距市中心37.7km
15455595,4.4,241,22,传媒大学/管庄地区,面包甜点,朝阳区,距市中心16.8km
11371186,4.4,233,81,亦庄地区,火锅,通州区,距市中心20.3km
15461222,4.4,232,33,回龙观/天通苑地区,小吃,昌平区,距市中心18.3km
7038733,4.4,232,26,,小吃,海淀区,距市中心9.5km
8593530,4.4,230,96,,西餐,朝阳区,距市中心8.1km
4939916,4.4,230,95,,川菜,海淀区,距市中心9.1km
15467684,4.4,229,54,三里屯/工体/东直门地区,小吃,东城区,距市中心4.7km
11512069,4.4,229,90,西直门/北京展览馆地区,西餐,海淀区,距市中心9.8km
332111,4.4,228,81,通州运河商务区,火锅,通州区,距市中心25km
295489,4.4,227,30,,快餐简餐,海淀区,距市中心11km
331949,4.4,226,41,三里屯/工体/东直门地区,快餐简餐,东城区,距市中心4.7km
298910,4.4,224,26,天安门/王府井地区,快餐简餐,东城区,距市中心739m
4950521,4.4,222,113,上地产业园/西三旗,火锅,海淀区,距市中心16.1km
305331,4.4,222,24,天安门/王府井地区,小吃,东城区,距市中心3.2km
4948121,4.4,221,69,永定门/南站/大红门/南苑地区,日本料理,丰台区,距市中心6.5km
7049297,4.4,220,93,传媒大学/管庄地区,粤菜,朝阳区,距市中心16.6km
12999448,4.4,218,33,房山风景区,西餐,房山区,距市中心23.6km
13078363,4.4,217,97,,新疆菜,朝阳区,距市中心5.7km
15487117,4.4,216,79,,小吃,海淀区,距市中心11km
15679822,4.4,214,21,回龙观/天通苑地区,快餐简餐,昌平区,距市中心21km
24563523,4.4,213,29,西单/金融街地区,小吃,西城区,距市中心2.6km
11356841,4.4,211,34,,小吃,丰台区,距市中心4.9km
4949876,4.4,210,73,,西餐,海淀区,距市中心12.5km
17594661,4.4,205,34,大兴北京新机场地区,快餐简餐,大兴区,距市中心14.6km
15501824,4.4,204,45,回龙观/天通苑地区,川菜,昌平区,距市中心18.5km
15974079,4.4,201,31,,小吃,东城区,距市中心1.3km
8594303,4.4,195,20,,快餐简餐,大兴区,距市中心12km
4939356,4.4,193,25,,快餐简餐,昌平区,距市中心37.3km
15925421,4.4,191,99,,烧烤,朝阳区,距市中心11.3km
4956657,4.4,186,27,,快餐简餐,西城区,距市中心2.8km
15949077,4.4,186,21,房山风景区,小吃,房山区,距市中心30.1km
4983753,4.4,186,96,昌平城区/十三陵度假区,火锅,昌平区,距市中心37.2km
15615676,4.4,182,20,回龙观/天通苑地区,面包甜点,昌平区,距市中心18.5km
12070664,4.4,182,29,,快餐简餐,丰台区,距市中心7.2km
15589722,4.4,179,66,,面包甜点,海淀区,距市中心24.1km
341644,4.4,177,137,,韩国料理,海淀区,距市中心11.5km
4955211,4.4,176,108,,韩国料理,海淀区,距市中心11.5km
21068249,4.4,175,383,燕莎/朝阳公园商业区,西餐,朝阳区,距市中心6.7km
4938113,4.4,175,154,中关村/五道口,川菜,海淀区,距市中心9.5km
295068,4.4,175,29,中关村/五道口,面包甜点,海淀区,距市中心9.9km
4962413,4.4,174,103,中关村/五道口,客家菜,海淀区,距市中心12km
17606721,4.4,172,33,上地产业园/西三旗,快餐简餐,海淀区,距市中心16.6km
15476184,4.4,170,28,,日本料理,石景山区,距市中心13.1km
8290208,4.4,170,50,大兴北京新机场地区,面包甜点,大兴区,距市中心19.6km
11215518,4.4,168,27,公主坟/五棵松/石景山游乐园地区,快餐简餐,海淀区,距市中心13.4km
15649988,4.4,167,16,,快餐简餐,石景山区,距市中心17.1km
300813,4.4,167,27,,,东城区,距市中心3.5km
11146406,4.4,164,36,大兴北京新机场地区,快餐简餐,大兴区,距市中心14.6km
11998037,4.4,164,30,,快餐简餐,门头沟区,距市中心26.1km
4936799,4.4,164,105,,火锅,西城区,距市中心3.7km
15059850,4.4,164,34,天安门/王府井地区,面包甜点,东城区,距市中心730m
4936897,4.4,163,45,中关村/五道口,川菜,海淀区,距市中心10.6km
4978675,4.4,163,120,亚运村/奥体中心地区,烧烤,朝阳区,距市中心10km
8637144,4.4,162,77,国贸地区,自助餐,朝阳区,距市中心9.6km
4937693,4.4,161,19,总部基地/丰台体育中心/南宫地区,快餐简餐,丰台区,距市中心11.1km
4944289,4.4,161,497,国贸地区,,朝阳区,距市中心4.4km
4962582,4.4,159,27,公主坟/五棵松/石景山游乐园地区,小吃,石景山区,距市中心17.5km
15467344,4.4,159,23,昌平城区/十三陵度假区,面包甜点,昌平区,距市中心42km
4962207,4.4,158,75,前门/天坛公园/崇文门,粤菜,东城区,距市中心1.1km
12208679,4.4,158,33,,小吃,通州区,距市中心18.5km
15475614,4.4,157,116,,西餐,平谷区,
15614413,4.4,156,17,,快餐简餐,昌平区,距市中心19.8km
4947450,4.4,156,34,环球影城度假区及周边,小吃,通州区,距市中心22.1km
13464759,4.4,154,117,中关村/五道口,烧烤,海淀区,距市中心11.8km
4944832,4.4,154,18,西单/金融街地区,面包甜点,西城区,距市中心2.7km
4952184,4.4,154,18,西直门/北京展览馆地区,小吃,海淀区,距市中心6.5km
15172884,4.4,153,99,,烧烤,朝阳区,距市中心9.9km
12089014,4.4,151,19,总部基地/丰台体育中心/南宫地区,面包甜点,丰台区,距市中心13.8km
13033141,4.4,151,95,,台湾菜,丰台区,距市中心13.8km
15675513,4.4,151,25,上地产业园/西三旗,快餐简餐,海淀区,距市中心18.8km
13541669,4.4,150,28,,快餐简餐,大兴区,距市中心16.8km
4938243,4.4,149,132,公主坟/五棵松/石景山游乐园地区,北京菜,海淀区,距市中心10.5km
7042490,4.4,149,45,通州运河商务区,西北菜,通州区,距市中心19.5km
11201380,4.4,149,104,燕莎/朝阳公园商业区,烧烤,朝阳区,距市中心7.5km
4954648,4.4,148,42,前门/天坛公园/崇文门,快餐简餐,西城区,距市中心1.1km
15588910,4.4,148,31,回龙观/天通苑地区,面包甜点,昌平区,距市中心23.6km
16996079,4.4,147,48,回龙观/天通苑地区,川菜,昌平区,距市中心23.6km
15461852,4.4,145,14,公主坟/五棵松/石景山游乐园地区,快餐简餐,海淀区,距市中心11.3km
11526980,4.4,145,46,西直门/北京展览馆地区,面包甜点,海淀区,距市中心9.6km
7042320,4.4,144,32,通州运河商务区,快餐简餐,通州区,距市中心22.8km
11193600,4.4,143,70,北京西站/丽泽商务区,火锅,丰台区,距市中心10.3km
15578395,4.4,143,24,上地产业园/西三旗,快餐简餐,海淀区,距市中心16.3km
274171,4.4,143,41,西单/金融街地区,小吃,西城区,距市中心3.7km
4953028,4.4,143,32,,小吃,西城区,距市中心6.7km
12206493,4.4,142,93,国贸地区,粤菜,朝阳区,距市中心5.7km
11737292,4.4,141,97,,川菜,大兴区,距市中心13.8km
4945451,4.4,141,23,,快餐简餐,石景山区,距市中心15.5km
11159015,4.4,141,116,上地产业园/西三旗,火锅,海淀区,距市中心16.1km
11448995,4.4,141,102,沙河大学城/上庄地区,川菜,昌平区,距市中心29km
4946520,4.4,141,17,昌平城区/十三陵度假区,面包甜点,昌平区,距市中心38.7km
13029776,4.4,140,45,房山风景区,日本料理,房山区,距市中心23.8km
4962688,4.4,139,112,,火锅,朝阳区,距市中心8.3km
12200442,4.4,138,22,,西北菜,海淀区,距市中心10.5km
4968820,4.4,138,15,永定门/南站/大红门/南苑地区,快餐简餐,丰台区,距市中心8.3km
15472952,4.4,137,18,大兴北京新机场地区,快餐简餐,大兴区,距市中心11km
13183361,4.4,137,90,中关村/五道口,火锅,海淀区,距市中心12.5km
20370481,4.4,137,333,燕莎/朝阳公园商业区,江浙菜,朝阳区,距市中心8.1km
8586423,4.4,137,27,,面包甜点,海淀区,距市中心9.5km
15916569,4.4,136,102,中关村/五道口,西北菜,海淀区,距市中心14.4km
4942238,4.4,135,23,西直门/北京展览馆地区,小吃,西城区,距市中心5.4km
4979804,4.4,134,30,西直门/北京展览馆地区,快餐简餐,海淀区,距市中心8.9km
16999928,4.4,133,24,上地产业园/西三旗,小吃,海淀区,距市中心15.3km
15473723,4.4,133,28,环球影城度假区及周边,小吃,通州区,距市中心22.3km
11599801,4.4,133,35,西直门/北京展览馆地区,小吃,西城区,距市中心5km
12755187,4.4,132,31,环球影城度假区及周边,快餐简餐,通州区,距市中心22.1km
11251321,4.4,132,50,房山风景区,韩国料理,房山区,距市中心24.5km
13578349,4.4,132,31,沙河大学城/上庄地区,快餐简餐,昌平区,距市中心28.6km
206791,4.4,132,37,马甸/安贞地区,面包甜点,西城区,距市中心6.2km
8535606,4.4,131,94,,烧烤,大兴区,距市中心14.9km
4983798,4.4,131,99,顺义温泉休闲区,火锅,顺义区,距市中心32.3km
12070638,4.4,129,25,中关村/五道口,快餐简餐,海淀区,距市中心10.5km
4937414,4.4,129,90,中关村/五道口,面包甜点,海淀区,距市中心9.9km
4976180,4.4,128,35,西直门/北京展览馆地区,快餐简餐,西城区,距市中心6.2km
7048395,4.4,127,155,天安门/王府井地区,江浙菜,东城区,距市中心1.1km
8611301,4.4,127,44,,面包甜点,大兴区,距市中心17.1km
4961205,4.4,126,103,北京西站/丽泽商务区,北京菜,西城区,距市中心5.4km
4970853,4.4,124,55,,小吃,西城区,距市中心5.5km
15981360,4.4,123,47,,小吃,海淀区,距市中心11.5km
12104574,4.4,123,73,,川菜,石景山区,距市中心20.1km
15467545,4.4,122,18,,小吃,大兴区,距市中心13.6km
288275,4.4,120,28,西直门/北京展览馆地区,小吃,海淀区,距市中心8.5km
4976743,4.4,119,73,昌平城区/十三陵度假区,川菜,昌平区,距市中心38.1km
11276806,4.4,118,38,大兴北京新机场地区,快餐简餐,丰台区,距市中心11.8km
15473398,4.4,118,18,回龙观/天通苑地区,小吃,昌平区,距市中心20.1km
20369222,4.4,117,50,中关村/五道口,西餐,海淀区,距市中心11.8km
15970167,4.4,117,25,上地产业园/西三旗,小吃,海淀区,距市中心17.1km
15942456,4.4,116,857,三里屯/工体/东直门地区,创意菜,东城区,距市中心3.7km
4939478,4.4,116,35,西单/金融街地区,小吃,西城区,距市中心5.9km
4975668,4.4,116,35,天安门/王府井地区,快餐简餐,东城区,距市中心737m
4941013,4.4,116,29,公主坟/五棵松/石景山游乐园地区,快餐简餐,海淀区,距市中心8.5km
4936766,4.4,115,106,亚运村/奥体中心地区,北京菜,朝阳区,距市中心11km
340085,4.4,115,30,亦庄地区,快餐简餐,大兴区,距市中心15km
4949459,4.4,115,19,北京西站/丽泽商务区,小吃,丰台区,距市中心8.6km
12028638,4.4,114,139,通州运河商务区,韩国料理,通州区,距市中心20.1km
15457920,4.4,114,40,回龙观/天通苑地区,日本料理,昌平区,距市中心20.5km
15308188,4.4,114,111,上地产业园/西三旗,鲁菜,海淀区,距市中心21.1km
4956141,4.4,114,28,通州运河商务区,面包甜点,通州区,距市中心24.6km
16549391,4.4,114,19,房山风景区,快餐简餐,房山区,距市中心29.1km
4937253,4.4,114,84,,,海淀区,距市中心8.8km
15941643,4.4,113,27,,小吃,海淀区,距市中心12.1km
8588574,4.4,113,29,大兴北京新机场地区,快餐简餐,大兴区,距市中心19km
15482477,4.4,113,39,,小吃,海淀区,距市中心9.3km
8586948,4.4,111,129,劲松/潘家园地区,鲁菜,朝阳区,距市中心6.5km
4978445,4.4,110,92,北京站,北京菜,东城区,距市中心2.2km
7022195,4.4,110,32,后海/南锣鼓巷地区,快餐简餐,西城区,距市中心4km
4941063,4.4,110,90,西直门/北京展览馆地区,川菜,海淀区,距市中心9.3km
15903703,4.4,109,94,公主坟/五棵松/石景山游乐园地区,粤菜,海淀区,距市中心11km
12201769,4.4,109,255,,西北菜,海淀区,距市中心16km
15488891,4.4,108,39,,西餐,大兴区,距市中心13.3km
18483327,4.4,108,145,前门/天坛公园/崇文门,西餐,东城区,距市中心1.3km
11100859,4.4,108,128,西直门/北京展览馆地区,韩国料理,海淀区,距市中心7km
12206788,4.4,107,94,,川菜,丰台区,距市中心13.8km
11637572,4.4,107,24,回龙观/天通苑地区,面包甜点,昌平区,距市中心22.5km
12070682,4.4,106,35,总部基地/丰台体育中心/南宫地区,快餐简餐,丰台区,距市中心11km
11366891,4.4,106,28,上地产业园/西三旗,小吃,海淀区,距市中心17.3km
4979892,4.4,106,39,西直门/北京展览馆地区,快餐简餐,西城区,距市中心6.2km
4944392,4.4,105,58,,小吃,丰台区,距市中心13km
7039642,4.4,105,31,永定门/南站/大红门/南苑地区,西餐,丰台区,距市中心5.5km
4969691,4.4,105,101,永定门/南站/大红门/南苑地区,火锅,丰台区,距市中心6.9km
18589787,4.4,104,96,中关村/五道口,韩国料理,海淀区,距市中心12km
4966553,4.4,103,176,公主坟/五棵松/石景山游乐园地区,北京菜,石景山区,距市中心14.5km
8640156,4.4,103,31,通州运河商务区,快餐简餐,通州区,距市中心25km
12097360,4.4,102,37,,小吃,房山区,距市中心42.6km
4954309,4.4,102,114,,日本料理,东城区,距市中心4.2km
8588053,4.4,102,28,永定门/南站/大红门/南苑地区,快餐简餐,丰台区,距市中心6.5km
12625743,4.4,100,101,通州运河商务区,云南菜,通州区,距市中心20.1km
7034746,4.4,99,30,,快餐简餐,丰台区,距市中心12km
15660898,4.4,99,77,大兴北京新机场地区,小吃,大兴区,距市中心14.5km
4957787,4.4,99,27,永定门/南站/大红门/南苑地区,快餐简餐,丰台区,距市中心6.9km
4943219,4.4,98,49,前门/天坛公园/崇文门,快餐简餐,西城区,距市中心3.1km
12205479,4.4,98,26,,小吃,西城区,距市中心7km
4938681,4.4,98,91,亚运村/奥体中心地区,江西菜,海淀区,距市中心8.4km
13929359,4.4,97,25,,快餐简餐,大兴区,距市中心11.3km
4958397,4.4,97,39,总部基地/丰台体育中心/南宫地区,韩国料理,丰台区,距市中心12.3km
7033703,4.4,97,71,,新疆菜,海淀区,距市中心12.5km
231266,4.4,97,56,,小吃,东城区,距市中心5.9km
16564093,4.4,97,28,,快餐简餐,海淀区,距市中心8.5km
4938547,4.4,96,33,前门/天坛公园/崇文门,小吃,西城区,距市中心1.3km
15474981,4.4,96,38,上地产业园/西三旗,韩国料理,海淀区,距市中心17km
15478575,4.4,96,31,西直门/北京展览馆地区,小吃,西城区,距市中心5.2km
15489147,4.4,95,82,总部基地/丰台体育中心/南宫地区,北京菜,丰台区,距市中心13.3km
8591504,4.4,95,44,首都机场/新国展地区,小吃,朝阳区,距市中心16.8km
7023197,4.4,95,55,,小吃,顺义区,距市中心32km
4964016,4.4,95,112,北京西站/丽泽商务区,火锅,丰台区,距市中心9.5km
4993852,4.4,94,106,中关村/五道口,西北菜,海淀区,距市中心10.4km
4939451,4.4,94,69,中关村/五道口,日本料理,海淀区,距市中心12km
4962245,4.4,94,43,,西北菜,昌平区,距市中心18.1km
4960427,4.4,94,37,,小吃,西城区,距市中心3.3km
222076,4.4,93,171,中关村/五道口,江浙菜,海淀区,距市中心10.4km
15913457,4.4,93,52,,小吃,大兴区,距市中心11.8km
15477846,4.4,93,109,回龙观/天通苑地区,火锅,昌平区,距市中心18.5km
4936157,4.4,93,109,西直门/北京展览馆地区,火锅,西城区,距市中心6.5km
11598662,4.4,92,108,永定门/南站/大红门/南苑地区,西北菜,丰台区,距市中心8.4km
4953459,4.4,91,33,公主坟/五棵松/石景山游乐园地区,日本料理,海淀区,距市中心11.4km
16552085,4.4,91,120,大兴北京新机场地区,韩国料理,大兴区,距市中心25.3km
4936329,4.4,91,33,后海/南锣鼓巷地区,日本料理,西城区,距市中心4.9km
7021904,4.4,91,135,国贸地区,烧烤,朝阳区,距市中心5.5km
4938843,4.4,90,171,,北京菜,海淀区,距市中心10.8km
4953729,4.4,90,101,前门/天坛公园/崇文门,烧烤,东城区,距市中心1.1km
15468708,4.4,90,28,西单/金融街地区,日本料理,西城区,距市中心4km
22517415,4.4,90,106,西直门/北京展览馆地区,烧烤,海淀区,距市中心8km
15571740,4.4,89,33,永定门/南站/大红门/南苑地区,面包甜点,丰台区,距市中心11.1km
16553011,4.4,89,124,前门/天坛公园/崇文门,火锅,西城区,距市中心4km
4945277,4.4,89,103,,烧烤,西城区,距市中心6.2km
4949012,4.4,88,39,,小吃,海淀区,距市中心12.5km
12210219,4.4,88,157,天安门/王府井地区,火锅,东城区,距市中心741m
15598610,4.4,88,75,西直门/北京展览馆地区,东北菜,海淀区,距市中心9.5km
11102974,4.4,87,157,传媒大学/管庄地区,火锅,朝阳区,距市中心16.3km
15622631,4.4,87,20,上地产业园/西三旗,小吃,昌平区,距市中心18.6km
15897059,4.4,87,27,马甸/安贞地区,小吃,西城区,距市中心7.5km
4927731,4.4,86,212,天安门/王府井地区,北京菜,西城区,距市中心3.3km
4938059,4.4,86,87,,北京菜,海淀区,距市中心9km
336629,4.4,86,101,密云城区,川菜,密云区,
12203929,4.4,84,37,昌平城区/十三陵度假区,小吃,昌平区,距市中心38.7km
4985475,4.4,83,92,昌平城区/十三陵度假区,川菜,昌平区,距市中心37.7km
4946495,4.4,83,26,西单/金融街地区,面包甜点,西城区,距市中心5.5km
16548115,4.4,83,32,,快餐简餐,西城区,距市中心6km
14938201,4.4,82,42,北京站,小吃,东城区,距市中心2.6km
4936282,4.4,82,63,,东北菜,丰台区,距市中心4.7km
4951602,4.4,81,28,,快餐简餐,丰台区,距市中心10.5km
15907683,4.4,81,23,总部基地/丰台体育中心/南宫地区,面包甜点,丰台区,距市中心12.8km
4938196,4.4,81,21,三里屯/工体/东直门地区,小吃,东城区,距市中心4.4km
4943175,4.4,81,162,马甸/安贞地区,火锅,西城区,距市中心5.5km
15612812,4.4,81,35,永定门/南站/大红门/南苑地区,快餐简餐,西城区,距市中心5km
13012631,4.4,80,35,,小吃,海淀区,距市中心12.4km
329655,4.4,80,21,前门/天坛公园/崇文门,面包甜点,东城区,距市中心1.3km
326228,4.4,79,63,中关村/五道口,东北菜,海淀区,距市中心10.5km
4953210,4.4,78,42,环球影城度假区及周边,面包甜点,通州区,距市中心22.1km
7036947,4.4,78,92,房山风景区,川菜,房山区,距市中心24.6km
4942257,4.4,77,31,中关村/五道口,面包甜点,海淀区,距市中心10.1km
12210043,4.4,77,98,中关村/五道口,西餐,海淀区,距市中心11.3km
4945153,4.4,77,36,,面包甜点,东城区,距市中心1.1km
8595697,4.4,77,65,西直门/北京展览馆地区,新疆菜,海淀区,距市中心6.5km
4952566,4.4,76,37,亦庄地区,西餐,大兴区,距市中心16.6km
15484219,4.4,76,30,房山风景区,快餐简餐,房山区,距市中心26.6km
4958727,4.4,75,38,西直门/北京展览馆地区,咖啡店,西城区,距市中心6.2km
15458964,4.4,74,28,公主坟/五棵松/石景山游乐园地区,日本料理,石景山区,距市中心18.1km
4938160,4.4,74,222,,湖北菜,西城区,距市中心5.5km
15475423,4.4,74,29,,小吃,东城区,距市中心6.5km
16547330,4.4,72,44,公主坟/五棵松/石景山游乐园地区,小吃,石景山区,距市中心15.5km
20614351,4.4,72,229,西单/金融街地区,西餐,西城区,距市中心3.1km
11194821,4.4,72,36,西直门/北京展览馆地区,小吃,海淀区,距市中心7.7km
22510951,4.4,71,182,中关村/五道口,西餐,海淀区,距市中心11.5km
7048194,4.4,71,79,,烧烤,丰台区,距市中心12km
5553567,4.4,71,33,上地产业园/西三旗,日本料理,海淀区,距市中心15.1km
22517570,4.4,71,38,公主坟/五棵松/石景山游乐园地区,小吃,石景山区,距市中心18.1km
15496206,4.4,71,75,,湘菜,海淀区,距市中心18.8km
4982176,4.4,71,54,上地产业园/西三旗,,昌平区,距市中心18.8km
8626714,4.4,70,16,回龙观/天通苑地区,快餐简餐,昌平区,距市中心20.6km
16565510,4.4,69,104,,川菜,海淀区,距市中心12.5km
7032276,4.4,69,31,上地产业园/西三旗,小吃,海淀区,距市中心15.5km
4961640,4.4,69,17,前门/天坛公园/崇文门,,东城区,距市中心1.6km
15660257,4.4,69,97,沙河大学城/上庄地区,面包甜点,昌平区,距市中心29.1km
15478554,4.4,68,29,,快餐简餐,东城区,距市中心1.1km
15496222,4.4,68,38,房山风景区,快餐简餐,房山区,距市中心29.6km
15916614,4.4,68,47,国贸地区,北京菜,东城区,距市中心3.5km
228659,4.4,68,119,国贸地区,火锅,朝阳区,距市中心4.2km
4970304,4.4,68,114,,火锅,朝阳区,距市中心5.2km
15946672,4.4,67,31,上地产业园/西三旗,快餐简餐,海淀区,距市中心15.4km
15648755,4.4,67,37,,快餐简餐,大兴区,距市中心16.6km
4936213,4.4,67,72,劲松/潘家园地区,小吃,丰台区,距市中心4.7km
15587538,4.4,67,90,永定门/南站/大红门/南苑地区,烧烤,丰台区,距市中心5.5km
12654242,4.4,67,29,马甸/安贞地区,快餐简餐,西城区,距市中心5.7km
8538663,4.4,66,63,大兴北京新机场地区,烧烤,大兴区,距市中心11.3km
4946051,4.4,66,26,,小吃,丰台区,距市中心13km
7021825,4.4,66,115,香山/八大处风景区,西北菜,海淀区,距市中心18.1km
4941273,4.4,66,88,上地产业园/西三旗,北京菜,海淀区,距市中心18.1km
281089,4.4,66,20,回龙观/天通苑地区,,昌平区,距市中心18.8km
338392,4.4,66,57,,面包甜点,顺义区,距市中心22.8km
4966834,4.4,66,21,劲松/潘家园地区,小吃,丰台区,距市中心5.4km
4947608,4.4,65,47,西直门/北京展览馆地区,西北菜,海淀区,距市中心10.1km
15503708,4.4,65,31,,面包甜点,海淀区,距市中心11.1km
8585600,4.4,65,108,,北京菜,大兴区,距市中心18.3km
12054017,4.4,65,112,,火锅,海淀区,距市中心23.3km
12589368,4.4,65,27,,面包甜点,西城区,距市中心3km
15963106,4.4,65,28,三里屯/工体/东直门地区,快餐简餐,东城区,距市中心5km
4938859,4.4,65,32,西直门/北京展览馆地区,快餐简餐,海淀区,距市中心8.8km
8591400,4.4,63,42,,快餐简餐,大兴区,距市中心17.8km
16008006,4.4,63,19,大兴北京新机场地区,快餐简餐,大兴区,距市中心17.8km
12573465,4.4,63,101,,北京菜,昌平区,距市中心18.3km
15541387,4.4,63,50,亦庄地区,,通州区,距市中心18.5km
4927608,4.4,63,69,前门/天坛公园/崇文门,小吃,西城区,距市中心1km
11551676,4.4,63,101,,烧烤,东城区,距市中心2.5km
21382977,4.4,63,104,沙河大学城/上庄地区,川菜,昌平区,距市中心29km
13950294,4.4,63,55,,小吃,西城区,距市中心4.2km
11637526,4.4,63,26,,面包甜点,西城区,距市中心5.7km
15500862,4.4,63,40,永定门/南站/大红门/南苑地区,川菜,丰台区,距市中心7.2km
8588733,4.4,62,81,亦庄地区,西餐,大兴区,距市中心13.1km
15963576,4.4,62,83,,小吃,海淀区,距市中心17.5km
15456148,4.4,62,123,回龙观/天通苑地区,北京菜,昌平区,距市中心20.8km
4979259,4.4,62,23,后海/南锣鼓巷地区,面包甜点,东城区,距市中心3.7km
7040969,4.4,62,99,西单/金融街地区,本帮菜,西城区,距市中心4km
18546364,4.4,62,145,三里屯/工体/东直门地区,日本料理,朝阳区,距市中心5km
4949218,4.4,62,17,,小吃,西城区,距市中心6km
4962163,4.4,62,55,永定门/南站/大红门/南苑地区,川菜,丰台区,距市中心7.2km
8591171,4.4,61,68,大兴北京新机场地区,小吃,大兴区,距市中心20.1km
12214817,4.4,61,47,北京西站/丽泽商务区,小吃,西城区,距市中心7.4km
15457653,4.4,60,74,,西餐,东城区,距市中心1.3km
11979614,4.4,60,38,房山风景区,小吃,房山区,距市中心23.8km
15926329,4.4,60,29,前门/天坛公园/崇文门,火锅,东城区,距市中心2.6km
4955228,4.4,60,95,,面包甜点,房山区,距市中心42.3km
11222085,4.4,60,33,天安门/王府井地区,面包甜点,东城区,距市中心735m
7022029,4.4,60,43,,小吃,海淀区,距市中心9.4km
15498281,4.4,59,117,永定门/南站/大红门/南苑地区,韩国料理,丰台区,距市中心10.5km
5563902,4.4,59,53,,面包甜点,怀柔区,
15590289,4.4,58,130,上地产业园/西三旗,火锅,海淀区,距市中心16.1km
21136220,4.4,58,30,国贸地区,快餐简餐,东城区,距市中心3.6km
15950394,4.4,57,107,望京/酒仙桥/798地区,湘菜,朝阳区,距市中心13.9km
4938493,4.4,57,34,公主坟/五棵松/石景山游乐园地区,快餐简餐,石景山区,距市中心17.8km
7038552,4.4,57,42,上地产业园/西三旗,面包甜点,海淀区,距市中心17km
15633533,4.4,57,17,环球影城度假区及周边,快餐简餐,通州区,距市中心25.1km
12142734,4.4,57,34,三里屯/工体/东直门地区,小吃,东城区,距市中心4.2km
17512411,4.4,57,30,,快餐简餐,密云区,
4968733,4.4,56,36,永定门/南站/大红门/南苑地区,面包甜点,丰台区,距市中心10.6km
4954669,4.4,56,67,环球影城度假区及周边,,通州区,距市中心22.1km
8596513,4.4,56,49,,小吃,丰台区,距市中心6.5km
17518330,4.4,55,106,,徽菜,海淀区,距市中心12km
15683428,4.4,55,27,环球影城度假区及周边,小吃,通州区,距市中心21.5km
7032037,4.4,55,66,顺义温泉休闲区,烧烤,顺义区,距市中心31.6km
18585188,4.4,55,85,三里屯/工体/东直门地区,火锅,东城区,距市中心4.5km
15491917,4.4,54,90,,火锅,大兴区,距市中心25.3km
12070620,4.4,54,32,北京西站/丽泽商务区,快餐简餐,丰台区,距市中心8.5km
8585405,4.4,54,99,中关村/五道口,火锅,海淀区,距市中心9.5km
22516829,4.4,54,130,,鲁菜,丰台区,距市中心9km
15678552,4.4,53,115,中关村/五道口,川菜,海淀区,距市中心11.9km
4975299,4.4,53,99,中关村/五道口,云南菜,海淀区,距市中心11km
16999591,4.4,53,20,,快餐简餐,丰台区,距市中心13.8km
8628638,4.4,53,139,上地产业园/西三旗,面包甜点,昌平区,距市中心18.5km
4947734,4.4,53,248,西单/金融街地区,江浙菜,西城区,距市中心4.9km
4936418,4.4,53,194,西直门/北京展览馆地区,北京菜,海淀区,距市中心8.5km
4936070,4.4,53,267,中关村/五道口,自助餐,海淀区,距市中心9.4km
4953841,4.4,52,30,,快餐简餐,海淀区,距市中心11.4km
22517845,4.4,52,38,,咖啡店,海淀区,距市中心11.5km
15978047,4.4,52,127,,火锅,海淀区,距市中心17.8km
12119073,4.4,52,88,环球影城度假区及周边,火锅,通州区,距市中心25.1km
4943191,4.4,52,118,三里屯/工体/东直门地区,西餐,东城区,距市中心4km
4945634,4.4,52,79,,北京菜,丰台区,距市中心8km
13949200,4.4,51,55,总部基地/丰台体育中心/南宫地区,小吃,丰台区,距市中心11.8km
16995062,4.4,51,19,总部基地/丰台体育中心/南宫地区,快餐简餐,丰台区,距市中心12.5km
15472051,4.4,51,155,公主坟/五棵松/石景山游乐园地区,西餐,石景山区,距市中心15.5km
16553232,4.4,51,17,房山风景区,,房山区,距市中心26.6km
291411,4.4,51,193,三里屯/工体/东直门地区,江浙菜,朝阳区,距市中心5.7km
4950077,4.4,51,29,后海/南锣鼓巷地区,快餐简餐,西城区,距市中心5km
15430207,4.4,50,94,,川菜,丰台区,距市中心10.5km
18590435,4.4,50,1035,燕莎/朝阳公园商业区,西餐,朝阳区,距市中心6.5km
4939829,4.4,50,98,,湘菜,朝阳区,距市中心9.6km
15896454,4.4,49,37,,快餐简餐,海淀区,距市中心11km
15504153,4.4,49,70,房山风景区,自助餐,房山区,距市中心29.6km
8613903,4.4,49,34,,小吃,昌平区,距市中心38.7km
15099372,4.4,49,112,,川菜,朝阳区,距市中心4.5km
7038589,4.4,49,41,西单/金融街地区,面包甜点,西城区,距市中心4km
7032602,4.4,48,58,,湘菜,海淀区,距市中心11.3km
15096505,4.4,48,228,,日本料理,海淀区,距市中心12.1km
15494140,4.4,48,17,回龙观/天通苑地区,面包甜点,昌平区,距市中心17.3km
4945629,4.4,48,46,上地产业园/西三旗,面包甜点,海淀区,距市中心17.3km
15948588,4.4,48,35,上地产业园/西三旗,快餐简餐,海淀区,距市中心18.8km
12957693,4.4,48,26,,西北菜,丰台区,距市中心24km
17005241,4.4,48,33,,快餐简餐,顺义区,距市中心32.6km
229129,4.4,48,88,,川菜,西城区,距市中心4.2km
4952512,4.4,48,109,马甸/安贞地区,火锅,东城区,距市中心6.4km
4936003,4.4,47,58,,东北菜,海淀区,距市中心10.1km
4979586,4.4,47,26,西直门/北京展览馆地区,快餐简餐,海淀区,距市中心10.8km
15535244,4.4,47,104,中关村/五道口,烧烤,海淀区,距市中心14.4km
12443336,4.4,47,51,回龙观/天通苑地区,快餐简餐,昌平区,距市中心17.3km
12181474,4.4,47,17,,日本料理,昌平区,距市中心18.3km
4936767,4.4,46,96,通州运河商务区,北京菜,通州区,距市中心21.6km
12165088,4.4,46,33,劲松/潘家园地区,咖啡店,丰台区,距市中心6.7km
17513279,4.4,45,125,,火锅,朝阳区,距市中心14.1km
15471641,4.4,45,66,通州运河商务区,川菜,通州区,距市中心20km
120824497,4.4,45,121,国贸地区,烧烤,朝阳区,距市中心4.7km
7038738,4.4,44,95,望京/酒仙桥/798地区,云南菜,朝阳区,距市中心11.1km
22520215,4.4,44,164,,创意菜,大兴区,距市中心13.4km
12468788,4.4,44,83,,川菜,东城区,距市中心1.8km
17521298,4.4,44,30,,小吃,昌平区,距市中心30.3km
7022985,4.4,44,152,三里屯/工体/东直门地区,拉美料理,朝阳区,距市中心5.2km
273916,4.4,44,84,国展中心地区,川菜,东城区,距市中心5.7km
342060,4.4,44,94,,西北菜,东城区,距市中心666m
12109745,4.4,44,64,永定门/南站/大红门/南苑地区,川菜,丰台区,距市中心7.5km
4981828,4.4,43,117,,西餐,朝阳区,距市中心11.9km
15095799,4.4,43,108,,火锅,朝阳区,距市中心3.2km
17593332,4.4,43,132,昌平城区/十三陵度假区,火锅,昌平区,距市中心34.5km
15478897,4.4,43,106,国贸地区,火锅,东城区,距市中心3.5km
16094128,4.4,43,52,昌平城区/十三陵度假区,东北菜,昌平区,距市中心37.1km
4944055,4.4,43,28,天安门/王府井地区,面包甜点,西城区,距市中心4.2km
15882681,4.4,43,248,,西餐,朝阳区,距市中心7.7km
4940811,4.4,43,65,西直门/北京展览馆地区,川菜,海淀区,距市中心9km
14045333,4.4,42,24,沙河大学城/上庄地区,,昌平区,距市中心29.1km
332274,4.4,42,260,西单/金融街地区,粤菜,西城区,距市中心4km
16997052,4.4,41,37,大兴北京新机场地区,快餐简餐,大兴区,距市中心20.3km
15970611,4.4,41,70,首都机场/新国展地区,小吃,顺义区,距市中心24.3km
8593967,4.4,41,113,,火锅,门头沟区,距市中心26.1km
4948593,4.4,41,93,昌平城区/十三陵度假区,火锅,昌平区,距市中心39.1km
4937753,4.4,41,253,国贸地区,日本料理,朝阳区,距市中心4.7km
4936439,4.4,40,157,前门/天坛公园/崇文门,鲁菜,西城区,距市中心1.3km
4936684,4.4,40,111,西单/金融街地区,湘菜,西城区,距市中心3.7km
4989606,4.4,39,61,前门/天坛公园/崇文门,西餐,东城区,距市中心1.1km
16564946,4.4,39,17,,快餐简餐,丰台区,距市中心13.9km
12203592,4.4,39,185,,自助餐,大兴区,距市中心15.6km
8591317,4.4,39,64,大兴北京新机场地区,北京菜,大兴区,距市中心18.1km
4957216,4.4,39,72,公主坟/五棵松/石景山游乐园地区,烧烤,石景山区,距市中心18.3km
270275,4.4,39,127,三里屯/工体/东直门地区,烧烤,东城区,距市中心4.4km
22510690,4.4,38,314,望京/酒仙桥/798地区,自助餐,朝阳区,距市中心11.3km
15428777,4.4,38,103,大兴北京新机场地区,川菜,大兴区,距市中心18.1km
4976957,4.4,37,27,天安门/王府井地区,面包甜点,东城区,距市中心1.1km
4944853,4.4,37,108,,火锅,通州区,距市中心20km
12466331,4.4,37,38,,小吃,东城区,距市中心3.6km
15457036,4.4,37,309,西单/金融街地区,西餐,西城区,距市中心3.8km
12522282,4.4,37,283,西单/金融街地区,日本料理,西城区,距市中心4km
11511688,4.4,37,230,西直门/北京展览馆地区,自助餐,海淀区,距市中心7.4km
7029587,4.4,36,122,总部基地/丰台体育中心/南宫地区,烧烤,丰台区,距市中心11.8km
4940566,4.4,36,29,总部基地/丰台体育中心/南宫地区,西北菜,丰台区,距市中心14.1km
4958234,4.4,36,108,大兴北京新机场地区,北京菜,大兴区,距市中心16.1km
15959151,4.4,36,17,公主坟/五棵松/石景山游乐园地区,快餐简餐,石景山区,距市中心19.6km
8631746,4.4,36,28,三里屯/工体/东直门地区,,东城区,距市中心4.2km
16565386,4.4,36,137,西单/金融街地区,火锅,西城区,距市中心4.5km
12213529,4.4,35,70,,新疆菜,朝阳区,距市中心10.3km
4943002,4.4,35,145,公主坟/五棵松/石景山游乐园地区,,海淀区,距市中心16.6km
17000963,4.4,35,134,上地产业园/西三旗,湘菜,海淀区,距市中心17.3km
4954596,4.4,35,40,房山风景区,快餐简餐,房山区,距市中心30.1km
4938403,4.4,35,298,西单/金融街地区,自助餐,西城区,距市中心3.2km
17591160,4.4,35,23,沙河大学城/上庄地区,小吃,昌平区,距市中心32km
15988683,4.4,35,24,,快餐简餐,昌平区,距市中心38km
4951594,4.4,35,28,后海/南锣鼓巷地区,快餐简餐,东城区,距市中心4.2km
4936561,4.4,35,90,前门/天坛公园/崇文门,火锅,西城区,距市中心4.2km
22510822,4.4,35,124,后海/南锣鼓巷地区,湘菜,西城区,距市中心4km
13950459,4.4,35,35,,小吃,丰台区,距市中心7.4km
15998986,4.4,34,157,公主坟/五棵松/石景山游乐园地区,火锅,海淀区,距市中心11km
4980081,4.4,34,84,,韩国料理,大兴区,距市中心15.6km
242572,4.4,34,91,前门/天坛公园/崇文门,北京菜,西城区,距市中心1.6km
7037335,4.4,34,142,环球影城度假区及周边,火锅,通州区,距市中心22.1km
15587496,4.4,34,27,房山风景区,小吃,房山区,距市中心46.7km
93831561,4.4,34,65,国贸地区,粤菜,朝阳区,距市中心6.4km
7050130,4.4,34,628,燕莎/朝阳公园商业区,西餐,朝阳区,距市中心6.5km
4956435,4.4,33,40,中关村/五道口,小吃,海淀区,距市中心11.8km
7023101,4.4,33,121,前门/天坛公园/崇文门,烧烤,西城区,距市中心1.3km
12589576,4.4,33,79,沙河大学城/上庄地区,湘菜,海淀区,距市中心28.5km
8592714,4.4,33,114,永定门/南站/大红门/南苑地区,北京菜,西城区,距市中心3.7km
329501,4.4,33,60,西直门/北京展览馆地区,快餐简餐,西城区,距市中心5.7km
25034288,4.4,33,110,三里屯/工体/东直门地区,火锅,朝阳区,距市中心5km
264860,4.4,33,42,西直门/北京展览馆地区,快餐简餐,西城区,距市中心6km
17504633,4.4,33,27,国贸地区,面包甜点,朝阳区,距市中心9.8km
4959404,4.4,33,20,,快餐简餐,密云区,
16093948,4.4,32,104,大兴北京新机场地区,火锅,大兴区,距市中心11.5km
8277485,4.4,32,49,大兴北京新机场地区,面包甜点,大兴区,距市中心20.1km
4951745,4.4,32,100,后海/南锣鼓巷地区,火锅,东城区,距市中心3.7km
326861,4.4,32,143,后海/南锣鼓巷地区,鲁菜,西城区,距市中心4.4km
15099935,4.4,31,106,,火锅,海淀区,距市中心11km
15683973,4.4,31,283,传媒大学/管庄地区,自助餐,朝阳区,距市中心16.5km
16007886,4.4,31,45,,小吃,顺义区,距市中心32.5km
4955041,4.4,30,124,传媒大学/管庄地区,火锅,朝阳区,距市中心13.5km
4958116,4.4,30,41,,快餐简餐,海淀区,距市中心15.5km
17005344,4.4,30,138,回龙观/天通苑地区,火锅,昌平区,距市中心17.6km
11083800,4.4,30,22,环球影城度假区及周边,小吃,通州区,距市中心21.5km
4991246,4.4,30,42,房山风景区,面包甜点,房山区,距市中心30.6km
4953412,4.4,30,20,顺义温泉休闲区,小吃,顺义区,距市中心33.2km
450793,4.4,30,108,,韩国料理,西城区,距市中心5.4km
15099334,4.4,30,108,,火锅,海淀区,距市中心7.2km
196290,4.4,29,141,望京/酒仙桥/798地区,西餐,朝阳区,距市中心10.1km
17607677,4.4,29,35,总部基地/丰台体育中心/南宫地区,小吃,丰台区,距市中心12km
16566043,4.4,29,61,,面包甜点,海淀区,距市中心13.4km
8588788,4.4,29,121,,鲁菜,大兴区,距市中心13.8km
4940374,4.4,29,68,公主坟/五棵松/石景山游乐园地区,,石景山区,距市中心16.8km
17592689,4.4,29,95,亦庄地区,西餐,通州区,距市中心20.5km
4954816,4.4,29,37,后海/南锣鼓巷地区,面包甜点,西城区,距市中心4.4km
4953027,4.4,29,43,大兴北京新机场地区,小吃,大兴区,距市中心46km
201697,4.4,29,280,,西餐,东城区,距市中心4.9km
4937783,4.4,29,151,国贸地区,日本料理,朝阳区,距市中心5.7km
12944527,4.4,29,20,北京西站/丽泽商务区,快餐简餐,丰台区,距市中心7.7km
13823184,4.4,29,361,燕莎/朝阳公园商业区,日本料理,朝阳区,距市中心7km
4943882,4.4,29,105,,北京菜,海淀区,距市中心9.5km
4936061,4.4,28,98,公主坟/五棵松/石景山游乐园地区,北京菜,石景山区,距市中心17.8km
233176,4.4,28,71,亦庄地区,,通州区,距市中心18.8km
11180595,4.4,28,63,西单/金融街地区,咖啡店,西城区,距市中心5.2km
7041129,4.4,28,135,,新疆菜,海淀区,距市中心7.2km
17600052,4.4,28,94,延庆休闲度假区,面包甜点,延庆区,
15644521,4.4,27,21,望京/酒仙桥/798地区,面包甜点,朝阳区,距市中心10.1km
15924876,4.4,27,122,前门/天坛公园/崇文门,西餐,西城区,距市中心1.1km
5553626,4.4,27,41,上地产业园/西三旗,小吃,海淀区,距市中心14.8km
15585838,4.4,27,129,,火锅,海淀区,距市中心18km
15540153,4.4,27,68,亦庄地区,川菜,通州区,距市中心21.5km
4954832,4.4,27,133,昌平城区/十三陵度假区,烧烤,昌平区,距市中心36.6km
4938280,4.4,27,68,,火锅,昌平区,距市中心37.7km
15999757,4.4,27,18,,小吃,房山区,距市中心41.3km
4957235,4.4,27,188,三里屯/工体/东直门地区,日本料理,朝阳区,距市中心4.7km
12210241,4.4,27,36,三里屯/工体/东直门地区,小吃,东城区,距市中心4.9km
17607312,4.4,27,168,国贸地区,日本料理,朝阳区,距市中心5.7km
12670500,4.4,27,120,,火锅,朝阳区,距市中心6.5km
15898532,4.4,26,158,公主坟/五棵松/石景山游乐园地区,西餐,海淀区,距市中心11.1km
4941669,4.4,26,128,香山/八大处风景区,北京菜,海淀区,距市中心16.3km
8587996,4.4,26,18,房山风景区,面包甜点,房山区,距市中心42.5km
11580250,4.4,25,96,,火锅,门头沟区,距市中心25.3km
12087906,4.4,25,95,三里屯/工体/东直门地区,烧烤,东城区,距市中心4.5km
12199750,4.4,25,101,国展中心地区,火锅,朝阳区,距市中心6.4km
15474363,4.4,25,99,西直门/北京展览馆地区,火锅,海淀区,距市中心7.2km
11650796,4.4,25,166,古北水镇,西餐,密云区,
11165098,4.4,24,144,,火锅,朝阳区,距市中心10.3km
15947187,4.4,24,113,,烧烤,丰台区,距市中心10.5km
4967433,4.4,24,65,西直门/北京展览馆地区,西餐,海淀区,距市中心11.9km
263627,4.4,24,61,公主坟/五棵松/石景山游乐园地区,快餐简餐,石景山区,距市中心13.1km
21567032,4.4,24,81,前门/天坛公园/崇文门,川菜,东城区,距市中心3.2km
90654560,4.4,23,228,中关村/五道口,北京菜,海淀区,距市中心11.8km
16565459,4.4,23,159,公主坟/五棵松/石景山游乐园地区,北京菜,海淀区,距市中心11km
15906614,4.4,23,123,总部基地/丰台体育中心/南宫地区,徽菜,丰台区,距市中心12.8km
8585410,4.4,23,92,,火锅,大兴区,距市中心17.8km
25040634,4.4,23,169,公主坟/五棵松/石景山游乐园地区,西餐,石景山区,距市中心21.6km
7030267,4.4,23,31,首都机场/新国展地区,快餐简餐,顺义区,距市中心24.6km
4937213,4.4,23,42,,小吃,西城区,距市中心4.7km
11100756,4.4,23,27,国贸地区,快餐简餐,朝阳区,距市中心5.7km
15459490,4.4,23,15,天安门/王府井地区,面包甜点,东城区,距市中心874m
15501881,4.4,22,83,天安门/王府井地区,西餐,东城区,距市中心1.1km
11089739,4.4,22,70,上地产业园/西三旗,小吃,海淀区,距市中心17.5km
15473410,4.4,22,32,通州运河商务区,小吃,通州区,距市中心23.6km
15463417,4.4,22,93,沙河大学城/上庄地区,,海淀区,距市中心28.5km
13771350,4.4,22,126,北京站,火锅,东城区,距市中心3.5km
15475272,4.4,22,89,北京西站/丽泽商务区,咖啡店,西城区,距市中心4.7km
15096294,4.4,22,42,劲松/潘家园地区,小吃,朝阳区,距市中心4.9km
15667216,4.4,22,108,,火锅,朝阳区,距市中心5.5km
329346,4.4,22,69,西直门/北京展览馆地区,,西城区,距市中心6.5km
15502811,4.4,22,112,西直门/北京展览馆地区,烧烤,海淀区,距市中心6.9km
24563521,4.4,22,131,燕莎/朝阳公园商业区,火锅,朝阳区,距市中心7km
7043258,4.4,22,159,古北水镇,粤菜,密云区,
4965269,4.4,21,117,中关村/五道口,火锅,海淀区,距市中心11.6km
13957835,4.4,21,52,回龙观/天通苑地区,,昌平区,距市中心20km
15983423,4.4,21,80,门头沟/潭柘寺/妙峰山风景区,北京菜,海淀区,距市中心30.3km
4945114,4.4,21,16,昌平城区/十三陵度假区,小吃,昌平区,距市中心38km
12216265,4.4,21,25,,快餐简餐,西城区,距市中心4.2km
16566062,4.4,21,54,三里屯/工体/东直门地区,小吃,东城区,距市中心4km
7039320,4.4,21,96,天安门/王府井地区,日本料理,东城区,距市中心691m
4937660,4.4,20,99,,韩国料理,海淀区,距市中心11.4km
12210158,4.4,20,51,,小吃,海淀区,距市中心11.4km
20365654,4.4,20,138,,粤菜,海淀区,距市中心11.6km
16999277,4.4,20,23,,面包甜点,大兴区,距市中心13.6km
21408157,4.4,20,105,上地产业园/西三旗,江浙菜,海淀区,距市中心18.3km
17511965,4.4,20,0,,快餐简餐,通州区,距市中心18.5km
12199963,4.4,20,145,环球影城度假区及周边,火锅,通州区,距市中心23.3km
4940631,4.4,20,105,,火锅,西城区,距市中心2km
20613173,4.4,20,145,西单/金融街地区,东南亚菜,西城区,距市中心3km
18559739,4.4,20,121,三里屯/工体/东直门地区,东南亚菜,东城区,距市中心4.5km
7022461,4.4,20,42,三里屯/工体/东直门地区,快餐简餐,东城区,距市中心4km
78875440,4.4,20,142,国贸地区,日本料理,朝阳区,距市中心6.4km
15458731,4.4,20,132,,面包甜点,东城区,距市中心6.9km
4942228,4.4,20,171,,日本料理,东城区,距市中心7km
24948262,4.4,19,93,天安门/王府井地区,北京菜,东城区,距市中心1.3km
16572968,4.4,19,53,前门/天坛公园/崇文门,咖啡店,西城区,距市中心1.5km
341213,4.4,19,140,通州运河商务区,鲁菜,通州区,距市中心23.6km
119677174,4.4,19,291,环球影城度假区及周边,东南亚菜,通州区,距市中心23.8km
17002377,4.4,19,31,,面包甜点,西城区,距市中心2.7km
7047398,4.4,19,127,三里屯/工体/东直门地区,小吃,东城区,距市中心4.2km
4981242,4.4,19,0,西单/金融街地区,清真菜,西城区,距市中心4.7km
17004358,4.4,19,82,三里屯/工体/东直门地区,火锅,东城区,距市中心4km
16576506,4.4,18,146,中关村/五道口,西餐,海淀区,距市中心11.9km
17610771,4.4,18,34,中关村/五道口,小吃,海淀区,距市中心11km
12151374,4.4,18,80,,西餐,大兴区,距市中心16.6km
8540456,4.4,18,169,回龙观/天通苑地区,小吃,昌平区,距市中心18.5km
15469889,4.4,18,102,上地产业园/西三旗,日本料理,昌平区,距市中心18.8km
15494986,4.4,18,149,首都机场/新国展地区,火锅,顺义区,距市中心21.3km
11185858,4.4,18,84,通州运河商务区,火锅,通州区,距市中心24km
12204552,4.4,18,25,小汤山温泉度假区,川菜,昌平区,距市中心25.6km
12211889,4.4,18,51,三里屯/工体/东直门地区,韩国料理,朝阳区,距市中心3.5km
12183488,4.4,18,72,,云南菜,昌平区,距市中心37.8km
4980661,4.4,18,102,西单/金融街地区,东南亚菜,西城区,距市中心3km
4937023,4.4,18,177,,火锅,西城区,距市中心6km
7050077,4.4,18,42,天安门/王府井地区,面包甜点,东城区,距市中心761m
12490755,4.4,18,15,平谷城区,小吃,平谷区,
17602829,4.4,17,0,总部基地/丰台体育中心/南宫地区,火锅,丰台区,距市中心10.3km
16996399,4.4,17,84,公主坟/五棵松/石景山游乐园地区,韩国料理,海淀区,距市中心11.1km
16104190,4.4,17,72,中关村/五道口,,海淀区,距市中心11km
15650020,4.4,17,121,望京/酒仙桥/798地区,韩国料理,朝阳区,距市中心12km
15489289,4.4,17,67,公主坟/五棵松/石景山游乐园地区,,石景山区,距市中心16.3km
15550463,4.4,17,20,香山/八大处风景区,面包甜点,石景山区,距市中心21.1km
4944886,4.4,17,131,三里屯/工体/东直门地区,江浙菜,东城区,距市中心4.5km
16999408,4.4,17,65,,川菜,丰台区,距市中心6.7km
15479157,4.4,16,73,,北京菜,丰台区,距市中心10.4km
15684790,4.4,16,49,北京西站/丽泽商务区,北京菜,丰台区,距市中心10.4km
22484269,4.4,16,372,望京/酒仙桥/798地区,日本料理,朝阳区,距市中心11.3km
17512549,4.4,16,58,亦庄地区,川菜,大兴区,距市中心15.6km
8586833,4.4,16,90,,,通州区,距市中心18.5km
4951565,4.4,16,92,天安门/王府井地区,粤菜,东城区,距市中心1km
15584663,4.4,16,253,公主坟/五棵松/石景山游乐园地区,自助餐,石景山区,距市中心20.1km
12129640,4.4,16,101,亦庄地区,火锅,通州区,距市中心20.1km
15500812,4.4,16,40,大兴北京新机场地区,快餐简餐,大兴区,距市中心21km
12043383,4.4,16,30,房山风景区,面包甜点,房山区,距市中心29.6km
17589082,4.4,16,128,三里屯/工体/东直门地区,川菜,朝阳区,距市中心3.3km
4963471,4.4,16,50,,火锅,昌平区,距市中心36.5km
15971186,4.4,16,214,顺义温泉休闲区,湘菜,顺义区,距市中心38.6km
191741,4.4,16,40,房山风景区,,房山区,距市中心39km
4946164,4.4,16,184,西单/金融街地区,粤菜,西城区,距市中心4.5km
4939116,4.4,16,126,劲松/潘家园地区,火锅,朝阳区,距市中心5.9km
335769,4.4,16,40,北京西站/丽泽商务区,快餐简餐,丰台区,距市中心7.9km
4978824,4.4,16,145,,日本料理,朝阳区,距市中心7km
4955807,4.4,15,199,北京站,火锅,东城区,距市中心1.1km
15913392,4.4,15,26,上地产业园/西三旗,面包甜点,昌平区,距市中心18.5km
4942667,4.4,15,52,房山风景区,北京菜,房山区,距市中心31.1km
11601907,4.4,15,25,昌平城区/十三陵度假区,小吃,昌平区,距市中心36.3km
24918289,4.4,15,239,西单/金融街地区,西餐,西城区,距市中心3km
15455805,4.4,15,58,后海/南锣鼓巷地区,咖啡店,东城区,距市中心4.9km
21590454,4.4,15,155,国展中心地区,北京菜,朝阳区,距市中心7.7km
11639335,4.4,15,178,马甸/安贞地区,海鲜,海淀区,距市中心8.4km
12020008,4.4,15,79,国贸地区,咖啡店,朝阳区,距市中心9.3km
17588313,4.4,14,94,,粤菜,海淀区,距市中心11.3km
13461740,4.4,14,73,,西餐,石景山区,距市中心13.6km
11154077,4.4,14,174,前门/天坛公园/崇文门,日本料理,东城区,距市中心1.3km
15498545,4.4,14,91,上地产业园/西三旗,北京菜,海淀区,距市中心15.4km
13989935,4.4,14,17,,小吃,石景山区,距市中心18.1km
4952007,4.4,14,188,北京站,内蒙菜,东城区,距市中心1km
4986594,4.4,14,30,,小吃,东城区,距市中心2.3km
4978900,4.4,14,20,首都机场/新国展地区,快餐简餐,顺义区,距市中心26.3km
8509165,4.4,14,13,,面包甜点,房山区,距市中心42.6km
320214,4.4,14,69,,北京菜,东城区,距市中心437m
16001236,4.4,14,110,,日本料理,朝阳区,距市中心4.5km
11599821,4.4,14,32,西单/金融街地区,快餐简餐,西城区,距市中心4.5km
11098086,4.4,14,18,怀柔风景区,快餐简餐,怀柔区,距市中心47.6km
12094268,4.4,14,17,,咖啡店,东城区,距市中心4.7km
16564086,4.4,14,169,西单/金融街地区,火锅,西城区,距市中心4km
7048231,4.4,14,141,西直门/北京展览馆地区,火锅,西城区,距市中心6.2km
4935957,4.4,14,239,燕莎/朝阳公园商业区,川菜,朝阳区,距市中心6.5km
4980737,4.4,14,29,西直门/北京展览馆地区,西餐,海淀区,距市中心7.4km
15043598,4.4,14,38,北京西站/丽泽商务区,小吃,海淀区,距市中心7km
15098405,4.4,14,145,公主坟/五棵松/石景山游乐园地区,北京菜,海淀区,距市中心9.3km
4945824,4.4,13,28,中关村/五道口,日本料理,海淀区,距市中心10.9km
15478983,4.4,13,126,总部基地/丰台体育中心/南宫地区,火锅,丰台区,距市中心12km
13546185,4.4,13,19,上地产业园/西三旗,小吃,昌平区,距市中心18.8km
15660768,4.4,13,88,环球影城度假区及周边,火锅,通州区,距市中心20.8km
12207892,4.4,13,65,环球影城度假区及周边,川菜,通州区,距市中心24.8km
16559929,4.4,13,48,,东北菜,房山区,距市中心35.2km
16564170,4.4,13,43,,日本料理,西城区,距市中心3km
4965384,4.4,13,262,燕莎/朝阳公园商业区,西餐,朝阳区,距市中心7.2km
22517565,4.4,13,122,天安门/王府井地区,火锅,东城区,距市中心867m
15462328,4.4,13,65,,北京菜,平谷区,
7022369,4.4,12,119,,火锅,朝阳区,距市中心10.5km
22518564,4.4,12,57,亦庄地区,小吃,大兴区,距市中心15.3km
13625113,4.4,12,17,,小吃,石景山区,距市中心16.1km
15481967,4.4,12,37,公主坟/五棵松/石景山游乐园地区,素食,石景山区,距市中心17.8km
15478738,4.4,12,212,首都机场/新国展地区,西餐,顺义区,距市中心23.1km
4949963,4.4,12,98,,火锅,丰台区,距市中心23.8km
11399624,4.4,12,227,顺义温泉休闲区,北京菜,顺义区,距市中心25.8km
11199888,4.4,12,0,房山风景区,火锅,房山区,距市中心28km
12526837,4.4,12,114,前门/天坛公园/崇文门,火锅,西城区,距市中心3.6km
21399063,4.4,12,108,三里屯/工体/东直门地区,西餐,东城区,距市中心4km
13546040,4.4,12,82,西单/金融街地区,,西城区,距市中心5.7km
4944529,4.4,12,226,北京西站/丽泽商务区,自助餐,西城区,距市中心5.9km
12154243,4.4,12,115,永定门/南站/大红门/南苑地区,小吃,丰台区,距市中心6.9km
7039692,4.4,12,147,,徽菜,朝阳区,距市中心8.1km
13900495,4.4,12,36,永定门/南站/大红门/南苑地区,咖啡店,丰台区,距市中心8.4km
4937661,4.4,12,368,天安门/王府井地区,自助餐,东城区,距市中心865m
15502150,4.4,12,107,燕莎/朝阳公园商业区,烧烤,朝阳区,距市中心8km
12469890,4.4,12,67,延庆休闲度假区,,延庆区,
22514478,4.4,11,115,总部基地/丰台体育中心/南宫地区,火锅,丰台区,距市中心11.5km
4943224,4.4,11,51,前门/天坛公园/崇文门,小吃,西城区,距市中心1.3km
11284983,4.4,11,34,大兴北京新机场地区,小吃,大兴区,距市中心20.1km
16098118,4.4,11,23,回龙观/天通苑地区,小吃,昌平区,距市中心20km
4939494,4.4,11,51,西单/金融街地区,小吃,西城区,距市中心2.3km
12469074,4.4,11,379,首都机场/新国展地区,粤菜,顺义区,距市中心24.3km
15473482,4.4,11,39,,快餐简餐,门头沟区,距市中心25.3km
4991467,4.4,11,112,,火锅,昌平区,距市中心30.1km
15976331,4.4,11,116,,自助餐,昌平区,距市中心31.1km
195011,4.4,11,27,天安门/王府井地区,小吃,西城区,距市中心3.2km
6943567,4.4,11,137,后海/南锣鼓巷地区,东南亚菜,西城区,距市中心4.2km
4963610,4.4,11,39,,面包甜点,朝阳区,距市中心4.5km
8638122,4.4,11,101,,西餐,丰台区,距市中心4.9km
7030468,4.4,11,130,国贸地区,川菜,朝阳区,距市中心5.4km
17002433,4.4,11,16,西直门/北京展览馆地区,面包甜点,西城区,距市中心6.2km
4940008,4.4,11,52,中关村/五道口,小吃,海淀区,距市中心8.4km
4953872,4.4,11,118,北京西站/丽泽商务区,火锅,丰台区,距市中心9.5km
4937543,4.4,11,199,,日本料理,海淀区,距市中心9.5km
15099953,4.4,11,95,,川菜,朝阳区,距市中心9.8km
4957618,4.4,11,138,中关村/五道口,西北菜,海淀区,距市中心9km
11650782,4.4,11,34,古北水镇,咖啡店,密云区,
4941145,4.4,11,105,,农家菜,密云区,
15552723,4.4,10,96,,川菜,海淀区,距市中心11.5km
16104088,4.4,10,130,望京/酒仙桥/798地区,火锅,朝阳区,距市中心13.4km
12046393,4.4,10,30,总部基地/丰台体育中心/南宫地区,韩国料理,丰台区,距市中心13.5km
12217296,4.4,10,68,前门/天坛公园/崇文门,北京菜,西城区,距市中心1.5km
16576683,4.4,10,97,回龙观/天通苑地区,云南菜,昌平区,距市中心17.3km
15938364,4.4,10,68,上地产业园/西三旗,,海淀区,距市中心22.3km
4986480,4.4,10,15,回龙观/天通苑地区,,昌平区,距市中心22.3km
4942459,4.4,10,101,通州运河商务区,韩国料理,通州区,距市中心23.8km
17606230,4.4,10,103,首都机场/新国展地区,北京菜,顺义区,距市中心24.6km
4963692,4.4,10,0,沙河大学城/上庄地区,粤菜,昌平区,距市中心24km
4971989,4.4,10,0,小汤山温泉度假区,小吃,昌平区,距市中心25km
12205891,4.4,10,73,环球影城度假区及周边,东北菜,通州区,距市中心27.3km
4956737,4.4,10,70,前门/天坛公园/崇文门,东北菜,西城区,距市中心2.8km
4960688,4.4,10,135,沙河大学城/上庄地区,火锅,昌平区,距市中心29km
4941817,4.4,10,71,后海/南锣鼓巷地区,北京菜,东城区,距市中心3.2km
15632378,4.4,10,30,,小吃,房山区,距市中心35.6km
15965159,4.4,10,84,顺义温泉休闲区,韩国料理,顺义区,距市中心36.6km
12211619,4.4,10,40,后海/南锣鼓巷地区,小吃,西城区,距市中心4.5km
4943602,4.4,10,37,三里屯/工体/东直门地区,咖啡店,东城区,距市中心4km
17585704,4.4,10,92,劲松/潘家园地区,火锅,丰台区,距市中心5.2km
305206,4.4,10,0,西单/金融街地区,,西城区,距市中心5km
78890371,4.4,10,131,三里屯/工体/东直门地区,川菜,朝阳区,距市中心5km
196656,4.4,10,179,,西餐,西城区,距市中心6.5km
8585516,4.4,10,57,,西餐,海淀区,距市中心7.2km
4949668,4.4,10,106,劲松/潘家园地区,川菜,丰台区,距市中心7.2km
15300451,4.4,10,102,北京西站/丽泽商务区,火锅,西城区,距市中心7.5km
287065,4.4,10,98,马甸/安贞地区,东北菜,海淀区,距市中心7.9km
11599009,4.4,10,29,北京西站/丽泽商务区,快餐简餐,丰台区,距市中心8.1km
184921,4.4,10,394,,韩国料理,朝阳区,距市中心9.6km
5563849,4.4,10,0,怀柔风景区,北京菜,怀柔区,
17513241,4.4,9,127,北京西站/丽泽商务区,火锅,丰台区,距市中心10.3km
15100331,4.4,9,61,,韩国料理,朝阳区,距市中心10km
4938476,4.4,9,123,中关村/五道口,火锅,海淀区,距市中心11.9km
133537972,4.4,9,38,中关村/五道口,面包甜点,海淀区,距市中心12.3km
11449939,4.4,9,41,,快餐简餐,海淀区,距市中心12.5km
4942948,4.4,9,19,总部基地/丰台体育中心/南宫地区,快餐简餐,丰台区,距市中心12.5km
12742005,4.4,9,32,大兴北京新机场地区,快餐简餐,大兴区,距市中心14.6km
11330270,4.4,9,29,亦庄地区,快餐简餐,大兴区,距市中心14.9km
12525489,4.4,9,76,回龙观/天通苑地区,川菜,昌平区,距市中心18.8km
11598542,4.4,9,59,,新疆菜,通州区,距市中心21.6km
4948679,4.4,9,132,天安门/王府井地区,韩国料理,东城区,距市中心2.2km
11258157,4.4,9,22,房山风景区,快餐简餐,房山区,距市中心26.3km
16574103,4.4,9,19,房山风景区,快餐简餐,房山区,距市中心26.5km
316658,4.4,9,40,天安门/王府井地区,小吃,东城区,距市中心2.7km
4977875,4.4,9,83,房山风景区,云南菜,房山区,距市中心31.3km
8629163,4.4,9,108,昌平城区/十三陵度假区,,昌平区,距市中心39.1km
17511413,4.4,9,19,,快餐简餐,房山区,距市中心40.1km
15483153,4.4,9,55,大兴北京新机场地区,小吃,大兴区,距市中心45.6km
21584952,4.4,9,93,国贸地区,北京菜,朝阳区,距市中心4.7km
22520724,4.4,9,134,劲松/潘家园地区,烧烤,丰台区,距市中心5.4km
15457181,4.4,9,108,西直门/北京展览馆地区,火锅,西城区,距市中心5.7km
11355625,4.4,9,39,,小吃,朝阳区,距市中心6.2km
4958366,4.4,9,52,北京西站/丽泽商务区,川菜,海淀区,距市中心6.7km
11365143,4.4,9,277,北京西站/丽泽商务区,粤菜,西城区,距市中心6km
73388410,4.4,9,91,国展中心地区,湘菜,东城区,距市中心6km
4935941,4.4,9,160,马甸/安贞地区,西餐,朝阳区,距市中心7.2km
22407265,4.4,9,107,,火锅,朝阳区,距市中心7.5km
15577223,4.4,9,126,国展中心地区,东北菜,朝阳区,距市中心7km
4937001,4.4,9,26,北京西站/丽泽商务区,小吃,西城区,距市中心7km
4979081,4.4,9,91,永定门/南站/大红门/南苑地区,川菜,丰台区,距市中心8.4km
22520172,4.4,9,116,,火锅,海淀区,距市中心9.8km
12201997,4.4,9,70,,北京菜,昌平区,
4978079,4.4,8,111,北京西站/丽泽商务区,北京菜,丰台区,距市中心10.5km
11635827,4.4,8,76,,面包甜点,海淀区,距市中心11.5km
4936835,4.4,8,158,,西餐,海淀区,距市中心11.5km
15096515,4.4,8,91,大兴北京新机场地区,云南菜,大兴区,距市中心11.8km
15590055,4.4,8,151,中关村/五道口,,海淀区,距市中心11.8km
4992453,4.4,8,80,中关村/五道口,江浙菜,海淀区,距市中心12.1km
4949644,4.4,8,26,中关村/五道口,西餐,海淀区,距市中心12.1km
11477360,4.4,8,33,,快餐简餐,丰台区,距市中心12km
15473134,4.4,8,40,,咖啡店,丰台区,距市中心13.4km
8609285,4.4,8,69,大兴北京新机场地区,面包甜点,丰台区,距市中心13km
15928263,4.4,8,71,公主坟/五棵松/石景山游乐园地区,湘菜,石景山区,距市中心18.1km
15458607,4.4,8,63,,火锅,石景山区,距市中心18.3km
4941584,4.4,8,52,回龙观/天通苑地区,,昌平区,距市中心18km
8585892,4.4,8,95,大兴北京新机场地区,北京菜,大兴区,距市中心20.1km
11939052,4.4,8,104,,火锅,丰台区,距市中心23.1km
4953153,4.4,8,26,北京站,小吃,东城区,距市中心2.3km
15948855,4.4,8,88,沙河大学城/上庄地区,火锅,海淀区,距市中心24.8km
4953413,4.4,8,36,三里屯/工体/东直门地区,小吃,东城区,距市中心2.7km
13107788,4.4,8,52,,西餐,顺义区,距市中心32.5km
7042754,4.4,8,62,劲松/潘家园地区,韩国料理,朝阳区,距市中心4.7km
12091264,4.4,8,68,西直门/北京展览馆地区,川菜,西城区,距市中心5.4km
15491408,4.4,8,104,,东北菜,西城区,距市中心5.7km
4983983,4.4,8,125,国贸地区,西餐,朝阳区,距市中心6km
15479232,4.4,8,35,国展中心地区,面包甜点,东城区,距市中心6km
15460007,4.4,8,17,,小吃,海淀区,距市中心8.8km
15490078,4.4,8,35,,面包甜点,海淀区,距市中心8.8km
4963928,4.4,8,38,西直门/北京展览馆地区,小吃,海淀区,距市中心8.9km
22520778,4.4,8,225,天安门/王府井地区,北京菜,东城区,距市中心952m
296303,4.4,8,34,,快餐简餐,海淀区,距市中心9.5km
223949,4.4,8,67,西直门/北京展览馆地区,川菜,海淀区,距市中心9.5km
11997925,4.4,8,31,,快餐简餐,海淀区,距市中心9.8km
15464204,4.4,8,216,中关村/五道口,北京菜,海淀区,距市中心9.9km
17508314,4.4,8,48,古北水镇,小吃,密云区,
7042474,4.4,8,108,古北水镇,,密云区,
5559750,4.4,8,45,,,平谷区,
13995713,4.4,8,0,延庆休闲度假区,快餐简餐,延庆区,
8277859,4.4,7,70,大兴北京新机场地区,北京菜,大兴区,距市中心10.3km
22521433,4.4,7,35,,快餐简餐,海淀区,距市中心11.3km
4942783,4.4,7,56,总部基地/丰台体育中心/南宫地区,快餐简餐,丰台区,距市中心11.5km
18482284,4.4,7,57,,咖啡店,朝阳区,距市中心11.6km
16098829,4.4,7,70,,江浙菜,海淀区,距市中心11.6km
4991933,4.4,7,34,,小吃,丰台区,距市中心13.4km
8624284,4.4,7,85,传媒大学/管庄地区,北京菜,朝阳区,距市中心15.5km
12201339,4.4,7,39,,日本料理,大兴区,距市中心16.8km
17588617,4.4,7,13,,面包甜点,石景山区,距市中心20.1km
4949691,4.4,7,39,回龙观/天通苑地区,,昌平区,距市中心21.1km
15481966,4.4,7,17,香山/八大处风景区,小吃,石景山区,距市中心21.1km
4940755,4.4,7,70,香山/八大处风景区,火锅,石景山区,距市中心21.3km
13013353,4.4,7,21,房山风景区,面包甜点,房山区,距市中心23.6km
13246325,4.4,7,31,环球影城度假区及周边,快餐简餐,通州区,距市中心26.1km
17001031,4.4,7,140,,海鲜,房山区,距市中心27.3km
4971869,4.4,7,58,沙河大学城/上庄地区,,昌平区,距市中心28.6km
8588985,4.4,7,182,,北京菜,顺义区,距市中心32.5km
15902091,4.4,7,52,房山风景区,小吃,房山区,距市中心39km
4966858,4.4,7,81,,,西城区,距市中心3km
4991462,4.4,7,83,昌平城区/十三陵度假区,火锅,昌平区,距市中心43.6km
17002434,4.4,7,89,,火锅,东城区,距市中心4.4km
13771377,4.4,7,47,西直门/北京展览馆地区,小吃,西城区,距市中心4.5km
320330,4.4,7,49,房山风景区,川菜,房山区,距市中心46.2km
283811,4.4,7,46,北京西站/丽泽商务区,小吃,西城区,距市中心4.7km
15457111,4.4,7,59,前门/天坛公园/崇文门,小吃,西城区,距市中心4km
17590032,4.4,7,100,三里屯/工体/东直门地区,火锅,朝阳区,距市中心5.4km
129611163,4.4,7,49,国展中心地区,咖啡店,东城区,距市中心5.7km
17520389,4.4,7,166,,日本料理,朝阳区,距市中心6.4km
4959172,4.4,7,240,,海鲜,丰台区,距市中心7km
328080,4.4,7,114,中关村/五道口,新疆菜,海淀区,距市中心8.8km
7048355,4.4,7,124,中关村/五道口,火锅,海淀区,距市中心9.3km
17600510,4.4,7,99,,川菜,海淀区,距市中心9.3km
17511194,4.4,7,27,古北水镇,烧烤,密云区,
12466957,4.4,7,51,延庆休闲度假区,,延庆区,
17512148,4.4,7,22,密云城区,快餐简餐,密云区,
7027227,4.4,7,54,密云城区,小吃,密云区,
12469418,4.4,7,82,,火锅,密云区,
4938459,4.4,6,249,中关村/五道口,江浙菜,海淀区,距市中心10.5km
4956301,4.4,6,57,中关村/五道口,咖啡店,海淀区,距市中心12km
15464198,4.4,6,96,,西餐,大兴区,距市中心13.3km
8596290,4.4,6,163,回龙观/天通苑地区,本帮菜,昌平区,距市中心22.1km
12202918,4.4,6,84,小汤山温泉度假区,农家菜,昌平区,距市中心27.6km
4969266,4.4,6,37,,咖啡店,东城区,距市中心3.8km
4959512,4.4,6,0,房山风景区,火锅,房山区,距市中心40.7km
4966812,4.4,6,37,,咖啡店,丰台区,距市中心5km
122775925,4.4,6,136,,江浙菜,海淀区,距市中心6.5km
4936531,4.4,6,28,,小吃,西城区,距市中心7.5km
4939041,4.4,6,12,西直门/北京展览馆地区,快餐简餐,海淀区,距市中心9.1km
18564353,4.4,5,119,北京西站/丽泽商务区,北京菜,丰台区,距市中心10.5km
17596361,4.4,5,94,,,朝阳区,距市中心10.8km
8584826,4.4,5,60,大兴北京新机场地区,小吃,大兴区,距市中心10.9km
18621724,4.4,5,119,,火锅,海淀区,距市中心11.5km
15100327,4.4,5,126,大兴北京新机场地区,烧烤,大兴区,距市中心11.8km
4992462,4.4,5,37,天安门/王府井地区,小吃,东城区,距市中心1.1km
4993360,4.4,5,49,总部基地/丰台体育中心/南宫地区,咖啡店,丰台区,距市中心12.1km
4941890,4.4,5,5,,快餐简餐,海淀区,距市中心12.5km
335773,4.4,5,45,,快餐简餐,海淀区,距市中心12km
8607688,4.4,5,53,亦庄地区,,大兴区,距市中心13.4km
11550111,4.4,5,63,,西餐,大兴区,距市中心13.9km
4955402,4.4,5,204,中关村/五道口,粤菜,海淀区,距市中心13km
18589933,4.4,5,17,,面包甜点,石景山区,距市中心15.5km
214955,4.4,5,168,北京站,自助餐,东城区,距市中心1.5km
21585378,4.4,5,88,,其他,大兴区,距市中心16.1km
8553159,4.4,5,100,大兴北京新机场地区,川菜,大兴区,距市中心18.1km
12129143,4.4,5,30,公主坟/五棵松/石景山游乐园地区,面包甜点,石景山区,距市中心18.1km
4989534,4.4,5,22,上地产业园/西三旗,小吃,海淀区,距市中心18.5km
4980667,4.4,5,185,回龙观/天通苑地区,面包甜点,昌平区,距市中心19.6km
21136397,4.4,5,36,回龙观/天通苑地区,快餐简餐,昌平区,距市中心20.1km
120796507,4.4,5,176,香山/八大处风景区,北京菜,海淀区,距市中心20km
4979802,4.4,5,41,环球影城度假区及周边,咖啡店,通州区,距市中心22.1km
4965849,4.4,5,100,首都机场/新国展地区,东北菜,顺义区,距市中心22.5km
130982089,4.4,5,86,环球影城度假区及周边,西餐,通州区,距市中心23.8km
78690139,4.4,5,28,,小吃,门头沟区,距市中心24.1km
308142,4.4,5,56,通州运河商务区,小吃,通州区,距市中心24.5km
5560687,4.4,5,36,,快餐简餐,门头沟区,距市中心25.3km
4964028,4.4,5,131,环球影城度假区及周边,火锅,通州区,距市中心25.8km
18561603,4.4,5,158,顺义温泉休闲区,川菜,顺义区,距市中心26.1km
4974358,4.4,5,65,环球影城度假区及周边,火锅,通州区,距市中心26.1km
4949118,4.4,5,125,小汤山温泉度假区,其他,昌平区,距市中心28.1km
271998,4.4,5,80,小汤山温泉度假区,,昌平区,距市中心28km
15896332,4.4,5,76,顺义温泉休闲区,火锅,顺义区,距市中心30.5km
12208065,4.4,5,20,房山风景区,川菜,房山区,距市中心30km
15572374,4.4,5,29,沙河大学城/上庄地区,,昌平区,距市中心31.3km
4945737,4.4,5,82,房山风景区,农家菜,房山区,距市中心32.2km
17598487,4.4,5,53,西单/金融街地区,面包甜点,西城区,距市中心3.7km
4946216,4.4,5,33,前门/天坛公园/崇文门,快餐简餐,西城区,距市中心3km
12467946,4.4,5,104,前门/天坛公园/崇文门,火锅,东城区,距市中心3km
7038195,4.4,5,60,顺义温泉休闲区,北京菜,顺义区,距市中心40.1km
302942,4.4,5,71,,北京菜,房山区,距市中心42.5km
4938340,4.4,5,88,昌平城区/十三陵度假区,火锅,昌平区,距市中心44.6km
15920688,4.4,5,26,,面包甜点,东城区,距市中心4km
4944216,4.4,5,27,永定门/南站/大红门/南苑地区,快餐简餐,丰台区,距市中心5.7km
17000808,4.4,5,167,三里屯/工体/东直门地区,面包甜点,朝阳区,距市中心5km
4957979,4.4,5,46,西直门/北京展览馆地区,咖啡店,西城区,距市中心6.2km
17515521,4.4,5,94,国展中心地区,粤菜,朝阳区,距市中心8.3km
13779215,4.4,5,47,马甸/安贞地区,,海淀区,距市中心8.5km
120835001,4.4,5,25,西直门/北京展览馆地区,小吃,海淀区,距市中心8.5km
122739180,4.4,5,103,公主坟/五棵松/石景山游乐园地区,川菜,海淀区,距市中心9.4km
15471236,4.4,5,109,亚运村/奥体中心地区,海鲜,朝阳区,距市中心9.5km
20612047,4.4,5,79,,川菜,大兴区,距市中心9.5km
4948182,4.4,5,334,公主坟/五棵松/石景山游乐园地区,,海淀区,距市中心9.5km
4939788,4.4,5,119,,湘菜,海淀区,距市中心9km
11650785,4.4,5,0,古北水镇,茶馆/茶室,密云区,
7026507,4.4,5,43,顺义温泉休闲区,小吃,顺义区,
16999056,4.4,5,62,平谷城区,北京菜,平谷区,
7025781,4.4,5,0,延庆休闲度假区,北京菜,延庆区,
7022249,4.4,5,60,延庆休闲度假区,,延庆区,
